0 verbose cli C:\Program Files\nodejs\node.exe C:\Program Files\nodejs\node_modules\npm\bin\npm-cli.js
1 info using npm@10.9.3
2 info using node@v22.20.0
3 silly config load:file:C:\Program Files\nodejs\node_modules\npm\npmrc
4 silly config load:file:E:\Abhivyakti\frontend\.npmrc
5 silly config load:file:C:\Users\user\.npmrc
6 silly config load:file:C:\npm-global\etc\npmrc
7 verbose title npm install
8 verbose argv "install"
9 verbose logfile logs-max:10 dir:E:\Abhivyakti\frontend\.npm-cache\_logs\2026-05-23T18_00_50_879Z-
10 verbose logfile E:\Abhivyakti\frontend\.npm-cache\_logs\2026-05-23T18_00_50_879Z-debug-0.log
11 silly logfile start cleaning logs, removing 1 files
12 silly packumentCache heap:2197815296 maxSize:549453824 maxEntrySize:274726912
13 silly logfile done cleaning log files
14 silly idealTree buildDeps
15 verbose shrinkwrap failed to load node_modules/.package-lock.json out of date, updated: node_modules
16 silly reify mark retired [
16 silly reify   'E:\\Abhivyakti\\frontend\\node_modules\\esprima',
16 silly reify   'E:\\Abhivyakti\\frontend\\node_modules\\.bin\\esparse',
16 silly reify   'E:\\Abhivyakti\\frontend\\node_modules\\.bin\\esparse.cmd',
16 silly reify   'E:\\Abhivyakti\\frontend\\node_modules\\.bin\\esparse.ps1',
16 silly reify   'E:\\Abhivyakti\\frontend\\node_modules\\.bin\\esvalidate',
16 silly reify   'E:\\Abhivyakti\\frontend\\node_modules\\.bin\\esvalidate.cmd',
16 silly reify   'E:\\Abhivyakti\\frontend\\node_modules\\.bin\\esvalidate.ps1'
16 silly reify ]
17 silly reify mark retired [
17 silly reify   'E:\\Abhivyakti\\frontend\\node_modules\\html-minifier-terser',
17 silly reify   'E:\\Abhivyakti\\frontend\\node_modules\\.bin\\html-minifier-terser',
17 silly reify   'E:\\Abhivyakti\\frontend\\node_modules\\.bin\\html-minifier-terser.cmd',
17 silly reify   'E:\\Abhivyakti\\frontend\\node_modules\\.bin\\html-minifier-terser.ps1'
17 silly reify ]
18 silly reify mark retired [
18 silly reify   'E:\\Abhivyakti\\frontend\\node_modules\\he',
18 silly reify   'E:\\Abhivyakti\\frontend\\node_modules\\.bin\\he',
18 silly reify   'E:\\Abhivyakti\\frontend\\node_modules\\.bin\\he.cmd',
18 silly reify   'E:\\Abhivyakti\\frontend\\node_modules\\.bin\\he.ps1'
18 silly reify ]
19 silly reify mark retired [
19 silly reify   'E:\\Abhivyakti\\frontend\\node_modules\\import-local',
19 silly reify   'E:\\Abhivyakti\\frontend\\node_modules\\.bin\\import-local-fixture',
19 silly reify   'E:\\Abhivyakti\\frontend\\node_modules\\.bin\\import-local-fixture.cmd',
19 silly reify   'E:\\Abhivyakti\\frontend\\node_modules\\.bin\\import-local-fixture.ps1'
19 silly reify ]
20 silly reify mark retired [
20 silly reify   'E:\\Abhivyakti\\frontend\\node_modules\\jest',
20 silly reify   'E:\\Abhivyakti\\frontend\\node_modules\\.bin\\jest',
20 silly reify   'E:\\Abhivyakti\\frontend\\node_modules\\.bin\\jest.cmd',
20 silly reify   'E:\\Abhivyakti\\frontend\\node_modules\\.bin\\jest.ps1'
20 silly reify ]
21 silly reify mark retired [
21 silly reify   'E:\\Abhivyakti\\frontend\\node_modules\\jest-cli',
21 silly reify   'E:\\Abhivyakti\\frontend\\node_modules\\.bin\\jest',
21 silly reify   'E:\\Abhivyakti\\frontend\\node_modules\\.bin\\jest.cmd',
21 silly reify   'E:\\Abhivyakti\\frontend\\node_modules\\.bin\\jest.ps1'
21 silly reify ]
22 silly reify mark retired [
22 silly reify   'E:\\Abhivyakti\\frontend\\node_modules\\jake',
22 silly reify   'E:\\Abhivyakti\\frontend\\node_modules\\.bin\\jake',
22 silly reify   'E:\\Abhivyakti\\frontend\\node_modules\\.bin\\jake.cmd',
22 silly reify   'E:\\Abhivyakti\\frontend\\node_modules\\.bin\\jake.ps1'
22 silly reify ]
23 silly reify mark retired [
23 silly reify   'E:\\Abhivyakti\\frontend\\node_modules\\is-docker',
23 silly reify   'E:\\Abhivyakti\\frontend\\node_modules\\.bin\\is-docker',
23 silly reify   'E:\\Abhivyakti\\frontend\\node_modules\\.bin\\is-docker.cmd',
23 silly reify   'E:\\Abhivyakti\\frontend\\node_modules\\.bin\\is-docker.ps1'
23 silly reify ]
24 silly reify mark retired [
24 silly reify   'E:\\Abhivyakti\\frontend\\node_modules\\js-yaml',
24 silly reify   'E:\\Abhivyakti\\frontend\\node_modules\\.bin\\js-yaml',
24 silly reify   'E:\\Abhivyakti\\frontend\\node_modules\\.bin\\js-yaml.cmd',
24 silly reify   'E:\\Abhivyakti\\frontend\\node_modules\\.bin\\js-yaml.ps1'
24 silly reify ]
25 silly reify mark retired [
25 silly reify   'E:\\Abhivyakti\\frontend\\node_modules\\jiti',
25 silly reify   'E:\\Abhivyakti\\frontend\\node_modules\\.bin\\jiti',
25 silly reify   'E:\\Abhivyakti\\frontend\\node_modules\\.bin\\jiti.cmd',
25 silly reify   'E:\\Abhivyakti\\frontend\\node_modules\\.bin\\jiti.ps1'
25 silly reify ]
26 silly reify mark retired [
26 silly reify   'E:\\Abhivyakti\\frontend\\node_modules\\jsesc',
26 silly reify   'E:\\Abhivyakti\\frontend\\node_modules\\.bin\\jsesc',
26 silly reify   'E:\\Abhivyakti\\frontend\\node_modules\\.bin\\jsesc.cmd',
26 silly reify   'E:\\Abhivyakti\\frontend\\node_modules\\.bin\\jsesc.ps1'
26 silly reify ]
27 silly reify mark retired [
27 silly reify   'E:\\Abhivyakti\\frontend\\node_modules\\json5',
27 silly reify   'E:\\Abhivyakti\\frontend\\node_modules\\.bin\\json5',
27 silly reify   'E:\\Abhivyakti\\frontend\\node_modules\\.bin\\json5.cmd',
27 silly reify   'E:\\Abhivyakti\\frontend\\node_modules\\.bin\\json5.ps1'
27 silly reify ]
28 silly reify mark retired [
28 silly reify   'E:\\Abhivyakti\\frontend\\node_modules\\lz-string',
28 silly reify   'E:\\Abhivyakti\\frontend\\node_modules\\.bin\\lz-string',
28 silly reify   'E:\\Abhivyakti\\frontend\\node_modules\\.bin\\lz-string.cmd',
28 silly reify   'E:\\Abhivyakti\\frontend\\node_modules\\.bin\\lz-string.ps1'
28 silly reify ]
29 silly reify mark retired [
29 silly reify   'E:\\Abhivyakti\\frontend\\node_modules\\mkdirp',
29 silly reify   'E:\\Abhivyakti\\frontend\\node_modules\\.bin\\mkdirp',
29 silly reify   'E:\\Abhivyakti\\frontend\\node_modules\\.bin\\mkdirp.cmd',
29 silly reify   'E:\\Abhivyakti\\frontend\\node_modules\\.bin\\mkdirp.ps1'
29 silly reify ]
30 silly reify mark retired [
30 silly reify   'E:\\Abhivyakti\\frontend\\node_modules\\loose-envify',
30 silly reify   'E:\\Abhivyakti\\frontend\\node_modules\\.bin\\loose-envify',
30 silly reify   'E:\\Abhivyakti\\frontend\\node_modules\\.bin\\loose-envify.cmd',
30 silly reify   'E:\\Abhivyakti\\frontend\\node_modules\\.bin\\loose-envify.ps1'
30 silly reify ]
31 silly reify mark retired [
31 silly reify   'E:\\Abhivyakti\\frontend\\node_modules\\multicast-dns',
31 silly reify   'E:\\Abhivyakti\\frontend\\node_modules\\.bin\\multicast-dns',
31 silly reify   'E:\\Abhivyakti\\frontend\\node_modules\\.bin\\multicast-dns.cmd',
31 silly reify   'E:\\Abhivyakti\\frontend\\node_modules\\.bin\\multicast-dns.ps1'
31 silly reify ]
32 silly reify mark retired [
32 silly reify   'E:\\Abhivyakti\\frontend\\node_modules\\mime',
32 silly reify   'E:\\Abhivyakti\\frontend\\node_modules\\.bin\\mime',
32 silly reify   'E:\\Abhivyakti\\frontend\\node_modules\\.bin\\mime.cmd',
32 silly reify   'E:\\Abhivyakti\\frontend\\node_modules\\.bin\\mime.ps1'
32 silly reify ]
33 silly reify mark retired [
33 silly reify   'E:\\Abhivyakti\\frontend\\node_modules\\nanoid',
33 silly reify   'E:\\Abhivyakti\\frontend\\node_modules\\.bin\\nanoid',
33 silly reify   'E:\\Abhivyakti\\frontend\\node_modules\\.bin\\nanoid.cmd',
33 silly reify   'E:\\Abhivyakti\\frontend\\node_modules\\.bin\\nanoid.ps1'
33 silly reify ]
34 silly reify mark retired [
34 silly reify   'E:\\Abhivyakti\\frontend\\node_modules\\react-scripts',
34 silly reify   'E:\\Abhivyakti\\frontend\\node_modules\\.bin\\react-scripts',
34 silly reify   'E:\\Abhivyakti\\frontend\\node_modules\\.bin\\react-scripts.cmd',
34 silly reify   'E:\\Abhivyakti\\frontend\\node_modules\\.bin\\react-scripts.ps1'
34 silly reify ]
35 silly reify mark retired [
35 silly reify   'E:\\Abhivyakti\\frontend\\node_modules\\regjsparser',
35 silly reify   'E:\\Abhivyakti\\frontend\\node_modules\\.bin\\regjsparser',
35 silly reify   'E:\\Abhivyakti\\frontend\\node_modules\\.bin\\regjsparser.cmd',
35 silly reify   'E:\\Abhivyakti\\frontend\\node_modules\\.bin\\regjsparser.ps1'
35 silly reify ]
36 silly reify mark retired [
36 silly reify   'E:\\Abhivyakti\\frontend\\node_modules\\rimraf',
36 silly reify   'E:\\Abhivyakti\\frontend\\node_modules\\.bin\\rimraf',
36 silly reify   'E:\\Abhivyakti\\frontend\\node_modules\\.bin\\rimraf.cmd',
36 silly reify   'E:\\Abhivyakti\\frontend\\node_modules\\.bin\\rimraf.ps1'
36 silly reify ]
37 silly reify mark retired [
37 silly reify   'E:\\Abhivyakti\\frontend\\node_modules\\resolve',
37 silly reify   'E:\\Abhivyakti\\frontend\\node_modules\\.bin\\resolve',
37 silly reify   'E:\\Abhivyakti\\frontend\\node_modules\\.bin\\resolve.cmd',
37 silly reify   'E:\\Abhivyakti\\frontend\\node_modules\\.bin\\resolve.ps1'
37 silly reify ]
38 silly reify mark retired [
38 silly reify   'E:\\Abhivyakti\\frontend\\node_modules\\rollup',
38 silly reify   'E:\\Abhivyakti\\frontend\\node_modules\\.bin\\rollup',
38 silly reify   'E:\\Abhivyakti\\frontend\\node_modules\\.bin\\rollup.cmd',
38 silly reify   'E:\\Abhivyakti\\frontend\\node_modules\\.bin\\rollup.ps1'
38 silly reify ]
39 silly reify mark retired [
39 silly reify   'E:\\Abhivyakti\\frontend\\node_modules\\semver',
39 silly reify   'E:\\Abhivyakti\\frontend\\node_modules\\.bin\\semver',
39 silly reify   'E:\\Abhivyakti\\frontend\\node_modules\\.bin\\semver.cmd',
39 silly reify   'E:\\Abhivyakti\\frontend\\node_modules\\.bin\\semver.ps1'
39 silly reify ]
40 silly reify mark retired [
40 silly reify   'E:\\Abhivyakti\\frontend\\node_modules\\sucrase',
40 silly reify   'E:\\Abhivyakti\\frontend\\node_modules\\.bin\\sucrase',
40 silly reify   'E:\\Abhivyakti\\frontend\\node_modules\\.bin\\sucrase.cmd',
40 silly reify   'E:\\Abhivyakti\\frontend\\node_modules\\.bin\\sucrase.ps1',
40 silly reify   'E:\\Abhivyakti\\frontend\\node_modules\\.bin\\sucrase-node',
40 silly reify   'E:\\Abhivyakti\\frontend\\node_modules\\.bin\\sucrase-node.cmd',
40 silly reify   'E:\\Abhivyakti\\frontend\\node_modules\\.bin\\sucrase-node.ps1'
40 silly reify ]
41 silly reify mark retired [
41 silly reify   'E:\\Abhivyakti\\frontend\\node_modules\\svgo',
41 silly reify   'E:\\Abhivyakti\\frontend\\node_modules\\.bin\\svgo',
41 silly reify   'E:\\Abhivyakti\\frontend\\node_modules\\.bin\\svgo.cmd',
41 silly reify   'E:\\Abhivyakti\\frontend\\node_modules\\.bin\\svgo.ps1'
41 silly reify ]
42 silly reify mark retired [
42 silly reify   'E:\\Abhivyakti\\frontend\\node_modules\\tailwindcss',
42 silly reify   'E:\\Abhivyakti\\frontend\\node_modules\\.bin\\tailwind',
42 silly reify   'E:\\Abhivyakti\\frontend\\node_modules\\.bin\\tailwind.cmd',
42 silly reify   'E:\\Abhivyakti\\frontend\\node_modules\\.bin\\tailwind.ps1',
42 silly reify   'E:\\Abhivyakti\\frontend\\node_modules\\.bin\\tailwindcss',
42 silly reify   'E:\\Abhivyakti\\frontend\\node_modules\\.bin\\tailwindcss.cmd',
42 silly reify   'E:\\Abhivyakti\\frontend\\node_modules\\.bin\\tailwindcss.ps1'
42 silly reify ]
43 silly reify mark retired [
43 silly reify   'E:\\Abhivyakti\\frontend\\node_modules\\terser',
43 silly reify   'E:\\Abhivyakti\\frontend\\node_modules\\.bin\\terser',
43 silly reify   'E:\\Abhivyakti\\frontend\\node_modules\\.bin\\terser.cmd',
43 silly reify   'E:\\Abhivyakti\\frontend\\node_modules\\.bin\\terser.ps1'
43 silly reify ]
44 silly reify mark retired [
44 silly reify   'E:\\Abhivyakti\\frontend\\node_modules\\update-browserslist-db',
44 silly reify   'E:\\Abhivyakti\\frontend\\node_modules\\.bin\\update-browserslist-db',
44 silly reify   'E:\\Abhivyakti\\frontend\\node_modules\\.bin\\update-browserslist-db.cmd',
44 silly reify   'E:\\Abhivyakti\\frontend\\node_modules\\.bin\\update-browserslist-db.ps1'
44 silly reify ]
45 silly reify mark retired [
45 silly reify   'E:\\Abhivyakti\\frontend\\node_modules\\uuid',
45 silly reify   'E:\\Abhivyakti\\frontend\\node_modules\\.bin\\uuid',
45 silly reify   'E:\\Abhivyakti\\frontend\\node_modules\\.bin\\uuid.cmd',
45 silly reify   'E:\\Abhivyakti\\frontend\\node_modules\\.bin\\uuid.ps1'
45 silly reify ]
46 silly reify mark retired [
46 silly reify   'E:\\Abhivyakti\\frontend\\node_modules\\typescript',
46 silly reify   'E:\\Abhivyakti\\frontend\\node_modules\\.bin\\tsc',
46 silly reify   'E:\\Abhivyakti\\frontend\\node_modules\\.bin\\tsc.cmd',
46 silly reify   'E:\\Abhivyakti\\frontend\\node_modules\\.bin\\tsc.ps1',
46 silly reify   'E:\\Abhivyakti\\frontend\\node_modules\\.bin\\tsserver',
46 silly reify   'E:\\Abhivyakti\\frontend\\node_modules\\.bin\\tsserver.cmd',
46 silly reify   'E:\\Abhivyakti\\frontend\\node_modules\\.bin\\tsserver.ps1'
46 silly reify ]
47 silly reify mark retired [
47 silly reify   'E:\\Abhivyakti\\frontend\\node_modules\\webpack',
47 silly reify   'E:\\Abhivyakti\\frontend\\node_modules\\.bin\\webpack',
47 silly reify   'E:\\Abhivyakti\\frontend\\node_modules\\.bin\\webpack.cmd',
47 silly reify   'E:\\Abhivyakti\\frontend\\node_modules\\.bin\\webpack.ps1'
47 silly reify ]
48 silly reify mark retired [
48 silly reify   'E:\\Abhivyakti\\frontend\\node_modules\\webpack-dev-server',
48 silly reify   'E:\\Abhivyakti\\frontend\\node_modules\\.bin\\webpack-dev-server',
48 silly reify   'E:\\Abhivyakti\\frontend\\node_modules\\.bin\\webpack-dev-server.cmd',
48 silly reify   'E:\\Abhivyakti\\frontend\\node_modules\\.bin\\webpack-dev-server.ps1'
48 silly reify ]
49 silly reify mark retired [
49 silly reify   'E:\\Abhivyakti\\frontend\\node_modules\\which',
49 silly reify   'E:\\Abhivyakti\\frontend\\node_modules\\.bin\\node-which',
49 silly reify   'E:\\Abhivyakti\\frontend\\node_modules\\.bin\\node-which.cmd',
49 silly reify   'E:\\Abhivyakti\\frontend\\node_modules\\.bin\\node-which.ps1'
49 silly reify ]
50 silly reify moves {
50 silly reify   'E:\\Abhivyakti\\frontend\\node_modules\\esprima': 'E:\\Abhivyakti\\frontend\\node_modules\\.esprima-JUBVCjkW',
50 silly reify   'E:\\Abhivyakti\\frontend\\node_modules\\.bin\\esparse': 'E:\\Abhivyakti\\frontend\\node_modules\\.bin\\.esparse-w8yyuq0V',
50 silly reify   'E:\\Abhivyakti\\frontend\\node_modules\\.bin\\esparse.cmd': 'E:\\Abhivyakti\\frontend\\node_modules\\.bin\\.esparse.cmd-pnObtRI9',
50 silly reify   'E:\\Abhivyakti\\frontend\\node_modules\\.bin\\esparse.ps1': 'E:\\Abhivyakti\\frontend\\node_modules\\.bin\\.esparse.ps1-ZQQlm0T6',
50 silly reify   'E:\\Abhivyakti\\frontend\\node_modules\\.bin\\esvalidate': 'E:\\Abhivyakti\\frontend\\node_modules\\.bin\\.esvalidate-oDDupvmm',
50 silly reify   'E:\\Abhivyakti\\frontend\\node_modules\\.bin\\esvalidate.cmd': 'E:\\Abhivyakti\\frontend\\node_modules\\.bin\\.esvalidate.cmd-TkKACGjn',
50 silly reify   'E:\\Abhivyakti\\frontend\\node_modules\\.bin\\esvalidate.ps1': 'E:\\Abhivyakti\\frontend\\node_modules\\.bin\\.esvalidate.ps1-UvC9DUsq',
50 silly reify   'E:\\Abhivyakti\\frontend\\node_modules\\html-minifier-terser': 'E:\\Abhivyakti\\frontend\\node_modules\\.html-minifier-terser-FYg46oc6',
50 silly reify   'E:\\Abhivyakti\\frontend\\node_modules\\.bin\\html-minifier-terser': 'E:\\Abhivyakti\\frontend\\node_modules\\.bin\\.html-minifier-terser-wsYHlt7j',
50 silly reify   'E:\\Abhivyakti\\frontend\\node_modules\\.bin\\html-minifier-terser.cmd': 'E:\\Abhivyakti\\frontend\\node_modules\\.bin\\.html-minifier-terser.cmd-Bls0X1l0',
50 silly reify   'E:\\Abhivyakti\\frontend\\node_modules\\.bin\\html-minifier-terser.ps1': 'E:\\Abhivyakti\\frontend\\node_modules\\.bin\\.html-minifier-terser.ps1-gMVJLnTE',
50 silly reify   'E:\\Abhivyakti\\frontend\\node_modules\\he': 'E:\\Abhivyakti\\frontend\\node_modules\\.he-xMoedRoK',
50 silly reify   'E:\\Abhivyakti\\frontend\\node_modules\\.bin\\he': 'E:\\Abhivyakti\\frontend\\node_modules\\.bin\\.he-v8ums76M',
50 silly reify   'E:\\Abhivyakti\\frontend\\node_modules\\.bin\\he.cmd': 'E:\\Abhivyakti\\frontend\\node_modules\\.bin\\.he.cmd-PYDcGykW',
50 silly reify   'E:\\Abhivyakti\\frontend\\node_modules\\.bin\\he.ps1': 'E:\\Abhivyakti\\frontend\\node_modules\\.bin\\.he.ps1-tWx7aff8',
50 silly reify   'E:\\Abhivyakti\\frontend\\node_modules\\import-local': 'E:\\Abhivyakti\\frontend\\node_modules\\.import-local-HIK8KfIy',
50 silly reify   'E:\\Abhivyakti\\frontend\\node_modules\\.bin\\import-local-fixture': 'E:\\Abhivyakti\\frontend\\node_modules\\.bin\\.import-local-fixture-h9PZr2nP',
50 silly reify   'E:\\Abhivyakti\\frontend\\node_modules\\.bin\\import-local-fixture.cmd': 'E:\\Abhivyakti\\frontend\\node_modules\\.bin\\.import-local-fixture.cmd-mEVVq3lh',
50 silly reify   'E:\\Abhivyakti\\frontend\\node_modules\\.bin\\import-local-fixture.ps1': 'E:\\Abhivyakti\\frontend\\node_modules\\.bin\\.import-local-fixture.ps1-k2R40Ivo',
50 silly reify   'E:\\Abhivyakti\\frontend\\node_modules\\jest': 'E:\\Abhivyakti\\frontend\\node_modules\\.jest-A5Iu0aXx',
50 silly reify   'E:\\Abhivyakti\\frontend\\node_modules\\.bin\\jest': 'E:\\Abhivyakti\\frontend\\node_modules\\.bin\\.jest-JwlhXMGb',
50 silly reify   'E:\\Abhivyakti\\frontend\\node_modules\\.bin\\jest.cmd': 'E:\\Abhivyakti\\frontend\\node_modules\\.bin\\.jest.cmd-Uem2yTuF',
50 silly reify   'E:\\Abhivyakti\\frontend\\node_modules\\.bin\\jest.ps1': 'E:\\Abhivyakti\\frontend\\node_modules\\.bin\\.jest.ps1-kyl40zGO',
50 silly reify   'E:\\Abhivyakti\\frontend\\node_modules\\jest-cli': 'E:\\Abhivyakti\\frontend\\node_modules\\.jest-cli-BRl7VUKq',
50 silly reify   'E:\\Abhivyakti\\frontend\\node_modules\\jake': 'E:\\Abhivyakti\\frontend\\node_modules\\.jake-HLz8GWiB',
50 silly reify   'E:\\Abhivyakti\\frontend\\node_modules\\.bin\\jake': 'E:\\Abhivyakti\\frontend\\node_modules\\.bin\\.jake-6gRBG64q',
50 silly reify   'E:\\Abhivyakti\\frontend\\node_modules\\.bin\\jake.cmd': 'E:\\Abhivyakti\\frontend\\node_modules\\.bin\\.jake.cmd-U7qAkGt3',
50 silly reify   'E:\\Abhivyakti\\frontend\\node_modules\\.bin\\jake.ps1': 'E:\\Abhivyakti\\frontend\\node_modules\\.bin\\.jake.ps1-4na3DsYe',
50 silly reify   'E:\\Abhivyakti\\frontend\\node_modules\\is-docker': 'E:\\Abhivyakti\\frontend\\node_modules\\.is-docker-kpPrkpO9',
50 silly reify   'E:\\Abhivyakti\\frontend\\node_modules\\.bin\\is-docker': 'E:\\Abhivyakti\\frontend\\node_modules\\.bin\\.is-docker-dswRjbpY',
50 silly reify   'E:\\Abhivyakti\\frontend\\node_modules\\.bin\\is-docker.cmd': 'E:\\Abhivyakti\\frontend\\node_modules\\.bin\\.is-docker.cmd-rJBTgKhD',
50 silly reify   'E:\\Abhivyakti\\frontend\\node_modules\\.bin\\is-docker.ps1': 'E:\\Abhivyakti\\frontend\\node_modules\\.bin\\.is-docker.ps1-MTM21Wed',
50 silly reify   'E:\\Abhivyakti\\frontend\\node_modules\\js-yaml': 'E:\\Abhivyakti\\frontend\\node_modules\\.js-yaml-UUchoJel',
50 silly reify   'E:\\Abhivyakti\\frontend\\node_modules\\.bin\\js-yaml': 'E:\\Abhivyakti\\frontend\\node_modules\\.bin\\.js-yaml-DJsNvaxc',
50 silly reify   'E:\\Abhivyakti\\frontend\\node_modules\\.bin\\js-yaml.cmd': 'E:\\Abhivyakti\\frontend\\node_modules\\.bin\\.js-yaml.cmd-7vJv5jTc',
50 silly reify   'E:\\Abhivyakti\\frontend\\node_modules\\.bin\\js-yaml.ps1': 'E:\\Abhivyakti\\frontend\\node_modules\\.bin\\.js-yaml.ps1-SRJNKpLt',
50 silly reify   'E:\\Abhivyakti\\frontend\\node_modules\\jiti': 'E:\\Abhivyakti\\frontend\\node_modules\\.jiti-jXVx7YM0',
50 silly reify   'E:\\Abhivyakti\\frontend\\node_modules\\.bin\\jiti': 'E:\\Abhivyakti\\frontend\\node_modules\\.bin\\.jiti-ZqqTfwL9',
50 silly reify   'E:\\Abhivyakti\\frontend\\node_modules\\.bin\\jiti.cmd': 'E:\\Abhivyakti\\frontend\\node_modules\\.bin\\.jiti.cmd-rwGrvoA2',
50 silly reify   'E:\\Abhivyakti\\frontend\\node_modules\\.bin\\jiti.ps1': 'E:\\Abhivyakti\\frontend\\node_modules\\.bin\\.jiti.ps1-mURLegPX',
50 silly reify   'E:\\Abhivyakti\\frontend\\node_modules\\jsesc': 'E:\\Abhivyakti\\frontend\\node_modules\\.jsesc-RRQiFF9g',
50 silly reify   'E:\\Abhivyakti\\frontend\\node_modules\\.bin\\jsesc': 'E:\\Abhivyakti\\frontend\\node_modules\\.bin\\.jsesc-7eztpIOD',
50 silly reify   'E:\\Abhivyakti\\frontend\\node_modules\\.bin\\jsesc.cmd': 'E:\\Abhivyakti\\frontend\\node_modules\\.bin\\.jsesc.cmd-GRVuIZpp',
50 silly reify   'E:\\Abhivyakti\\frontend\\node_modules\\.bin\\jsesc.ps1': 'E:\\Abhivyakti\\frontend\\node_modules\\.bin\\.jsesc.ps1-GVW5MVdz',
50 silly reify   'E:\\Abhivyakti\\frontend\\node_modules\\json5': 'E:\\Abhivyakti\\frontend\\node_modules\\.json5-MmFDtHBj',
50 silly reify   'E:\\Abhivyakti\\frontend\\node_modules\\.bin\\json5': 'E:\\Abhivyakti\\frontend\\node_modules\\.bin\\.json5-VMMd77KR',
50 silly reify   'E:\\Abhivyakti\\frontend\\node_modules\\.bin\\json5.cmd': 'E:\\Abhivyakti\\frontend\\node_modules\\.bin\\.json5.cmd-A5rfuQL1',
50 silly reify   'E:\\Abhivyakti\\frontend\\node_modules\\.bin\\json5.ps1': 'E:\\Abhivyakti\\frontend\\node_modules\\.bin\\.json5.ps1-ZrNxnyZv',
50 silly reify   'E:\\Abhivyakti\\frontend\\node_modules\\lz-string': 'E:\\Abhivyakti\\frontend\\node_modules\\.lz-string-7n4iiwnm',
50 silly reify   'E:\\Abhivyakti\\frontend\\node_modules\\.bin\\lz-string': 'E:\\Abhivyakti\\frontend\\node_modules\\.bin\\.lz-string-nbLXFznl',
50 silly reify   'E:\\Abhivyakti\\frontend\\node_modules\\.bin\\lz-string.cmd': 'E:\\Abhivyakti\\frontend\\node_modules\\.bin\\.lz-string.cmd-4FAhIHpE',
50 silly reify   'E:\\Abhivyakti\\frontend\\node_modules\\.bin\\lz-string.ps1': 'E:\\Abhivyakti\\frontend\\node_modules\\.bin\\.lz-string.ps1-VsjLCt0z',
50 silly reify   'E:\\Abhivyakti\\frontend\\node_modules\\mkdirp': 'E:\\Abhivyakti\\frontend\\node_modules\\.mkdirp-mwa37WAL',
50 silly reify   'E:\\Abhivyakti\\frontend\\node_modules\\.bin\\mkdirp': 'E:\\Abhivyakti\\frontend\\node_modules\\.bin\\.mkdirp-U2NZbIbb',
50 silly reify   'E:\\Abhivyakti\\frontend\\node_modules\\.bin\\mkdirp.cmd': 'E:\\Abhivyakti\\frontend\\node_modules\\.bin\\.mkdirp.cmd-6ElYbbmo',
50 silly reify   'E:\\Abhivyakti\\frontend\\node_modules\\.bin\\mkdirp.ps1': 'E:\\Abhivyakti\\frontend\\node_modules\\.bin\\.mkdirp.ps1-KhHCzCtV',
50 silly reify   'E:\\Abhivyakti\\frontend\\node_modules\\loose-envify': 'E:\\Abhivyakti\\frontend\\node_modules\\.loose-envify-3V0ssu1D',
50 silly reify   'E:\\Abhivyakti\\frontend\\node_modules\\.bin\\loose-envify': 'E:\\Abhivyakti\\frontend\\node_modules\\.bin\\.loose-envify-fAi7vzTu',
50 silly reify   'E:\\Abhivyakti\\frontend\\node_modules\\.bin\\loose-envify.cmd': 'E:\\Abhivyakti\\frontend\\node_modules\\.bin\\.loose-envify.cmd-yE72PMKu',
50 silly reify   'E:\\Abhivyakti\\frontend\\node_modules\\.bin\\loose-envify.ps1': 'E:\\Abhivyakti\\frontend\\node_modules\\.bin\\.loose-envify.ps1-8a9MxBdS',
50 silly reify   'E:\\Abhivyakti\\frontend\\node_modules\\multicast-dns': 'E:\\Abhivyakti\\frontend\\node_modules\\.multicast-dns-w3gKu4Qf',
50 silly reify   'E:\\Abhivyakti\\frontend\\node_modules\\.bin\\multicast-dns': 'E:\\Abhivyakti\\frontend\\node_modules\\.bin\\.multicast-dns-WrSeykQm',
50 silly reify   'E:\\Abhivyakti\\frontend\\node_modules\\.bin\\multicast-dns.cmd': 'E:\\Abhivyakti\\frontend\\node_modules\\.bin\\.multicast-dns.cmd-vHruvHqy',
50 silly reify   'E:\\Abhivyakti\\frontend\\node_modules\\.bin\\multicast-dns.ps1': 'E:\\Abhivyakti\\frontend\\node_modules\\.bin\\.multicast-dns.ps1-LKjqla9p',
50 silly reify   'E:\\Abhivyakti\\frontend\\node_modules\\mime': 'E:\\Abhivyakti\\frontend\\node_modules\\.mime-i6jfoYqv',
50 silly reify   'E:\\Abhivyakti\\frontend\\node_modules\\.bin\\mime': 'E:\\Abhivyakti\\frontend\\node_modules\\.bin\\.mime-1XDwWR5R',
50 silly reify   'E:\\Abhivyakti\\frontend\\node_modules\\.bin\\mime.cmd': 'E:\\Abhivyakti\\frontend\\node_modules\\.bin\\.mime.cmd-NH2ztCvx',
50 silly reify   'E:\\Abhivyakti\\frontend\\node_modules\\.bin\\mime.ps1': 'E:\\Abhivyakti\\frontend\\node_modules\\.bin\\.mime.ps1-A3eqA67B',
50 silly reify   'E:\\Abhivyakti\\frontend\\node_modules\\nanoid': 'E:\\Abhivyakti\\frontend\\node_modules\\.nanoid-XgDOJsQ6',
50 silly reify   'E:\\Abhivyakti\\frontend\\node_modules\\.bin\\nanoid': 'E:\\Abhivyakti\\frontend\\node_modules\\.bin\\.nanoid-R73U3YNK',
50 silly reify   'E:\\Abhivyakti\\frontend\\node_modules\\.bin\\nanoid.cmd': 'E:\\Abhivyakti\\frontend\\node_modules\\.bin\\.nanoid.cmd-ZvQvpqQr',
50 silly reify   'E:\\Abhivyakti\\frontend\\node_modules\\.bin\\nanoid.ps1': 'E:\\Abhivyakti\\frontend\\node_modules\\.bin\\.nanoid.ps1-vJ0OtV4F',
50 silly reify   'E:\\Abhivyakti\\frontend\\node_modules\\react-scripts': 'E:\\Abhivyakti\\frontend\\node_modules\\.react-scripts-tpiyHqgO',
50 silly reify   'E:\\Abhivyakti\\frontend\\node_modules\\.bin\\react-scripts': 'E:\\Abhivyakti\\frontend\\node_modules\\.bin\\.react-scripts-SKeUwYWk',
50 silly reify   'E:\\Abhivyakti\\frontend\\node_modules\\.bin\\react-scripts.cmd': 'E:\\Abhivyakti\\frontend\\node_modules\\.bin\\.react-scripts.cmd-tALeXO9e',
50 silly reify   'E:\\Abhivyakti\\frontend\\node_modules\\.bin\\react-scripts.ps1': 'E:\\Abhivyakti\\frontend\\node_modules\\.bin\\.react-scripts.ps1-e6xAy4nr',
50 silly reify   'E:\\Abhivyakti\\frontend\\node_modules\\regjsparser': 'E:\\Abhivyakti\\frontend\\node_modules\\.regjsparser-pCm2U2OX',
50 silly reify   'E:\\Abhivyakti\\frontend\\node_modules\\.bin\\regjsparser': 'E:\\Abhivyakti\\frontend\\node_modules\\.bin\\.regjsparser-pvAR2ytW',
50 silly reify   'E:\\Abhivyakti\\frontend\\node_modules\\.bin\\regjsparser.cmd': 'E:\\Abhivyakti\\frontend\\node_modules\\.bin\\.regjsparser.cmd-B9Jxdkr7',
50 silly reify   'E:\\Abhivyakti\\frontend\\node_modules\\.bin\\regjsparser.ps1': 'E:\\Abhivyakti\\frontend\\node_modules\\.bin\\.regjsparser.ps1-25EhdHaH',
50 silly reify   'E:\\Abhivyakti\\frontend\\node_modules\\rimraf': 'E:\\Abhivyakti\\frontend\\node_modules\\.rimraf-0oOSbVNS',
50 silly reify   'E:\\Abhivyakti\\frontend\\node_modules\\.bin\\rimraf': 'E:\\Abhivyakti\\frontend\\node_modules\\.bin\\.rimraf-J9tIUYW2',
50 silly reify   'E:\\Abhivyakti\\frontend\\node_modules\\.bin\\rimraf.cmd': 'E:\\Abhivyakti\\frontend\\node_modules\\.bin\\.rimraf.cmd-pqeL0p21',
50 silly reify   'E:\\Abhivyakti\\frontend\\node_modules\\.bin\\rimraf.ps1': 'E:\\Abhivyakti\\frontend\\node_modules\\.bin\\.rimraf.ps1-1uIVI6tc',
50 silly reify   'E:\\Abhivyakti\\frontend\\node_modules\\resolve': 'E:\\Abhivyakti\\frontend\\node_modules\\.resolve-peMM5zEZ',
50 silly reify   'E:\\Abhivyakti\\frontend\\node_modules\\.bin\\resolve': 'E:\\Abhivyakti\\frontend\\node_modules\\.bin\\.resolve-CyMhfwGo',
50 silly reify   'E:\\Abhivyakti\\frontend\\node_modules\\.bin\\resolve.cmd': 'E:\\Abhivyakti\\frontend\\node_modules\\.bin\\.resolve.cmd-zHtVCVjt',
50 silly reify   'E:\\Abhivyakti\\frontend\\node_modules\\.bin\\resolve.ps1': 'E:\\Abhivyakti\\frontend\\node_modules\\.bin\\.resolve.ps1-fydEjJSb',
50 silly reify   'E:\\Abhivyakti\\frontend\\node_modules\\rollup': 'E:\\Abhivyakti\\frontend\\node_modules\\.rollup-ibkRKROV',
50 silly reify   'E:\\Abhivyakti\\frontend\\node_modules\\.bin\\rollup': 'E:\\Abhivyakti\\frontend\\node_modules\\.bin\\.rollup-SNcJtFlR',
50 silly reify   'E:\\Abhivyakti\\frontend\\node_modules\\.bin\\rollup.cmd': 'E:\\Abhivyakti\\frontend\\node_modules\\.bin\\.rollup.cmd-fWOhQVyo',
50 silly reify   'E:\\Abhivyakti\\frontend\\node_modules\\.bin\\rollup.ps1': 'E:\\Abhivyakti\\frontend\\node_modules\\.bin\\.rollup.ps1-toUxHyMX',
50 silly reify   'E:\\Abhivyakti\\frontend\\node_modules\\semver': 'E:\\Abhivyakti\\frontend\\node_modules\\.semver-GUjkr2HC',
50 silly reify   'E:\\Abhivyakti\\frontend\\node_modules\\.bin\\semver': 'E:\\Abhivyakti\\frontend\\node_modules\\.bin\\.semver-Ut3wMivC',
50 silly reify   'E:\\Abhivyakti\\frontend\\node_modules\\.bin\\semver.cmd': 'E:\\Abhivyakti\\frontend\\node_modules\\.bin\\.semver.cmd-WRsq0OwN',
50 silly reify   'E:\\Abhivyakti\\frontend\\node_modules\\.bin\\semver.ps1': 'E:\\Abhivyakti\\frontend\\node_modules\\.bin\\.semver.ps1-J9P7ibsG',
50 silly reify   'E:\\Abhivyakti\\frontend\\node_modules\\sucrase': 'E:\\Abhivyakti\\frontend\\node_modules\\.sucrase-dTaV50k3',
50 silly reify   'E:\\Abhivyakti\\frontend\\node_modules\\.bin\\sucrase': 'E:\\Abhivyakti\\frontend\\node_modules\\.bin\\.sucrase-Xz5UKZbc',
50 silly reify   'E:\\Abhivyakti\\frontend\\node_modules\\.bin\\sucrase.cmd': 'E:\\Abhivyakti\\frontend\\node_modules\\.bin\\.sucrase.cmd-ZG2HD9pQ',
50 silly reify   'E:\\Abhivyakti\\frontend\\node_modules\\.bin\\sucrase.ps1': 'E:\\Abhivyakti\\frontend\\node_modules\\.bin\\.sucrase.ps1-UrUy5K4y',
50 silly reify   'E:\\Abhivyakti\\frontend\\node_modules\\.bin\\sucrase-node': 'E:\\Abhivyakti\\frontend\\node_modules\\.bin\\.sucrase-node-A4hrIrmR',
50 silly reify   'E:\\Abhivyakti\\frontend\\node_modules\\.bin\\sucrase-node.cmd': 'E:\\Abhivyakti\\frontend\\node_modules\\.bin\\.sucrase-node.cmd-pr38gr4R',
50 silly reify   'E:\\Abhivyakti\\frontend\\node_modules\\.bin\\sucrase-node.ps1': 'E:\\Abhivyakti\\frontend\\node_modules\\.bin\\.sucrase-node.ps1-gnOhKKKn',
50 silly reify   'E:\\Abhivyakti\\frontend\\node_modules\\svgo': 'E:\\Abhivyakti\\frontend\\node_modules\\.svgo-LwL2iwO1',
50 silly reify   'E:\\Abhivyakti\\frontend\\node_modules\\.bin\\svgo': 'E:\\Abhivyakti\\frontend\\node_modules\\.bin\\.svgo-XtNQqxM4',
50 silly reify   'E:\\Abhivyakti\\frontend\\node_modules\\.bin\\svgo.cmd': 'E:\\Abhivyakti\\frontend\\node_modules\\.bin\\.svgo.cmd-bD6D3noT',
50 silly reify   'E:\\Abhivyakti\\frontend\\node_modules\\.bin\\svgo.ps1': 'E:\\Abhivyakti\\frontend\\node_modules\\.bin\\.svgo.ps1-ixhogWkF',
50 silly reify   'E:\\Abhivyakti\\frontend\\node_modules\\tailwindcss': 'E:\\Abhivyakti\\frontend\\node_modules\\.tailwindcss-ev8yD7xf',
50 silly reify   'E:\\Abhivyakti\\frontend\\node_modules\\.bin\\tailwind': 'E:\\Abhivyakti\\frontend\\node_modules\\.bin\\.tailwind-Q606RPPI',
50 silly reify   'E:\\Abhivyakti\\frontend\\node_modules\\.bin\\tailwind.cmd': 'E:\\Abhivyakti\\frontend\\node_modules\\.bin\\.tailwind.cmd-2723yj9l',
50 silly reify   'E:\\Abhivyakti\\frontend\\node_modules\\.bin\\tailwind.ps1': 'E:\\Abhivyakti\\frontend\\node_modules\\.bin\\.tailwind.ps1-JPAkcSXC',
50 silly reify   'E:\\Abhivyakti\\frontend\\node_modules\\.bin\\tailwindcss': 'E:\\Abhivyakti\\frontend\\node_modules\\.bin\\.tailwindcss-SbANPJUE',
50 silly reify   'E:\\Abhivyakti\\frontend\\node_modules\\.bin\\tailwindcss.cmd': 'E:\\Abhivyakti\\frontend\\node_modules\\.bin\\.tailwindcss.cmd-CLt8YcIH',
50 silly reify   'E:\\Abhivyakti\\frontend\\node_modules\\.bin\\tailwindcss.ps1': 'E:\\Abhivyakti\\frontend\\node_modules\\.bin\\.tailwindcss.ps1-AcyC3hCT',
50 silly reify   'E:\\Abhivyakti\\frontend\\node_modules\\terser': 'E:\\Abhivyakti\\frontend\\node_modules\\.terser-lKbG90QR',
50 silly reify   'E:\\Abhivyakti\\frontend\\node_modules\\.bin\\terser': 'E:\\Abhivyakti\\frontend\\node_modules\\.bin\\.terser-HkVeYAmv',
50 silly reify   'E:\\Abhivyakti\\frontend\\node_modules\\.bin\\terser.cmd': 'E:\\Abhivyakti\\frontend\\node_modules\\.bin\\.terser.cmd-WOrPOZvK',
50 silly reify   'E:\\Abhivyakti\\frontend\\node_modules\\.bin\\terser.ps1': 'E:\\Abhivyakti\\frontend\\node_modules\\.bin\\.terser.ps1-NQc4V3br',
50 silly reify   'E:\\Abhivyakti\\frontend\\node_modules\\update-browserslist-db': 'E:\\Abhivyakti\\frontend\\node_modules\\.update-browserslist-db-kqBtwJl6',
50 silly reify   'E:\\Abhivyakti\\frontend\\node_modules\\.bin\\update-browserslist-db': 'E:\\Abhivyakti\\frontend\\node_modules\\.bin\\.update-browserslist-db-Fe4ilGOP',
50 silly reify   'E:\\Abhivyakti\\frontend\\node_modules\\.bin\\update-browserslist-db.cmd': 'E:\\Abhivyakti\\frontend\\node_modules\\.bin\\.update-browserslist-db.cmd-CDHASHLQ',
50 silly reify   'E:\\Abhivyakti\\frontend\\node_modules\\.bin\\update-browserslist-db.ps1': 'E:\\Abhivyakti\\frontend\\node_modules\\.bin\\.update-browserslist-db.ps1-rhl5gaAw',
50 silly reify   'E:\\Abhivyakti\\frontend\\node_modules\\uuid': 'E:\\Abhivyakti\\frontend\\node_modules\\.uuid-fRHo7Qig',
50 silly reify   'E:\\Abhivyakti\\frontend\\node_modules\\.bin\\uuid': 'E:\\Abhivyakti\\frontend\\node_modules\\.bin\\.uuid-9lZlySyp',
50 silly reify   'E:\\Abhivyakti\\frontend\\node_modules\\.bin\\uuid.cmd': 'E:\\Abhivyakti\\frontend\\node_modules\\.bin\\.uuid.cmd-swkHoayN',
50 silly reify   'E:\\Abhivyakti\\frontend\\node_modules\\.bin\\uuid.ps1': 'E:\\Abhivyakti\\frontend\\node_modules\\.bin\\.uuid.ps1-NOAlesFh',
50 silly reify   'E:\\Abhivyakti\\frontend\\node_modules\\typescript': 'E:\\Abhivyakti\\frontend\\node_modules\\.typescript-kWNL3fH5',
50 silly reify   'E:\\Abhivyakti\\frontend\\node_modules\\.bin\\tsc': 'E:\\Abhivyakti\\frontend\\node_modules\\.bin\\.tsc-P7kAGuzM',
50 silly reify   'E:\\Abhivyakti\\frontend\\node_modules\\.bin\\tsc.cmd': 'E:\\Abhivyakti\\frontend\\node_modules\\.bin\\.tsc.cmd-4Hj0xFt3',
50 silly reify   'E:\\Abhivyakti\\frontend\\node_modules\\.bin\\tsc.ps1': 'E:\\Abhivyakti\\frontend\\node_modules\\.bin\\.tsc.ps1-Ne6pApwt',
50 silly reify   'E:\\Abhivyakti\\frontend\\node_modules\\.bin\\tsserver': 'E:\\Abhivyakti\\frontend\\node_modules\\.bin\\.tsserver-DUnjXrsH',
50 silly reify   'E:\\Abhivyakti\\frontend\\node_modules\\.bin\\tsserver.cmd': 'E:\\Abhivyakti\\frontend\\node_modules\\.bin\\.tsserver.cmd-WFlX7rwT',
50 silly reify   'E:\\Abhivyakti\\frontend\\node_modules\\.bin\\tsserver.ps1': 'E:\\Abhivyakti\\frontend\\node_modules\\.bin\\.tsserver.ps1-3CFF6uFz',
50 silly reify   'E:\\Abhivyakti\\frontend\\node_modules\\webpack': 'E:\\Abhivyakti\\frontend\\node_modules\\.webpack-I4BYlktl',
50 silly reify   'E:\\Abhivyakti\\frontend\\node_modules\\.bin\\webpack': 'E:\\Abhivyakti\\frontend\\node_modules\\.bin\\.webpack-vdseT4xu',
50 silly reify   'E:\\Abhivyakti\\frontend\\node_modules\\.bin\\webpack.cmd': 'E:\\Abhivyakti\\frontend\\node_modules\\.bin\\.webpack.cmd-ypZ8zZ4B',
50 silly reify   'E:\\Abhivyakti\\frontend\\node_modules\\.bin\\webpack.ps1': 'E:\\Abhivyakti\\frontend\\node_modules\\.bin\\.webpack.ps1-eXjYcBPm',
50 silly reify   'E:\\Abhivyakti\\frontend\\node_modules\\webpack-dev-server': 'E:\\Abhivyakti\\frontend\\node_modules\\.webpack-dev-server-Hlu2XtJt',
50 silly reify   'E:\\Abhivyakti\\frontend\\node_modules\\.bin\\webpack-dev-server': 'E:\\Abhivyakti\\frontend\\node_modules\\.bin\\.webpack-dev-server-CJzXZjbh',
50 silly reify   'E:\\Abhivyakti\\frontend\\node_modules\\.bin\\webpack-dev-server.cmd': 'E:\\Abhivyakti\\frontend\\node_modules\\.bin\\.webpack-dev-server.cmd-apkUHrGW',
50 silly reify   'E:\\Abhivyakti\\frontend\\node_modules\\.bin\\webpack-dev-server.ps1': 'E:\\Abhivyakti\\frontend\\node_modules\\.bin\\.webpack-dev-server.ps1-zvS2Zg1D',
50 silly reify   'E:\\Abhivyakti\\frontend\\node_modules\\which': 'E:\\Abhivyakti\\frontend\\node_modules\\.which-A1wbQVby',
50 silly reify   'E:\\Abhivyakti\\frontend\\node_modules\\.bin\\node-which': 'E:\\Abhivyakti\\frontend\\node_modules\\.bin\\.node-which-gKkUq04c',
50 silly reify   'E:\\Abhivyakti\\frontend\\node_modules\\.bin\\node-which.cmd': 'E:\\Abhivyakti\\frontend\\node_modules\\.bin\\.node-which.cmd-TyzweNr4',
50 silly reify   'E:\\Abhivyakti\\frontend\\node_modules\\.bin\\node-which.ps1': 'E:\\Abhivyakti\\frontend\\node_modules\\.bin\\.node-which.ps1-3qUjaZdh'
50 silly reify }
51 silly audit bulk request {
51 silly audit   '@adobe/css-tools': [ '4.4.4' ],
51 silly audit   '@alloc/quick-lru': [ '5.2.0' ],
51 silly audit   '@babel/code-frame': [ '7.27.1' ],
51 silly audit   '@babel/compat-data': [ '7.28.5' ],
51 silly audit   '@babel/core': [ '7.28.5' ],
51 silly audit   semver: [ '6.3.1', '7.7.3' ],
51 silly audit   '@babel/eslint-parser': [ '7.28.5' ],
51 silly audit   'eslint-visitor-keys': [ '2.1.0', '3.4.3' ],
51 silly audit   '@babel/generator': [ '7.28.5' ],
51 silly audit   '@babel/helper-annotate-as-pure': [ '7.27.3' ],
51 silly audit   '@babel/helper-compilation-targets': [ '7.27.2' ],
51 silly audit   '@babel/helper-create-class-features-plugin': [ '7.28.5' ],
51 silly audit   '@babel/helper-create-regexp-features-plugin': [ '7.28.5' ],
51 silly audit   '@babel/helper-define-polyfill-provider': [ '0.6.5' ],
51 silly audit   '@babel/helper-globals': [ '7.28.0' ],
51 silly audit   '@babel/helper-member-expression-to-functions': [ '7.28.5' ],
51 silly audit   '@babel/helper-module-imports': [ '7.27.1' ],
51 silly audit   '@babel/helper-module-transforms': [ '7.28.3' ],
51 silly audit   '@babel/helper-optimise-call-expression': [ '7.27.1' ],
51 silly audit   '@babel/helper-plugin-utils': [ '7.27.1' ],
51 silly audit   '@babel/helper-remap-async-to-generator': [ '7.27.1' ],
51 silly audit   '@babel/helper-replace-supers': [ '7.27.1' ],
51 silly audit   '@babel/helper-skip-transparent-expression-wrappers': [ '7.27.1' ],
51 silly audit   '@babel/helper-string-parser': [ '7.27.1' ],
51 silly audit   '@babel/helper-validator-identifier': [ '7.28.5' ],
51 silly audit   '@babel/helper-validator-option': [ '7.27.1' ],
51 silly audit   '@babel/helper-wrap-function': [ '7.28.3' ],
51 silly audit   '@babel/helpers': [ '7.28.4' ],
51 silly audit   '@babel/parser': [ '7.28.5' ],
51 silly audit   '@babel/plugin-bugfix-firefox-class-in-computed-class-key': [ '7.28.5' ],
51 silly audit   '@babel/plugin-bugfix-safari-class-field-initializer-scope': [ '7.27.1' ],
51 silly audit   '@babel/plugin-bugfix-safari-id-destructuring-collision-in-function-expression': [ '7.27.1' ],
51 silly audit   '@babel/plugin-bugfix-v8-spread-parameters-in-optional-chaining': [ '7.27.1' ],
51 silly audit   '@babel/plugin-bugfix-v8-static-class-fields-redefine-readonly': [ '7.28.3' ],
51 silly audit   '@babel/plugin-proposal-class-properties': [ '7.18.6' ],
51 silly audit   '@babel/plugin-proposal-decorators': [ '7.28.0' ],
51 silly audit   '@babel/plugin-proposal-nullish-coalescing-operator': [ '7.18.6' ],
51 silly audit   '@babel/plugin-proposal-numeric-separator': [ '7.18.6' ],
51 silly audit   '@babel/plugin-proposal-optional-chaining': [ '7.21.0' ],
51 silly audit   '@babel/plugin-proposal-private-methods': [ '7.18.6' ],
51 silly audit   '@babel/plugin-proposal-private-property-in-object': [ '7.21.0-placeholder-for-preset-env.2', '7.21.11' ],
51 silly audit   '@babel/plugin-syntax-async-generators': [ '7.8.4' ],
51 silly audit   '@babel/plugin-syntax-bigint': [ '7.8.3' ],
51 silly audit   '@babel/plugin-syntax-class-properties': [ '7.12.13' ],
51 silly audit   '@babel/plugin-syntax-class-static-block': [ '7.14.5' ],
51 silly audit   '@babel/plugin-syntax-decorators': [ '7.27.1' ],
51 silly audit   '@babel/plugin-syntax-flow': [ '7.27.1' ],
51 silly audit   '@babel/plugin-syntax-import-assertions': [ '7.27.1' ],
51 silly audit   '@babel/plugin-syntax-import-attributes': [ '7.27.1' ],
51 silly audit   '@babel/plugin-syntax-import-meta': [ '7.10.4' ],
51 silly audit   '@babel/plugin-syntax-json-strings': [ '7.8.3' ],
51 silly audit   '@babel/plugin-syntax-jsx': [ '7.27.1' ],
51 silly audit   '@babel/plugin-syntax-logical-assignment-operators': [ '7.10.4' ],
51 silly audit   '@babel/plugin-syntax-nullish-coalescing-operator': [ '7.8.3' ],
51 silly audit   '@babel/plugin-syntax-numeric-separator': [ '7.10.4' ],
51 silly audit   '@babel/plugin-syntax-object-rest-spread': [ '7.8.3' ],
51 silly audit   '@babel/plugin-syntax-optional-catch-binding': [ '7.8.3' ],
51 silly audit   '@babel/plugin-syntax-optional-chaining': [ '7.8.3' ],
51 silly audit   '@babel/plugin-syntax-private-property-in-object': [ '7.14.5' ],
51 silly audit   '@babel/plugin-syntax-top-level-await': [ '7.14.5' ],
51 silly audit   '@babel/plugin-syntax-typescript': [ '7.27.1' ],
51 silly audit   '@babel/plugin-syntax-unicode-sets-regex': [ '7.18.6' ],
51 silly audit   '@babel/plugin-transform-arrow-functions': [ '7.27.1' ],
51 silly audit   '@babel/plugin-transform-async-generator-functions': [ '7.28.0' ],
51 silly audit   '@babel/plugin-transform-async-to-generator': [ '7.27.1' ],
51 silly audit   '@babel/plugin-transform-block-scoped-functions': [ '7.27.1' ],
51 silly audit   '@babel/plugin-transform-block-scoping': [ '7.28.5' ],
51 silly audit   '@babel/plugin-transform-class-properties': [ '7.27.1' ],
51 silly audit   '@babel/plugin-transform-class-static-block': [ '7.28.3' ],
51 silly audit   '@babel/plugin-transform-classes': [ '7.28.4' ],
51 silly audit   '@babel/plugin-transform-computed-properties': [ '7.27.1' ],
51 silly audit   '@babel/plugin-transform-destructuring': [ '7.28.5' ],
51 silly audit   '@babel/plugin-transform-dotall-regex': [ '7.27.1' ],
51 silly audit   '@babel/plugin-transform-duplicate-keys': [ '7.27.1' ],
51 silly audit   '@babel/plugin-transform-duplicate-named-capturing-groups-regex': [ '7.27.1' ],
51 silly audit   '@babel/plugin-transform-dynamic-import': [ '7.27.1' ],
51 silly audit   '@babel/plugin-transform-explicit-resource-management': [ '7.28.0' ],
51 silly audit   '@babel/plugin-transform-exponentiation-operator': [ '7.28.5' ],
51 silly audit   '@babel/plugin-transform-export-namespace-from': [ '7.27.1' ],
51 silly audit   '@babel/plugin-transform-flow-strip-types': [ '7.27.1' ],
51 silly audit   '@babel/plugin-transform-for-of': [ '7.27.1' ],
51 silly audit   '@babel/plugin-transform-function-name': [ '7.27.1' ],
51 silly audit   '@babel/plugin-transform-json-strings': [ '7.27.1' ],
51 silly audit   '@babel/plugin-transform-literals': [ '7.27.1' ],
51 silly audit   '@babel/plugin-transform-logical-assignment-operators': [ '7.28.5' ],
51 silly audit   '@babel/plugin-transform-member-expression-literals': [ '7.27.1' ],
51 silly audit   '@babel/plugin-transform-modules-amd': [ '7.27.1' ],
51 silly audit   '@babel/plugin-transform-modules-commonjs': [ '7.27.1' ],
51 silly audit   '@babel/plugin-transform-modules-systemjs': [ '7.28.5' ],
51 silly audit   '@babel/plugin-transform-modules-umd': [ '7.27.1' ],
51 silly audit   '@babel/plugin-transform-named-capturing-groups-regex': [ '7.27.1' ],
51 silly audit   '@babel/plugin-transform-new-target': [ '7.27.1' ],
51 silly audit   '@babel/plugin-transform-nullish-coalescing-operator': [ '7.27.1' ],
51 silly audit   '@babel/plugin-transform-numeric-separator': [ '7.27.1' ],
51 silly audit   '@babel/plugin-transform-object-rest-spread': [ '7.28.4' ],
51 silly audit   '@babel/plugin-transform-object-super': [ '7.27.1' ],
51 silly audit   '@babel/plugin-transform-optional-catch-binding': [ '7.27.1' ],
51 silly audit   '@babel/plugin-transform-optional-chaining': [ '7.28.5' ],
51 silly audit   '@babel/plugin-transform-parameters': [ '7.27.7' ],
51 silly audit   '@babel/plugin-transform-private-methods': [ '7.27.1' ],
51 silly audit   '@babel/plugin-transform-private-property-in-object': [ '7.27.1' ],
51 silly audit   '@babel/plugin-transform-property-literals': [ '7.27.1' ],
51 silly audit   '@babel/plugin-transform-react-constant-elements': [ '7.27.1' ],
51 silly audit   '@babel/plugin-transform-react-display-name': [ '7.28.0' ],
51 silly audit   '@babel/plugin-transform-react-jsx': [ '7.27.1' ],
51 silly audit   '@babel/plugin-transform-react-jsx-development': [ '7.27.1' ],
51 silly audit   '@babel/plugin-transform-react-pure-annotations': [ '7.27.1' ],
51 silly audit   '@babel/plugin-transform-regenerator': [ '7.28.4' ],
51 silly audit   '@babel/plugin-transform-regexp-modifiers': [ '7.27.1' ],
51 silly audit   '@babel/plugin-transform-reserved-words': [ '7.27.1' ],
51 silly audit   '@babel/plugin-transform-runtime': [ '7.28.5' ],
51 silly audit   '@babel/plugin-transform-shorthand-properties': [ '7.27.1' ],
51 silly audit   '@babel/plugin-transform-spread': [ '7.27.1' ],
51 silly audit   '@babel/plugin-transform-sticky-regex': [ '7.27.1' ],
51 silly audit   '@babel/plugin-transform-template-literals': [ '7.27.1' ],
51 silly audit   '@babel/plugin-transform-typeof-symbol': [ '7.27.1' ],
51 silly audit   '@babel/plugin-transform-typescript': [ '7.28.5' ],
51 silly audit   '@babel/plugin-transform-unicode-escapes': [ '7.27.1' ],
51 silly audit   '@babel/plugin-transform-unicode-property-regex': [ '7.27.1' ],
51 silly audit   '@babel/plugin-transform-unicode-regex': [ '7.27.1' ],
51 silly audit   '@babel/plugin-transform-unicode-sets-regex': [ '7.27.1' ],
51 silly audit   '@babel/preset-env': [ '7.28.5' ],
51 silly audit   '@babel/preset-modules': [ '0.1.6-no-external-plugins' ],
51 silly audit   '@babel/preset-react': [ '7.28.5' ],
51 silly audit   '@babel/preset-typescript': [ '7.28.5' ],
51 silly audit   '@babel/runtime': [ '7.28.4' ],
51 silly audit   '@babel/template': [ '7.27.2' ],
51 silly audit   '@babel/traverse': [ '7.28.5' ],
51 silly audit   '@babel/types': [ '7.28.5' ],
51 silly audit   '@bcoe/v8-coverage': [ '0.2.3' ],
51 silly audit   '@csstools/normalize.css': [ '12.1.1' ],
51 silly audit   '@csstools/postcss-cascade-layers': [ '1.1.1' ],
51 silly audit   '@csstools/postcss-color-function': [ '1.1.1' ],
51 silly audit   '@csstools/postcss-font-format-keywords': [ '1.0.1' ],
51 silly audit   '@csstools/postcss-hwb-function': [ '1.0.2' ],
51 silly audit   '@csstools/postcss-ic-unit': [ '1.0.1' ],
51 silly audit   '@csstools/postcss-is-pseudo-class': [ '2.0.7' ],
51 silly audit   '@csstools/postcss-nested-calc': [ '1.0.0' ],
51 silly audit   '@csstools/postcss-normalize-display-values': [ '1.0.1' ],
51 silly audit   '@csstools/postcss-oklab-function': [ '1.1.1' ],
51 silly audit   '@csstools/postcss-progressive-custom-properties': [ '1.3.0' ],
51 silly audit   '@csstools/postcss-stepped-value-functions': [ '1.0.1' ],
51 silly audit   '@csstools/postcss-text-decoration-shorthand': [ '1.0.0' ],
51 silly audit   '@csstools/postcss-trigonometric-functions': [ '1.0.2' ],
51 silly audit   '@csstools/postcss-unset-value': [ '1.0.2' ],
51 silly audit   '@csstools/selector-specificity': [ '2.2.0' ],
51 silly audit   '@eslint-community/eslint-utils': [ '4.9.1' ],
51 silly audit   '@eslint-community/regexpp': [ '4.12.2' ],
51 silly audit   '@eslint/eslintrc': [ '2.1.4' ],
51 silly audit   argparse: [ '2.0.1', '1.0.10' ],
51 silly audit   'js-yaml': [ '4.1.1', '3.14.2' ],
51 silly audit   '@eslint/js': [ '8.57.1' ],
51 silly audit   '@humanwhocodes/config-array': [ '0.13.0' ],
51 silly audit   '@humanwhocodes/module-importer': [ '1.0.1' ],
51 silly audit   '@humanwhocodes/object-schema': [ '2.0.3' ],
51 silly audit   '@istanbuljs/load-nyc-config': [ '1.1.0' ],
51 silly audit   camelcase: [ '5.3.1', '6.3.0' ],
51 silly audit   '@istanbuljs/schema': [ '0.1.3' ],
51 silly audit   '@jest/console': [ '27.5.1', '28.1.3' ],
51 silly audit   '@jest/core': [ '27.5.1' ],
51 silly audit   '@jest/environment': [ '27.5.1' ],
51 silly audit   '@jest/fake-timers': [ '27.5.1' ],
51 silly audit   '@jest/globals': [ '27.5.1' ],
51 silly audit   '@jest/reporters': [ '27.5.1' ],
51 silly audit   'source-map': [ '0.6.1', '0.7.6', '0.8.0-beta.0' ],
51 silly audit   '@jest/schemas': [ '28.1.3' ],
51 silly audit   '@jest/source-map': [ '27.5.1' ],
51 silly audit   '@jest/test-result': [ '27.5.1', '28.1.3' ],
51 silly audit   '@jest/test-sequencer': [ '27.5.1' ],
51 silly audit   '@jest/transform': [ '27.5.1' ],
51 silly audit   'convert-source-map': [ '1.9.0', '2.0.0' ],
51 silly audit   '@jest/types': [ '27.5.1', '28.1.3' ],
51 silly audit   '@jridgewell/gen-mapping': [ '0.3.13' ],
51 silly audit   '@jridgewell/remapping': [ '2.3.5' ],
51 silly audit   '@jridgewell/resolve-uri': [ '3.1.2' ],
51 silly audit   '@jridgewell/source-map': [ '0.3.11' ],
51 silly audit   '@jridgewell/sourcemap-codec': [ '1.5.5' ],
51 silly audit   '@jridgewell/trace-mapping': [ '0.3.31' ],
51 silly audit   '@leichtgewicht/ip-codec': [ '2.0.5' ],
51 silly audit   '@nicolo-ribaudo/eslint-scope-5-internals': [ '5.1.1-v1' ],
51 silly audit   'eslint-scope': [ '5.1.1', '7.2.2' ],
51 silly audit   estraverse: [ '4.3.0', '5.3.0' ],
51 silly audit   '@nodelib/fs.scandir': [ '2.1.5' ],
51 silly audit   '@nodelib/fs.stat': [ '2.0.5' ],
51 silly audit   '@nodelib/fs.walk': [ '1.2.8' ],
51 silly audit   '@pmmmwh/react-refresh-webpack-plugin': [ '0.5.17' ],
51 silly audit   '@rollup/plugin-babel': [ '5.3.1' ],
51 silly audit   '@rollup/plugin-node-resolve': [ '11.2.1' ],
51 silly audit   '@rollup/plugin-replace': [ '2.4.2' ],
51 silly audit   '@rollup/pluginutils': [ '3.1.0' ],
51 silly audit   '@types/estree': [ '0.0.39', '1.0.8' ],
51 silly audit   '@rtsao/scc': [ '1.1.0' ],
51 silly audit   '@rushstack/eslint-patch': [ '1.15.0' ],
51 silly audit   '@sinclair/typebox': [ '0.24.51' ],
51 silly audit   '@sinonjs/commons': [ '1.8.6' ],
51 silly audit   '@sinonjs/fake-timers': [ '8.1.0' ],
51 silly audit   '@surma/rollup-plugin-off-main-thread': [ '2.2.3' ],
51 silly audit   '@svgr/babel-plugin-add-jsx-attribute': [ '5.4.0' ],
51 silly audit   '@svgr/babel-plugin-remove-jsx-attribute': [ '5.4.0' ],
51 silly audit   '@svgr/babel-plugin-remove-jsx-empty-expression': [ '5.0.1' ],
51 silly audit   '@svgr/babel-plugin-replace-jsx-attribute-value': [ '5.0.1' ],
51 silly audit   '@svgr/babel-plugin-svg-dynamic-title': [ '5.4.0' ],
51 silly audit   '@svgr/babel-plugin-svg-em-dimensions': [ '5.4.0' ],
51 silly audit   '@svgr/babel-plugin-transform-react-native-svg': [ '5.4.0' ],
51 silly audit   '@svgr/babel-plugin-transform-svg-component': [ '5.5.0' ],
51 silly audit   '@svgr/babel-preset': [ '5.5.0' ],
51 silly audit   '@svgr/core': [ '5.5.0' ],
51 silly audit   '@svgr/hast-util-to-babel-ast': [ '5.5.0' ],
51 silly audit   '@svgr/plugin-jsx': [ '5.5.0' ],
51 silly audit   '@svgr/plugin-svgo': [ '5.5.0' ],
51 silly audit   '@svgr/webpack': [ '5.5.0' ],
51 silly audit   '@testing-library/dom': [ '10.4.1' ],
51 silly audit   'aria-query': [ '5.3.0', '5.3.2' ],
51 silly audit   '@testing-library/jest-dom': [ '6.9.1' ],
51 silly audit   'dom-accessibility-api': [ '0.6.3', '0.5.16' ],
51 silly audit   '@testing-library/react': [ '16.3.1' ],
51 silly audit   '@testing-library/user-event': [ '13.5.0' ],
51 silly audit   '@tootallnate/once': [ '1.1.2' ],
51 silly audit   '@trysound/sax': [ '0.2.0' ],
51 silly audit   '@types/aria-query': [ '5.0.4' ],
51 silly audit   '@types/babel__core': [ '7.20.5' ],
51 silly audit   '@types/babel__generator': [ '7.27.0' ],
51 silly audit   '@types/babel__template': [ '7.4.4' ],
51 silly audit   '@types/babel__traverse': [ '7.28.0' ],
51 silly audit   '@types/body-parser': [ '1.19.6' ],
51 silly audit   '@types/bonjour': [ '3.5.13' ],
51 silly audit   '@types/connect': [ '3.4.38' ],
51 silly audit   '@types/connect-history-api-fallback': [ '1.5.4' ],
51 silly audit   '@types/eslint': [ '8.56.12' ],
51 silly audit   '@types/eslint-scope': [ '3.7.7' ],
51 silly audit   '@types/express': [ '4.17.25' ],
51 silly audit   '@types/express-serve-static-core': [ '5.1.0', '4.19.7' ],
51 silly audit   '@types/graceful-fs': [ '4.1.9' ],
51 silly audit   '@types/html-minifier-terser': [ '6.1.0' ],
51 silly audit   '@types/http-errors': [ '2.0.5' ],
51 silly audit   '@types/http-proxy': [ '1.17.17' ],
51 silly audit   '@types/istanbul-lib-coverage': [ '2.0.6' ],
51 silly audit   '@types/istanbul-lib-report': [ '3.0.3' ],
51 silly audit   '@types/istanbul-reports': [ '3.0.4' ],
51 silly audit   '@types/json-schema': [ '7.0.15' ],
51 silly audit   '@types/json5': [ '0.0.29' ],
51 silly audit   '@types/mime': [ '1.3.5' ],
51 silly audit   '@types/node': [ '25.0.3' ],
51 silly audit   '@types/node-forge': [ '1.3.14' ],
51 silly audit   '@types/parse-json': [ '4.0.2' ],
51 silly audit   '@types/prettier': [ '2.7.3' ],
51 silly audit   '@types/q': [ '1.5.8' ],
51 silly audit   '@types/qs': [ '6.14.0' ],
51 silly audit   '@types/range-parser': [ '1.2.7' ],
51 silly audit   '@types/resolve': [ '1.17.1' ],
51 silly audit   '@types/retry': [ '0.12.0' ],
51 silly audit   '@types/semver': [ '7.7.1' ],
51 silly audit   '@types/send': [ '1.2.1', '0.17.6' ],
51 silly audit   '@types/serve-index': [ '1.9.4' ],
51 silly audit   '@types/serve-static': [ '1.15.10' ],
51 silly audit   '@types/sockjs': [ '0.3.36' ],
51 silly audit   '@types/stack-utils': [ '2.0.3' ],
51 silly audit   '@types/trusted-types': [ '2.0.7' ],
51 silly audit   '@types/ws': [ '8.18.1' ],
51 silly audit   '@types/yargs': [ '16.0.11', '17.0.35' ],
51 silly audit   '@types/yargs-parser': [ '21.0.3' ],
51 silly audit   '@typescript-eslint/eslint-plugin': [ '5.62.0' ],
51 silly audit   '@typescript-eslint/experimental-utils': [ '5.62.0' ],
51 silly audit   '@typescript-eslint/parser': [ '5.62.0' ],
51 silly audit   '@typescript-eslint/scope-manager': [ '5.62.0' ],
51 silly audit   '@typescript-eslint/type-utils': [ '5.62.0' ],
51 silly audit   '@typescript-eslint/types': [ '5.62.0' ],
51 silly audit   '@typescript-eslint/typescript-estree': [ '5.62.0' ],
51 silly audit   '@typescript-eslint/utils': [ '5.62.0' ],
51 silly audit   '@typescript-eslint/visitor-keys': [ '5.62.0' ],
51 silly audit   '@ungap/structured-clone': [ '1.3.0' ],
51 silly audit   '@webassemblyjs/ast': [ '1.14.1' ],
51 silly audit   '@webassemblyjs/floating-point-hex-parser': [ '1.13.2' ],
51 silly audit   '@webassemblyjs/helper-api-error': [ '1.13.2' ],
51 silly audit   '@webassemblyjs/helper-buffer': [ '1.14.1' ],
51 silly audit   '@webassemblyjs/helper-numbers': [ '1.13.2' ],
51 silly audit   '@webassemblyjs/helper-wasm-bytecode': [ '1.13.2' ],
51 silly audit   '@webassemblyjs/helper-wasm-section': [ '1.14.1' ],
51 silly audit   '@webassemblyjs/ieee754': [ '1.13.2' ],
51 silly audit   '@webassemblyjs/leb128': [ '1.13.2' ],
51 silly audit   '@webassemblyjs/utf8': [ '1.13.2' ],
51 silly audit   '@webassemblyjs/wasm-edit': [ '1.14.1' ],
51 silly audit   '@webassemblyjs/wasm-gen': [ '1.14.1' ],
51 silly audit   '@webassemblyjs/wasm-opt': [ '1.14.1' ],
51 silly audit   '@webassemblyjs/wasm-parser': [ '1.14.1' ],
51 silly audit   '@webassemblyjs/wast-printer': [ '1.14.1' ],
51 silly audit   '@xtuc/ieee754': [ '1.2.0' ],
51 silly audit   '@xtuc/long': [ '4.2.2' ],
51 silly audit   abab: [ '2.0.6' ],
51 silly audit   accepts: [ '1.3.8' ],
51 silly audit   negotiator: [ '0.6.3', '0.6.4' ],
51 silly audit   acorn: [ '8.15.0', '7.4.1' ],
51 silly audit   'acorn-globals': [ '6.0.0' ],
51 silly audit   'acorn-import-phases': [ '1.0.4' ],
51 silly audit   'acorn-jsx': [ '5.3.2' ],
51 silly audit   'acorn-walk': [ '7.2.0' ],
51 silly audit   address: [ '1.2.2' ],
51 silly audit   'adjust-sourcemap-loader': [ '4.0.0' ],
51 silly audit   'agent-base': [ '6.0.2' ],
51 silly audit   ajv: [ '6.12.6', '8.17.1' ],
51 silly audit   'ajv-formats': [ '2.1.1' ],
51 silly audit   'json-schema-traverse': [ '1.0.0', '0.4.1' ],
51 silly audit   'ajv-keywords': [ '3.5.2', '5.1.0' ],
51 silly audit   'ansi-escapes': [ '4.3.2' ],
51 silly audit   'type-fest': [ '0.21.3', '0.16.0', '0.20.2' ],
51 silly audit   'ansi-html': [ '0.0.9' ],
51 silly audit   'ansi-html-community': [ '0.0.8' ],
51 silly audit   'ansi-regex': [ '5.0.1', '6.2.2' ],
51 silly audit   'ansi-styles': [ '4.3.0', '3.2.1', '5.2.0' ],
51 silly audit   'any-promise': [ '1.3.0' ],
51 silly audit   anymatch: [ '3.1.3' ],
51 silly audit   arg: [ '5.0.2' ],
51 silly audit   'array-buffer-byte-length': [ '1.0.2' ],
51 silly audit   'array-flatten': [ '1.1.1' ],
51 silly audit   'array-includes': [ '3.1.9' ],
51 silly audit   'array-union': [ '2.1.0' ],
51 silly audit   'array.prototype.findlast': [ '1.2.5' ],
51 silly audit   'array.prototype.findlastindex': [ '1.2.6' ],
51 silly audit   'array.prototype.flat': [ '1.3.3' ],
51 silly audit   'array.prototype.flatmap': [ '1.3.3' ],
51 silly audit   'array.prototype.reduce': [ '1.0.8' ],
51 silly audit   'array.prototype.tosorted': [ '1.1.4' ],
51 silly audit   'arraybuffer.prototype.slice': [ '1.0.4' ],
51 silly audit   asap: [ '2.0.6' ],
51 silly audit   'ast-types-flow': [ '0.0.8' ],
51 silly audit   async: [ '3.2.6' ],
51 silly audit   'async-function': [ '1.0.0' ],
51 silly audit   asynckit: [ '0.4.0' ],
51 silly audit   'at-least-node': [ '1.0.0' ],
51 silly audit   autoprefixer: [ '10.4.23' ],
51 silly audit   'available-typed-arrays': [ '1.0.7' ],
51 silly audit   'axe-core': [ '4.11.0' ],
51 silly audit   axios: [ '1.13.2' ],
51 silly audit   'form-data': [ '4.0.5', '3.0.4' ],
51 silly audit   'axobject-query': [ '4.1.0' ],
51 silly audit   'babel-jest': [ '27.5.1' ],
51 silly audit   'babel-loader': [ '8.4.1' ],
51 silly audit   'schema-utils': [ '2.7.1', '3.3.0', '2.7.0', '4.3.3' ],
51 silly audit   'babel-plugin-istanbul': [ '6.1.1' ],
51 silly audit   'babel-plugin-jest-hoist': [ '27.5.1' ],
51 silly audit   'babel-plugin-macros': [ '3.1.0' ],
51 silly audit   'babel-plugin-named-asset-import': [ '0.3.8' ],
51 silly audit   'babel-plugin-polyfill-corejs2': [ '0.4.14' ],
51 silly audit   'babel-plugin-polyfill-corejs3': [ '0.13.0' ],
51 silly audit   'babel-plugin-polyfill-regenerator': [ '0.6.5' ],
51 silly audit   'babel-plugin-transform-react-remove-prop-types': [ '0.4.24' ],
51 silly audit   'babel-preset-current-node-syntax': [ '1.2.0' ],
51 silly audit   'babel-preset-jest': [ '27.5.1' ],
51 silly audit   'babel-preset-react-app': [ '10.1.0' ],
51 silly audit   'balanced-match': [ '1.0.2' ],
51 silly audit   'baseline-browser-mapping': [ '2.9.11' ],
51 silly audit   batch: [ '0.6.1' ],
51 silly audit   bfj: [ '7.1.0' ],
51 silly audit   'big.js': [ '5.2.2' ],
51 silly audit   'binary-extensions': [ '2.3.0' ],
51 silly audit   bluebird: [ '3.7.2' ],
51 silly audit   'body-parser': [ '1.20.4' ],
51 silly audit   debug: [ '2.6.9', '4.4.3', '3.2.7' ],
51 silly audit   'iconv-lite': [ '0.4.24', '0.6.3' ],
51 silly audit   ms: [ '2.0.0', '2.1.3' ],
51 silly audit   'bonjour-service': [ '1.3.0' ],
51 silly audit   boolbase: [ '1.0.0' ],
51 silly audit   'brace-expansion': [ '1.1.12', '2.0.2' ],
51 silly audit   braces: [ '3.0.3' ],
51 silly audit   'browser-process-hrtime': [ '1.0.0' ],
51 silly audit   browserslist: [ '4.28.1' ],
51 silly audit   bser: [ '2.1.1' ],
51 silly audit   'buffer-from': [ '1.1.2' ],
51 silly audit   'builtin-modules': [ '3.3.0' ],
51 silly audit   bytes: [ '3.1.2' ],
51 silly audit   'call-bind': [ '1.0.8' ],
51 silly audit   'call-bind-apply-helpers': [ '1.0.2' ],
51 silly audit   'call-bound': [ '1.0.4' ],
51 silly audit   callsites: [ '3.1.0' ],
51 silly audit   'camel-case': [ '4.1.2' ],
51 silly audit   'camelcase-css': [ '2.0.1' ],
51 silly audit   'caniuse-api': [ '3.0.0' ],
51 silly audit   'caniuse-lite': [ '1.0.30001762' ],
51 silly audit   'case-sensitive-paths-webpack-plugin': [ '2.4.0' ],
51 silly audit   chalk: [ '4.1.2', '2.4.2' ],
51 silly audit   'char-regex': [ '1.0.2', '2.0.2' ],
51 silly audit   'check-types': [ '11.2.3' ],
51 silly audit   chokidar: [ '3.6.0' ],
51 silly audit   'glob-parent': [ '5.1.2', '6.0.2' ],
51 silly audit   'chrome-trace-event': [ '1.0.4' ],
51 silly audit   'ci-info': [ '3.9.0' ],
51 silly audit   'cjs-module-lexer': [ '1.4.3' ],
51 silly audit   'clean-css': [ '5.3.3' ],
51 silly audit   cliui: [ '7.0.4' ],
51 silly audit   co: [ '4.6.0' ],
51 silly audit   coa: [ '2.0.2' ],
51 silly audit   'color-convert': [ '1.9.3', '2.0.1' ],
51 silly audit   'color-name': [ '1.1.3', '1.1.4' ],
51 silly audit   'escape-string-regexp': [ '1.0.5', '4.0.0', '2.0.0' ],
51 silly audit   'has-flag': [ '3.0.0', '4.0.0' ],
51 silly audit   'supports-color': [ '5.5.0', '8.1.1', '7.2.0' ],
51 silly audit   'collect-v8-coverage': [ '1.0.3' ],
51 silly audit   colord: [ '2.9.3' ],
51 silly audit   colorette: [ '2.0.20' ],
51 silly audit   'combined-stream': [ '1.0.8' ],
51 silly audit   commander: [ '8.3.0', '7.2.0', '4.1.1', '2.20.3' ],
51 silly audit   'common-tags': [ '1.8.2' ],
51 silly audit   commondir: [ '1.0.1' ],
51 silly audit   compressible: [ '2.0.18' ],
51 silly audit   compression: [ '1.8.1' ],
51 silly audit   'concat-map': [ '0.0.1' ],
51 silly audit   'confusing-browser-globals': [ '1.0.11' ],
51 silly audit   'connect-history-api-fallback': [ '2.0.0' ],
51 silly audit   'content-disposition': [ '0.5.4' ],
51 silly audit   'content-type': [ '1.0.5' ],
51 silly audit   cookie: [ '0.7.2' ],
51 silly audit   'cookie-signature': [ '1.0.7' ],
51 silly audit   'core-js': [ '3.47.0' ],
51 silly audit   'core-js-compat': [ '3.47.0' ],
51 silly audit   'core-js-pure': [ '3.47.0' ],
51 silly audit   'core-util-is': [ '1.0.3' ],
51 silly audit   cosmiconfig: [ '7.1.0', '6.0.0' ],
51 silly audit   'cross-spawn': [ '7.0.6' ],
51 silly audit   'crypto-random-string': [ '2.0.0' ],
51 silly audit   'css-blank-pseudo': [ '3.0.3' ],
51 silly audit   'css-declaration-sorter': [ '6.4.1' ],
51 silly audit   'css-has-pseudo': [ '3.0.4' ],
51 silly audit   'css-loader': [ '6.11.0' ],
51 silly audit   'css-minimizer-webpack-plugin': [ '3.4.1' ],
51 silly audit   'css-prefers-color-scheme': [ '6.0.3' ],
51 silly audit   'css-select': [ '4.3.0', '2.1.0' ],
51 silly audit   'css-select-base-adapter': [ '0.1.1' ],
51 silly audit   'css-tree': [ '1.0.0-alpha.37', '1.1.3' ],
51 silly audit   'css-what': [ '6.2.2', '3.4.2' ],
51 silly audit   'css.escape': [ '1.5.1' ],
51 silly audit   cssdb: [ '7.11.2' ],
51 silly audit   cssesc: [ '3.0.0' ],
51 silly audit   cssnano: [ '5.1.15' ],
51 silly audit   'cssnano-preset-default': [ '5.2.14' ],
51 silly audit   'cssnano-utils': [ '3.1.0' ],
51 silly audit   csso: [ '4.2.0' ],
51 silly audit   'mdn-data': [ '2.0.14', '2.0.4' ],
51 silly audit   cssom: [ '0.4.4', '0.3.8' ],
51 silly audit   cssstyle: [ '2.3.0' ],
51 silly audit   'damerau-levenshtein': [ '1.0.8' ],
51 silly audit   'data-urls': [ '2.0.0' ],
51 silly audit   'data-view-buffer': [ '1.0.2' ],
51 silly audit   'data-view-byte-length': [ '1.0.2' ],
51 silly audit   'data-view-byte-offset': [ '1.0.1' ],
51 silly audit   'decimal.js': [ '10.6.0' ],
51 silly audit   dedent: [ '0.7.0' ],
51 silly audit   'deep-is': [ '0.1.4' ],
51 silly audit   deepmerge: [ '4.3.1' ],
51 silly audit   'default-gateway': [ '6.0.3' ],
51 silly audit   'define-data-property': [ '1.1.4' ],
51 silly audit   'define-lazy-prop': [ '2.0.0' ],
51 silly audit   'define-properties': [ '1.2.1' ],
51 silly audit   'delayed-stream': [ '1.0.0' ],
51 silly audit   depd: [ '2.0.0', '1.1.2' ],
51 silly audit   dequal: [ '2.0.3' ],
51 silly audit   destroy: [ '1.2.0' ],
51 silly audit   'detect-newline': [ '3.1.0' ],
51 silly audit   'detect-node': [ '2.1.0' ],
51 silly audit   'detect-port-alt': [ '1.1.6' ],
51 silly audit   didyoumean: [ '1.2.2' ],
51 silly audit   'diff-sequences': [ '27.5.1' ],
51 silly audit   'dir-glob': [ '3.0.1' ],
51 silly audit   dlv: [ '1.1.3' ],
51 silly audit   'dns-packet': [ '5.6.1' ],
51 silly audit   doctrine: [ '3.0.0', '2.1.0' ],
51 silly audit   'dom-converter': [ '0.2.0' ],
51 silly audit   'dom-serializer': [ '1.4.1', '0.2.2' ],
51 silly audit   domelementtype: [ '2.3.0', '1.3.1' ],
51 silly audit   domexception: [ '2.0.1' ],
51 silly audit   'webidl-conversions': [ '5.0.0', '6.1.0', '4.0.2' ],
51 silly audit   domhandler: [ '4.3.1' ],
51 silly audit   domutils: [ '2.8.0', '1.7.0' ],
51 silly audit   'dot-case': [ '3.0.4' ],
51 silly audit   dotenv: [ '10.0.0' ],
51 silly audit   'dotenv-expand': [ '5.1.0' ],
51 silly audit   'dunder-proto': [ '1.0.1' ],
51 silly audit   duplexer: [ '0.1.2' ],
51 silly audit   'ee-first': [ '1.1.1' ],
51 silly audit   ejs: [ '3.1.10' ],
51 silly audit   'electron-to-chromium': [ '1.5.267' ],
51 silly audit   emittery: [ '0.8.1', '0.10.2' ],
51 silly audit   'emoji-regex': [ '9.2.2', '8.0.0' ],
51 silly audit   'emojis-list': [ '3.0.0' ],
51 silly audit   encodeurl: [ '2.0.0' ],
51 silly audit   'enhanced-resolve': [ '5.18.4' ],
51 silly audit   entities: [ '2.2.0' ],
51 silly audit   'error-ex': [ '1.3.4' ],
51 silly audit   'error-stack-parser': [ '2.1.4' ],
51 silly audit   'es-abstract': [ '1.24.1' ],
51 silly audit   'es-array-method-boxes-properly': [ '1.0.0' ],
51 silly audit   'es-define-property': [ '1.0.1' ],
51 silly audit   'es-errors': [ '1.3.0' ],
51 silly audit   'es-iterator-helpers': [ '1.2.2' ],
51 silly audit   'es-module-lexer': [ '2.0.0' ],
51 silly audit   'es-object-atoms': [ '1.1.1' ],
51 silly audit   'es-set-tostringtag': [ '2.1.0' ],
51 silly audit   'es-shim-unscopables': [ '1.1.0' ],
51 silly audit   'es-to-primitive': [ '1.3.0' ],
51 silly audit   escalade: [ '3.2.0' ],
51 silly audit   'escape-html': [ '1.0.3' ],
51 silly audit   escodegen: [ '2.1.0', '1.14.3' ],
51 silly audit   eslint: [ '8.57.1' ],
51 silly audit   'eslint-config-react-app': [ '7.0.1' ],
51 silly audit   'eslint-import-resolver-node': [ '0.3.9' ],
51 silly audit   'eslint-module-utils': [ '2.12.1' ],
51 silly audit   'eslint-plugin-flowtype': [ '8.0.3' ],
51 silly audit   'eslint-plugin-import': [ '2.32.0' ],
51 silly audit   'eslint-plugin-jest': [ '25.7.0' ],
51 silly audit   'eslint-plugin-jsx-a11y': [ '6.10.2' ],
51 silly audit   'eslint-plugin-react': [ '7.37.5' ],
51 silly audit   'eslint-plugin-react-hooks': [ '4.6.2' ],
51 silly audit   resolve: [ '2.0.0-next.5', '1.22.11' ],
51 silly audit   'eslint-plugin-testing-library': [ '5.11.1' ],
51 silly audit   'eslint-webpack-plugin': [ '3.2.0' ],
51 silly audit   'jest-worker': [ '28.1.3', '27.5.1', '26.6.2' ],
51 silly audit   'find-up': [ '5.0.0', '4.1.0', '3.0.0' ],
51 silly audit   'locate-path': [ '6.0.0', '5.0.0', '3.0.0' ],
51 silly audit   'p-limit': [ '3.1.0', '2.3.0' ],
51 silly audit   'p-locate': [ '5.0.0', '4.1.0', '3.0.0' ],
51 silly audit   espree: [ '9.6.1' ],
51 silly audit   esprima: [ '4.0.1', '1.2.2' ],
51 silly audit   esquery: [ '1.7.0' ],
51 silly audit   esrecurse: [ '4.3.0' ],
51 silly audit   'estree-walker': [ '1.0.1' ],
51 silly audit   esutils: [ '2.0.3' ],
51 silly audit   etag: [ '1.8.1' ],
51 silly audit   eventemitter3: [ '4.0.7' ],
51 silly audit   events: [ '3.3.0' ],
51 silly audit   execa: [ '5.1.1' ],
51 silly audit   exit: [ '0.1.2' ],
51 silly audit   expect: [ '27.5.1' ],
51 silly audit   express: [ '4.22.1' ],
51 silly audit   'fast-deep-equal': [ '3.1.3' ],
51 silly audit   'fast-glob': [ '3.3.3' ],
51 silly audit   'fast-json-stable-stringify': [ '2.1.0' ],
51 silly audit   'fast-levenshtein': [ '2.0.6' ],
51 silly audit   'fast-uri': [ '3.1.0' ],
51 silly audit   fastq: [ '1.20.1' ],
51 silly audit   'faye-websocket': [ '0.11.4' ],
51 silly audit   'fb-watchman': [ '2.0.2' ],
51 silly audit   'file-entry-cache': [ '6.0.1' ],
51 silly audit   'file-loader': [ '6.2.0' ],
51 silly audit   filelist: [ '1.0.4' ],
51 silly audit   minimatch: [ '5.1.6', '3.1.2' ],
51 silly audit   filesize: [ '8.0.7' ],
51 silly audit   'fill-range': [ '7.1.1' ],
51 silly audit   finalhandler: [ '1.3.2' ],
51 silly audit   'find-cache-dir': [ '3.3.2' ],
51 silly audit   'flat-cache': [ '3.2.0' ],
51 silly audit   flatted: [ '3.3.3' ],
51 silly audit   'follow-redirects': [ '1.15.11' ],
51 silly audit   'for-each': [ '0.3.5' ],
51 silly audit   'fork-ts-checker-webpack-plugin': [ '6.5.3' ],
51 silly audit   'fs-extra': [ '9.1.0', '10.1.0' ],
51 silly audit   tapable: [ '1.1.3', '2.3.0' ],
51 silly audit   forwarded: [ '0.2.0' ],
51 silly audit   'fraction.js': [ '5.3.4' ],
51 silly audit   fresh: [ '0.5.2' ],
51 silly audit   'fs-monkey': [ '1.1.0' ],
51 silly audit   'fs.realpath': [ '1.0.0' ],
51 silly audit   fsevents: [ '2.3.3' ],
51 silly audit   'function-bind': [ '1.1.2' ],
51 silly audit   'function.prototype.name': [ '1.1.8' ],
51 silly audit   'functions-have-names': [ '1.2.3' ],
51 silly audit   'generator-function': [ '2.0.1' ],
51 silly audit   gensync: [ '1.0.0-beta.2' ],
51 silly audit   'get-caller-file': [ '2.0.5' ],
51 silly audit   'get-intrinsic': [ '1.3.0' ],
51 silly audit   'get-own-enumerable-property-symbols': [ '3.0.2' ],
51 silly audit   'get-package-type': [ '0.1.0' ],
51 silly audit   'get-proto': [ '1.0.1' ],
51 silly audit   'get-stream': [ '6.0.1' ],
51 silly audit   'get-symbol-description': [ '1.1.0' ],
51 silly audit   glob: [ '7.2.3' ],
51 silly audit   'glob-to-regexp': [ '0.4.1' ],
51 silly audit   'global-modules': [ '2.0.0' ],
51 silly audit   'global-prefix': [ '3.0.0' ],
51 silly audit   which: [ '1.3.1', '2.0.2' ],
51 silly audit   globals: [ '13.24.0' ],
51 silly audit   globalthis: [ '1.0.4' ],
51 silly audit   globby: [ '11.1.0' ],
51 silly audit   gopd: [ '1.2.0' ],
51 silly audit   'graceful-fs': [ '4.2.11' ],
51 silly audit   graphemer: [ '1.4.0' ],
51 silly audit   'gzip-size': [ '6.0.0' ],
51 silly audit   'handle-thing': [ '2.0.1' ],
51 silly audit   'harmony-reflect': [ '1.6.2' ],
51 silly audit   'has-bigints': [ '1.1.0' ],
51 silly audit   'has-property-descriptors': [ '1.0.2' ],
51 silly audit   'has-proto': [ '1.2.0' ],
51 silly audit   'has-symbols': [ '1.1.0' ],
51 silly audit   'has-tostringtag': [ '1.0.2' ],
51 silly audit   hasown: [ '2.0.2' ],
51 silly audit   he: [ '1.2.0' ],
51 silly audit   hoopy: [ '0.1.4' ],
51 silly audit   'hpack.js': [ '2.1.6' ],
51 silly audit   isarray: [ '1.0.0', '2.0.5' ],
51 silly audit   'readable-stream': [ '2.3.8', '3.6.2' ],
51 silly audit   'safe-buffer': [ '5.1.2', '5.2.1' ],
51 silly audit   string_decoder: [ '1.1.1', '1.3.0' ],
51 silly audit   'html-encoding-sniffer': [ '2.0.1' ],
51 silly audit   'html-entities': [ '2.6.0' ],
51 silly audit   'html-escaper': [ '2.0.2' ],
51 silly audit   'html-minifier-terser': [ '6.1.0' ],
51 silly audit   'html-webpack-plugin': [ '5.6.5' ],
51 silly audit   htmlparser2: [ '6.1.0' ],
51 silly audit   'http-deceiver': [ '1.2.7' ],
51 silly audit   'http-errors': [ '2.0.1', '1.6.3' ],
51 silly audit   'http-parser-js': [ '0.5.10' ],
51 silly audit   'http-proxy': [ '1.18.1' ],
51 silly audit   'http-proxy-agent': [ '4.0.1' ],
51 silly audit   'http-proxy-middleware': [ '2.0.9' ],
51 silly audit   'https-proxy-agent': [ '5.0.1' ],
51 silly audit   'human-signals': [ '2.1.0' ],
51 silly audit   'icss-utils': [ '5.1.0' ],
51 silly audit   idb: [ '7.1.1' ],
51 silly audit   'identity-obj-proxy': [ '3.0.0' ],
51 silly audit   ignore: [ '5.3.2' ],
51 silly audit   immer: [ '9.0.21' ],
51 silly audit   'import-fresh': [ '3.3.1' ],
51 silly audit   'resolve-from': [ '4.0.0', '5.0.0' ],
51 silly audit   'import-local': [ '3.2.0' ],
51 silly audit   imurmurhash: [ '0.1.4' ],
51 silly audit   'indent-string': [ '4.0.0' ],
51 silly audit   inflight: [ '1.0.6' ],
51 silly audit   inherits: [ '2.0.4', '2.0.3' ],
51 silly audit   ini: [ '1.3.8' ],
51 silly audit   'internal-slot': [ '1.1.0' ],
51 silly audit   'ipaddr.js': [ '2.3.0', '1.9.1' ],
51 silly audit   'is-array-buffer': [ '3.0.5' ],
51 silly audit   'is-arrayish': [ '0.2.1' ],
51 silly audit   'is-async-function': [ '2.1.1' ],
51 silly audit   'is-bigint': [ '1.1.0' ],
51 silly audit   'is-binary-path': [ '2.1.0' ],
51 silly audit   'is-boolean-object': [ '1.2.2' ],
51 silly audit   'is-callable': [ '1.2.7' ],
51 silly audit   'is-core-module': [ '2.16.1' ],
51 silly audit   'is-data-view': [ '1.0.2' ],
51 silly audit   'is-date-object': [ '1.1.0' ],
51 silly audit   'is-docker': [ '2.2.1' ],
51 silly audit   'is-extglob': [ '2.1.1' ],
51 silly audit   'is-finalizationregistry': [ '1.1.1' ],
51 silly audit   'is-fullwidth-code-point': [ '3.0.0' ],
51 silly audit   'is-generator-fn': [ '2.1.0' ],
51 silly audit   'is-generator-function': [ '1.1.2' ],
51 silly audit   'is-glob': [ '4.0.3' ],
51 silly audit   'is-map': [ '2.0.3' ],
51 silly audit   'is-module': [ '1.0.0' ],
51 silly audit   'is-negative-zero': [ '2.0.3' ],
51 silly audit   'is-number': [ '7.0.0' ],
51 silly audit   'is-number-object': [ '1.1.1' ],
51 silly audit   'is-obj': [ '1.0.1' ],
51 silly audit   'is-path-inside': [ '3.0.3' ],
51 silly audit   'is-plain-obj': [ '3.0.0' ],
51 silly audit   'is-potential-custom-element-name': [ '1.0.1' ],
51 silly audit   'is-regex': [ '1.2.1' ],
51 silly audit   'is-regexp': [ '1.0.0' ],
51 silly audit   'is-root': [ '2.1.0' ],
51 silly audit   'is-set': [ '2.0.3' ],
51 silly audit   'is-shared-array-buffer': [ '1.0.4' ],
51 silly audit   'is-stream': [ '2.0.1' ],
51 silly audit   'is-string': [ '1.1.1' ],
51 silly audit   'is-symbol': [ '1.1.1' ],
51 silly audit   'is-typed-array': [ '1.1.15' ],
51 silly audit   'is-typedarray': [ '1.0.0' ],
51 silly audit   'is-weakmap': [ '2.0.2' ],
51 silly audit   'is-weakref': [ '1.1.1' ],
51 silly audit   'is-weakset': [ '2.0.4' ],
51 silly audit   'is-wsl': [ '2.2.0' ],
51 silly audit   isexe: [ '2.0.0' ],
51 silly audit   'istanbul-lib-coverage': [ '3.2.2' ],
51 silly audit   'istanbul-lib-instrument': [ '5.2.1' ],
51 silly audit   'istanbul-lib-report': [ '3.0.1' ],
51 silly audit   'make-dir': [ '4.0.0', '3.1.0' ],
51 silly audit   'istanbul-lib-source-maps': [ '4.0.1' ],
51 silly audit   'istanbul-reports': [ '3.2.0' ],
51 silly audit   'iterator.prototype': [ '1.1.5' ],
51 silly audit   jake: [ '10.9.4' ],
51 silly audit   jest: [ '27.5.1' ],
51 silly audit   'jest-changed-files': [ '27.5.1' ],
51 silly audit   'jest-circus': [ '27.5.1' ],
51 silly audit   'jest-cli': [ '27.5.1' ],
51 silly audit   'jest-config': [ '27.5.1' ],
51 silly audit   'jest-diff': [ '27.5.1' ],
51 silly audit   'jest-docblock': [ '27.5.1' ],
51 silly audit   'jest-each': [ '27.5.1' ],
51 silly audit   'jest-environment-jsdom': [ '27.5.1' ],
51 silly audit   'jest-environment-node': [ '27.5.1' ],
51 silly audit   'jest-get-type': [ '27.5.1' ],
51 silly audit   'jest-haste-map': [ '27.5.1' ],
51 silly audit   'jest-jasmine2': [ '27.5.1' ],
51 silly audit   'jest-leak-detector': [ '27.5.1' ],
51 silly audit   'jest-matcher-utils': [ '27.5.1' ],
51 silly audit   'jest-message-util': [ '27.5.1', '28.1.3' ],
51 silly audit   'jest-mock': [ '27.5.1' ],
51 silly audit   'jest-pnp-resolver': [ '1.2.3' ],
51 silly audit   'jest-regex-util': [ '27.5.1', '28.0.2' ],
51 silly audit   'jest-resolve': [ '27.5.1' ],
51 silly audit   'jest-resolve-dependencies': [ '27.5.1' ],
51 silly audit   'jest-runner': [ '27.5.1' ],
51 silly audit   'jest-runtime': [ '27.5.1' ],
51 silly audit   'jest-serializer': [ '27.5.1' ],
51 silly audit   'jest-snapshot': [ '27.5.1' ],
51 silly audit   'jest-util': [ '27.5.1', '28.1.3' ],
51 silly audit   'jest-validate': [ '27.5.1' ],
51 silly audit   'jest-watch-typeahead': [ '1.1.0' ],
51 silly audit   slash: [ '3.0.0', '4.0.0' ],
51 silly audit   'jest-watcher': [ '28.1.3', '27.5.1' ],
51 silly audit   'string-length': [ '4.0.2', '5.0.1' ],
51 silly audit   'strip-ansi': [ '6.0.1', '7.1.2' ],
51 silly audit   'pretty-format': [ '28.1.3', '27.5.1' ],
51 silly audit   'react-is': [ '18.3.1', '16.13.1', '17.0.2' ],
51 silly audit   jiti: [ '1.21.7' ],
51 silly audit   'js-tokens': [ '4.0.0' ],
51 silly audit   jsdom: [ '16.7.0' ],
51 silly audit   jsesc: [ '3.1.0' ],
51 silly audit   'json-buffer': [ '3.0.1' ],
51 silly audit   'json-parse-even-better-errors': [ '2.3.1' ],
51 silly audit   'json-schema': [ '0.4.0' ],
51 silly audit   'json-stable-stringify-without-jsonify': [ '1.0.1' ],
51 silly audit   json5: [ '2.2.3', '1.0.2' ],
51 silly audit   jsonfile: [ '6.2.0' ],
51 silly audit   jsonpath: [ '1.1.1' ],
51 silly audit   jsonpointer: [ '5.0.1' ],
51 silly audit   'jsx-ast-utils': [ '3.3.5' ],
51 silly audit   keyv: [ '4.5.4' ],
51 silly audit   'kind-of': [ '6.0.3' ],
51 silly audit   kleur: [ '3.0.3' ],
51 silly audit   klona: [ '2.0.6' ],
51 silly audit   'language-subtag-registry': [ '0.3.23' ],
51 silly audit   'language-tags': [ '1.0.9' ],
51 silly audit   'launch-editor': [ '2.12.0' ],
51 silly audit   leven: [ '3.1.0' ],
51 silly audit   levn: [ '0.4.1', '0.3.0' ],
51 silly audit   lilconfig: [ '2.1.0', '3.1.3' ],
51 silly audit   'lines-and-columns': [ '1.2.4' ],
51 silly audit   'loader-runner': [ '4.3.1' ],
51 silly audit   'loader-utils': [ '2.0.4', '3.3.1' ],
51 silly audit   lodash: [ '4.17.21' ],
51 silly audit   'lodash.debounce': [ '4.0.8' ],
51 silly audit   'lodash.memoize': [ '4.1.2' ],
51 silly audit   'lodash.merge': [ '4.6.2' ],
51 silly audit   'lodash.sortby': [ '4.7.0' ],
51 silly audit   'lodash.uniq': [ '4.5.0' ],
51 silly audit   'loose-envify': [ '1.4.0' ],
51 silly audit   'lower-case': [ '2.0.2' ],
51 silly audit   'lru-cache': [ '5.1.1' ],
51 silly audit   'lz-string': [ '1.5.0' ],
51 silly audit   'magic-string': [ '0.25.9' ],
51 silly audit   makeerror: [ '1.0.12' ],
51 silly audit   'math-intrinsics': [ '1.1.0' ],
51 silly audit   'media-typer': [ '0.3.0' ],
51 silly audit   memfs: [ '3.5.3' ],
51 silly audit   'merge-descriptors': [ '1.0.3' ],
51 silly audit   'merge-stream': [ '2.0.0' ],
51 silly audit   merge2: [ '1.4.1' ],
51 silly audit   methods: [ '1.1.2' ],
51 silly audit   micromatch: [ '4.0.8' ],
51 silly audit   mime: [ '1.6.0' ],
51 silly audit   'mime-db': [ '1.52.0' ],
51 silly audit   'mime-types': [ '2.1.35' ],
51 silly audit   'mimic-fn': [ '2.1.0' ],
51 silly audit   'min-indent': [ '1.0.1' ],
51 silly audit   'mini-css-extract-plugin': [ '2.9.4' ],
51 silly audit   'minimalistic-assert': [ '1.0.1' ],
51 silly audit   minimist: [ '1.2.8' ],
51 silly audit   mkdirp: [ '0.5.6' ],
51 silly audit   'multicast-dns': [ '7.2.5' ],
51 silly audit   mz: [ '2.7.0' ],
51 silly audit   nanoid: [ '3.3.11' ],
51 silly audit   'natural-compare': [ '1.4.0' ],
51 silly audit   'natural-compare-lite': [ '1.4.0' ],
51 silly audit   'neo-async': [ '2.6.2' ],
51 silly audit   'no-case': [ '3.0.4' ],
51 silly audit   'node-forge': [ '1.3.3' ],
51 silly audit   'node-int64': [ '0.4.0' ],
51 silly audit   'node-releases': [ '2.0.27' ],
51 silly audit   'normalize-path': [ '3.0.0' ],
51 silly audit   'normalize-url': [ '6.1.0' ],
51 silly audit   'npm-run-path': [ '4.0.1' ],
51 silly audit   'nth-check': [ '2.1.1', '1.0.2' ],
51 silly audit   nwsapi: [ '2.2.23' ],
51 silly audit   'object-assign': [ '4.1.1' ],
51 silly audit   'object-hash': [ '3.0.0' ],
51 silly audit   'object-inspect': [ '1.13.4' ],
51 silly audit   'object-keys': [ '1.1.1' ],
51 silly audit   'object.assign': [ '4.1.7' ],
51 silly audit   'object.entries': [ '1.1.9' ],
51 silly audit   'object.fromentries': [ '2.0.8' ],
51 silly audit   'object.getownpropertydescriptors': [ '2.1.9' ],
51 silly audit   'object.groupby': [ '1.0.3' ],
51 silly audit   'object.values': [ '1.2.1' ],
51 silly audit   obuf: [ '1.1.2' ],
51 silly audit   'on-finished': [ '2.4.1' ],
51 silly audit   'on-headers': [ '1.1.0' ],
51 silly audit   once: [ '1.4.0' ],
51 silly audit   onetime: [ '5.1.2' ],
51 silly audit   open: [ '8.4.2' ],
51 silly audit   optionator: [ '0.9.4', '0.8.3' ],
51 silly audit   'own-keys': [ '1.0.1' ],
51 silly audit   'p-retry': [ '4.6.2' ],
51 silly audit   'p-try': [ '2.2.0' ],
51 silly audit   'param-case': [ '3.0.4' ],
51 silly audit   'parent-module': [ '1.0.1' ],
51 silly audit   'parse-json': [ '5.2.0' ],
51 silly audit   parse5: [ '6.0.1' ],
51 silly audit   parseurl: [ '1.3.3' ],
51 silly audit   'pascal-case': [ '3.1.2' ],
51 silly audit   'path-exists': [ '4.0.0', '3.0.0' ],
51 silly audit   'path-is-absolute': [ '1.0.1' ],
51 silly audit   'path-key': [ '3.1.1' ],
51 silly audit   'path-parse': [ '1.0.7' ],
51 silly audit   'path-to-regexp': [ '0.1.12' ],
51 silly audit   'path-type': [ '4.0.0' ],
51 silly audit   'performance-now': [ '2.1.0' ],
51 silly audit   picocolors: [ '1.1.1', '0.2.1' ],
51 silly audit   picomatch: [ '2.3.1', '4.0.3' ],
51 silly audit   pify: [ '2.3.0' ],
51 silly audit   pirates: [ '4.0.7' ],
51 silly audit   'pkg-dir': [ '4.2.0' ],
51 silly audit   'pkg-up': [ '3.1.0' ],
51 silly audit   'possible-typed-array-names': [ '1.1.0' ],
51 silly audit   postcss: [ '8.5.6', '7.0.39' ],
51 silly audit   'postcss-attribute-case-insensitive': [ '5.0.2' ],
51 silly audit   'postcss-browser-comments': [ '4.0.0' ],
51 silly audit   'postcss-calc': [ '8.2.4' ],
51 silly audit   'postcss-clamp': [ '4.1.0' ],
51 silly audit   'postcss-color-functional-notation': [ '4.2.4' ],
51 silly audit   'postcss-color-hex-alpha': [ '8.0.4' ],
51 silly audit   'postcss-color-rebeccapurple': [ '7.1.1' ],
51 silly audit   'postcss-colormin': [ '5.3.1' ],
51 silly audit   'postcss-convert-values': [ '5.1.3' ],
51 silly audit   'postcss-custom-media': [ '8.0.2' ],
51 silly audit   'postcss-custom-properties': [ '12.1.11' ],
51 silly audit   'postcss-custom-selectors': [ '6.0.3' ],
51 silly audit   'postcss-dir-pseudo-class': [ '6.0.5' ],
51 silly audit   'postcss-discard-comments': [ '5.1.2' ],
51 silly audit   'postcss-discard-duplicates': [ '5.1.0' ],
51 silly audit   'postcss-discard-empty': [ '5.1.1' ],
51 silly audit   'postcss-discard-overridden': [ '5.1.0' ],
51 silly audit   'postcss-double-position-gradients': [ '3.1.2' ],
51 silly audit   'postcss-env-function': [ '4.0.6' ],
51 silly audit   'postcss-flexbugs-fixes': [ '5.0.2' ],
51 silly audit   'postcss-focus-visible': [ '6.0.4' ],
51 silly audit   'postcss-focus-within': [ '5.0.4' ],
51 silly audit   'postcss-font-variant': [ '5.0.0' ],
51 silly audit   'postcss-gap-properties': [ '3.0.5' ],
51 silly audit   'postcss-image-set-function': [ '4.0.7' ],
51 silly audit   'postcss-import': [ '15.1.0' ],
51 silly audit   'postcss-initial': [ '4.0.1' ],
51 silly audit   'postcss-js': [ '4.1.0' ],
51 silly audit   'postcss-lab-function': [ '4.2.1' ],
51 silly audit   'postcss-loader': [ '6.2.1' ],
51 silly audit   'postcss-logical': [ '5.0.4' ],
51 silly audit   'postcss-media-minmax': [ '5.0.0' ],
51 silly audit   'postcss-merge-longhand': [ '5.1.7' ],
51 silly audit   'postcss-merge-rules': [ '5.1.4' ],
51 silly audit   'postcss-minify-font-values': [ '5.1.0' ],
51 silly audit   'postcss-minify-gradients': [ '5.1.1' ],
51 silly audit   'postcss-minify-params': [ '5.1.4' ],
51 silly audit   'postcss-minify-selectors': [ '5.2.1' ],
51 silly audit   'postcss-modules-extract-imports': [ '3.1.0' ],
51 silly audit   'postcss-modules-local-by-default': [ '4.2.0' ],
51 silly audit   'postcss-selector-parser': [ '7.1.1', '6.1.2' ],
51 silly audit   'postcss-modules-scope': [ '3.2.1' ],
51 silly audit   'postcss-modules-values': [ '4.0.0' ],
51 silly audit   'postcss-nested': [ '6.2.0' ],
51 silly audit   'postcss-nesting': [ '10.2.0' ],
51 silly audit   'postcss-normalize': [ '10.0.1' ],
51 silly audit   'postcss-normalize-charset': [ '5.1.0' ],
51 silly audit   'postcss-normalize-display-values': [ '5.1.0' ],
51 silly audit   'postcss-normalize-positions': [ '5.1.1' ],
51 silly audit   'postcss-normalize-repeat-style': [ '5.1.1' ],
51 silly audit   'postcss-normalize-string': [ '5.1.0' ],
51 silly audit   'postcss-normalize-timing-functions': [ '5.1.0' ],
51 silly audit   'postcss-normalize-unicode': [ '5.1.1' ],
51 silly audit   'postcss-normalize-url': [ '5.1.0' ],
51 silly audit   'postcss-normalize-whitespace': [ '5.1.1' ],
51 silly audit   'postcss-opacity-percentage': [ '1.1.3' ],
51 silly audit   'postcss-ordered-values': [ '5.1.3' ],
51 silly audit   'postcss-overflow-shorthand': [ '3.0.4' ],
51 silly audit   'postcss-page-break': [ '3.0.4' ],
51 silly audit   'postcss-place': [ '7.0.5' ],
51 silly audit   'postcss-preset-env': [ '7.8.3' ],
51 silly audit   'postcss-pseudo-class-any-link': [ '7.1.6' ],
51 silly audit   'postcss-reduce-initial': [ '5.1.2' ],
51 silly audit   'postcss-reduce-transforms': [ '5.1.0' ],
51 silly audit   'postcss-replace-overflow-wrap': [ '4.0.0' ],
51 silly audit   'postcss-selector-not': [ '6.0.1' ],
51 silly audit   'postcss-svgo': [ '5.1.0' ],
51 silly audit   svgo: [ '2.8.0', '1.3.2' ],
51 silly audit   'postcss-unique-selectors': [ '5.1.1' ],
51 silly audit   'postcss-value-parser': [ '4.2.0' ],
51 silly audit   'prelude-ls': [ '1.2.1', '1.1.2' ],
51 silly audit   'pretty-bytes': [ '5.6.0' ],
51 silly audit   'pretty-error': [ '4.0.0' ],
51 silly audit   'process-nextick-args': [ '2.0.1' ],
51 silly audit   promise: [ '8.3.0' ],
51 silly audit   prompts: [ '2.4.2' ],
51 silly audit   'prop-types': [ '15.8.1' ],
51 silly audit   'proxy-addr': [ '2.0.7' ],
51 silly audit   'proxy-from-env': [ '1.1.0' ],
51 silly audit   psl: [ '1.15.0' ],
51 silly audit   punycode: [ '2.3.1' ],
51 silly audit   q: [ '1.5.1' ],
51 silly audit   qs: [ '6.14.1' ],
51 silly audit   querystringify: [ '2.2.0' ],
51 silly audit   'queue-microtask': [ '1.2.3' ],
51 silly audit   raf: [ '3.4.1' ],
51 silly audit   randombytes: [ '2.1.0' ],
51 silly audit   'range-parser': [ '1.2.1' ],
51 silly audit   'raw-body': [ '2.5.3' ],
51 silly audit   react: [ '19.2.3' ],
51 silly audit   'react-app-polyfill': [ '3.0.0' ],
51 silly audit   'react-dev-utils': [ '12.0.1' ],
51 silly audit   'react-dom': [ '19.2.3' ],
51 silly audit   'react-error-overlay': [ '6.1.0' ],
51 silly audit   'react-refresh': [ '0.11.0' ],
51 silly audit   'react-scripts': [ '5.0.1' ],
51 silly audit   'read-cache': [ '1.0.0' ],
51 silly audit   readdirp: [ '3.6.0' ],
51 silly audit   'recursive-readdir': [ '2.2.3' ],
51 silly audit   redent: [ '3.0.0' ],
51 silly audit   'reflect.getprototypeof': [ '1.0.10' ],
51 silly audit   regenerate: [ '1.4.2' ],
51 silly audit   'regenerate-unicode-properties': [ '10.2.2' ],
51 silly audit   'regenerator-runtime': [ '0.13.11' ],
51 silly audit   'regex-parser': [ '2.3.1' ],
51 silly audit   'regexp.prototype.flags': [ '1.5.4' ],
51 silly audit   'regexpu-core': [ '6.4.0' ],
51 silly audit   regjsgen: [ '0.8.0' ],
51 silly audit   regjsparser: [ '0.13.0' ],
51 silly audit   relateurl: [ '0.2.7' ],
51 silly audit   renderkid: [ '3.0.0' ],
51 silly audit   'require-directory': [ '2.1.1' ],
51 silly audit   'require-from-string': [ '2.0.2' ],
51 silly audit   'requires-port': [ '1.0.0' ],
51 silly audit   'resolve-cwd': [ '3.0.0' ],
51 silly audit   'resolve-url-loader': [ '4.0.0' ],
51 silly audit   'resolve.exports': [ '1.1.1' ],
51 silly audit   retry: [ '0.13.1' ],
51 silly audit   reusify: [ '1.1.0' ],
51 silly audit   rimraf: [ '3.0.2' ],
51 silly audit   rollup: [ '2.79.2' ],
51 silly audit   'rollup-plugin-terser': [ '7.0.2' ],
51 silly audit   'serialize-javascript': [ '4.0.0', '6.0.2' ],
51 silly audit   'run-parallel': [ '1.2.0' ],
51 silly audit   'safe-array-concat': [ '1.1.3' ],
51 silly audit   'safe-push-apply': [ '1.0.0' ],
51 silly audit   'safe-regex-test': [ '1.1.0' ],
51 silly audit   'safer-buffer': [ '2.1.2' ],
51 silly audit   'sanitize.css': [ '13.0.0' ],
51 silly audit   'sass-loader': [ '12.6.0' ],
51 silly audit   sax: [ '1.2.4' ],
51 silly audit   saxes: [ '5.0.1' ],
51 silly audit   scheduler: [ '0.27.0' ],
51 silly audit   'select-hose': [ '2.0.0' ],
51 silly audit   selfsigned: [ '2.4.1' ],
51 silly audit   send: [ '0.19.2' ],
51 silly audit   'serve-index': [ '1.9.1' ],
51 silly audit   setprototypeof: [ '1.1.0', '1.2.0' ],
51 silly audit   statuses: [ '1.5.0', '2.0.2' ],
51 silly audit   'serve-static': [ '1.16.3' ],
51 silly audit   'set-function-length': [ '1.2.2' ],
51 silly audit   'set-function-name': [ '2.0.2' ],
51 silly audit   'set-proto': [ '1.0.0' ],
51 silly audit   'shebang-command': [ '2.0.0' ],
51 silly audit   'shebang-regex': [ '3.0.0' ],
51 silly audit   'shell-quote': [ '1.8.3' ],
51 silly audit   'side-channel': [ '1.1.0' ],
51 silly audit   'side-channel-list': [ '1.0.0' ],
51 silly audit   'side-channel-map': [ '1.0.1' ],
51 silly audit   'side-channel-weakmap': [ '1.0.2' ],
51 silly audit   'signal-exit': [ '3.0.7' ],
51 silly audit   sisteransi: [ '1.0.5' ],
51 silly audit   sockjs: [ '0.3.24' ],
51 silly audit   'source-list-map': [ '2.0.1' ],
51 silly audit   'source-map-js': [ '1.2.1' ],
51 silly audit   'source-map-loader': [ '3.0.2' ],
51 silly audit   'source-map-support': [ '0.5.21' ],
51 silly audit   'sourcemap-codec': [ '1.4.8' ],
51 silly audit   spdy: [ '4.0.2' ],
51 silly audit   'spdy-transport': [ '3.0.0' ],
51 silly audit   'sprintf-js': [ '1.0.3' ],
51 silly audit   stable: [ '0.1.8' ],
51 silly audit   'stack-utils': [ '2.0.6' ],
51 silly audit   stackframe: [ '1.3.4' ],
51 silly audit   'static-eval': [ '2.0.2' ],
51 silly audit   'type-check': [ '0.3.2', '0.4.0' ],
51 silly audit   'stop-iteration-iterator': [ '1.1.0' ],
51 silly audit   'string-natural-compare': [ '3.0.1' ],
51 silly audit   'string-width': [ '4.2.3' ],
51 silly audit   'string.prototype.includes': [ '2.0.1' ],
51 silly audit   'string.prototype.matchall': [ '4.0.12' ],
51 silly audit   'string.prototype.repeat': [ '1.0.0' ],
51 silly audit   'string.prototype.trim': [ '1.2.10' ],
51 silly audit   'string.prototype.trimend': [ '1.0.9' ],
51 silly audit   'string.prototype.trimstart': [ '1.0.8' ],
51 silly audit   'stringify-object': [ '3.3.0' ],
51 silly audit   'strip-bom': [ '4.0.0', '3.0.0' ],
51 silly audit   'strip-comments': [ '2.0.1' ],
51 silly audit   'strip-final-newline': [ '2.0.0' ],
51 silly audit   'strip-indent': [ '3.0.0' ],
51 silly audit   'strip-json-comments': [ '3.1.1' ],
51 silly audit   'style-loader': [ '3.3.4' ],
51 silly audit   stylehacks: [ '5.1.1' ],
51 silly audit   sucrase: [ '3.35.1' ],
51 silly audit   'supports-hyperlinks': [ '2.3.0' ],
51 silly audit   'supports-preserve-symlinks-flag': [ '1.0.0' ],
51 silly audit   'svg-parser': [ '2.0.4' ],
51 silly audit   'symbol-tree': [ '3.2.4' ],
51 silly audit   tailwindcss: [ '3.4.19' ],
51 silly audit   'postcss-load-config': [ '6.0.1' ],
51 silly audit   yaml: [ '2.8.2', '1.10.2' ],
51 silly audit   'temp-dir': [ '2.0.0' ],
51 silly audit   tempy: [ '0.6.0' ],
51 silly audit   'terminal-link': [ '2.1.1' ],
51 silly audit   terser: [ '5.44.1' ],
51 silly audit   'terser-webpack-plugin': [ '5.3.16' ],
51 silly audit   'test-exclude': [ '6.0.0' ],
51 silly audit   'text-table': [ '0.2.0' ],
51 silly audit   thenify: [ '3.3.1' ],
51 silly audit   'thenify-all': [ '1.6.0' ],
51 silly audit   throat: [ '6.0.2' ],
51 silly audit   thunky: [ '1.1.0' ],
51 silly audit   tinyglobby: [ '0.2.15' ],
51 silly audit   fdir: [ '6.5.0' ],
51 silly audit   tmpl: [ '1.0.5' ],
51 silly audit   'to-regex-range': [ '5.0.1' ],
51 silly audit   toidentifier: [ '1.0.1' ],
51 silly audit   'tough-cookie': [ '4.1.4' ],
51 silly audit   universalify: [ '0.2.0', '2.0.1' ],
51 silly audit   tr46: [ '2.1.0', '1.0.1' ],
51 silly audit   tryer: [ '1.0.1' ],
51 silly audit   'ts-interface-checker': [ '0.1.13' ],
51 silly audit   'tsconfig-paths': [ '3.15.0' ],
51 silly audit   tslib: [ '2.8.1', '1.14.1' ],
51 silly audit   tsutils: [ '3.21.0' ],
51 silly audit   'type-detect': [ '4.0.8' ],
51 silly audit   'type-is': [ '1.6.18' ],
51 silly audit   'typed-array-buffer': [ '1.0.3' ],
51 silly audit   'typed-array-byte-length': [ '1.0.3' ],
51 silly audit   'typed-array-byte-offset': [ '1.0.4' ],
51 silly audit   'typed-array-length': [ '1.0.7' ],
51 silly audit   'typedarray-to-buffer': [ '3.1.5' ],
51 silly audit   typescript: [ '4.9.5' ],
51 silly audit   'unbox-primitive': [ '1.1.0' ],
51 silly audit   underscore: [ '1.12.1' ],
51 silly audit   'undici-types': [ '7.16.0' ],
51 silly audit   'unicode-canonical-property-names-ecmascript': [ '2.0.1' ],
51 silly audit   'unicode-match-property-ecmascript': [ '2.0.0' ],
51 silly audit   'unicode-match-property-value-ecmascript': [ '2.2.1' ],
51 silly audit   'unicode-property-aliases-ecmascript': [ '2.2.0' ],
51 silly audit   'unique-string': [ '2.0.0' ],
51 silly audit   unpipe: [ '1.0.0' ],
51 silly audit   unquote: [ '1.1.1' ],
51 silly audit   upath: [ '1.2.0' ],
51 silly audit   'update-browserslist-db': [ '1.2.3' ],
51 silly audit   'uri-js': [ '4.4.1' ],
51 silly audit   'url-parse': [ '1.5.10' ],
51 silly audit   'util-deprecate': [ '1.0.2' ],
51 silly audit   'util.promisify': [ '1.0.1' ],
51 silly audit   utila: [ '0.4.0' ],
51 silly audit   'utils-merge': [ '1.0.1' ],
51 silly audit   uuid: [ '8.3.2' ],
51 silly audit   'v8-to-istanbul': [ '8.1.1' ],
51 silly audit   vary: [ '1.1.2' ],
51 silly audit   'w3c-hr-time': [ '1.0.2' ],
51 silly audit   'w3c-xmlserializer': [ '2.0.0' ],
51 silly audit   walker: [ '1.0.8' ],
51 silly audit   watchpack: [ '2.5.0' ],
51 silly audit   wbuf: [ '1.7.3' ],
51 silly audit   'web-vitals': [ '2.1.4' ],
51 silly audit   webpack: [ '5.104.1' ],
51 silly audit   'webpack-dev-middleware': [ '5.3.4' ],
51 silly audit   'webpack-dev-server': [ '4.15.2' ],
51 silly audit   ws: [ '8.19.0', '7.5.10' ],
51 silly audit   'webpack-manifest-plugin': [ '4.1.1' ],
51 silly audit   'webpack-sources': [ '2.3.1', '3.3.3', '1.4.3' ],
51 silly audit   'websocket-driver': [ '0.7.4' ],
51 silly audit   'websocket-extensions': [ '0.1.4' ],
51 silly audit   'whatwg-encoding': [ '1.0.5' ],
51 silly audit   'whatwg-fetch': [ '3.6.20' ],
51 silly audit   'whatwg-mimetype': [ '2.3.0' ],
51 silly audit   'whatwg-url': [ '8.7.0', '7.1.0' ],
51 silly audit   'which-boxed-primitive': [ '1.1.1' ],
51 silly audit   'which-builtin-type': [ '1.2.1' ],
51 silly audit   'which-collection': [ '1.0.2' ],
51 silly audit   'which-typed-array': [ '1.1.19' ],
51 silly audit   'word-wrap': [ '1.2.5' ],
51 silly audit   'workbox-background-sync': [ '6.6.0' ],
51 silly audit   'workbox-broadcast-update': [ '6.6.0' ],
51 silly audit   'workbox-build': [ '6.6.0' ],
51 silly audit   '@apideck/better-ajv-errors': [ '0.3.6' ],
51 silly audit   'workbox-cacheable-response': [ '6.6.0' ],
51 silly audit   'workbox-core': [ '6.6.0' ],
51 silly audit   'workbox-expiration': [ '6.6.0' ],
51 silly audit   'workbox-google-analytics': [ '6.6.0' ],
51 silly audit   'workbox-navigation-preload': [ '6.6.0' ],
51 silly audit   'workbox-precaching': [ '6.6.0' ],
51 silly audit   'workbox-range-requests': [ '6.6.0' ],
51 silly audit   'workbox-recipes': [ '6.6.0' ],
51 silly audit   'workbox-routing': [ '6.6.0' ],
51 silly audit   'workbox-strategies': [ '6.6.0' ],
51 silly audit   'workbox-streams': [ '6.6.0' ],
51 silly audit   'workbox-sw': [ '6.6.0' ],
51 silly audit   'workbox-webpack-plugin': [ '6.6.0' ],
51 silly audit   'workbox-window': [ '6.6.0' ],
51 silly audit   'wrap-ansi': [ '7.0.0' ],
51 silly audit   wrappy: [ '1.0.2' ],
51 silly audit   'write-file-atomic': [ '3.0.3' ],
51 silly audit   'xml-name-validator': [ '3.0.0' ],
51 silly audit   xmlchars: [ '2.2.0' ],
51 silly audit   y18n: [ '5.0.8' ],
51 silly audit   yallist: [ '3.1.1' ],
51 silly audit   yargs: [ '16.2.0' ],
51 silly audit   'yargs-parser': [ '20.2.9' ],
51 silly audit   'yocto-queue': [ '0.1.0' ]
51 silly audit }
52 verbose reify failed optional dependency E:\Abhivyakti\frontend\node_modules\fsevents
53 silly reify mark deleted [ 'E:\\Abhivyakti\\frontend\\node_modules\\fsevents' ]
54 http cache eslint-import-resolver-node@https://registry.npmjs.org/eslint-import-resolver-node/-/eslint-import-resolver-node-0.3.9.tgz 1ms (cache hit)
55 http cache eslint-module-utils@https://registry.npmjs.org/eslint-module-utils/-/eslint-module-utils-2.12.1.tgz 0ms (cache hit)
56 http cache eslint-config-react-app@https://registry.npmjs.org/eslint-config-react-app/-/eslint-config-react-app-7.0.1.tgz 0ms (cache hit)
57 http cache eslint@https://registry.npmjs.org/eslint/-/eslint-8.57.1.tgz 0ms (cache hit)
58 http cache escodegen@https://registry.npmjs.org/escodegen/-/escodegen-2.1.0.tgz 0ms (cache hit)
59 http cache escape-html@https://registry.npmjs.org/escape-html/-/escape-html-1.0.3.tgz 0ms (cache hit)
60 http cache escape-string-regexp@https://registry.npmjs.org/escape-string-regexp/-/escape-string-regexp-4.0.0.tgz 0ms (cache hit)
61 http cache escalade@https://registry.npmjs.org/escalade/-/escalade-3.2.0.tgz 0ms (cache hit)
62 http cache es-to-primitive@https://registry.npmjs.org/es-to-primitive/-/es-to-primitive-1.3.0.tgz 0ms (cache hit)
63 http cache es-shim-unscopables@https://registry.npmjs.org/es-shim-unscopables/-/es-shim-unscopables-1.1.0.tgz 0ms (cache hit)
64 http cache es-set-tostringtag@https://registry.npmjs.org/es-set-tostringtag/-/es-set-tostringtag-2.1.0.tgz 0ms (cache hit)
65 http cache es-object-atoms@https://registry.npmjs.org/es-object-atoms/-/es-object-atoms-1.1.1.tgz 0ms (cache hit)
66 http cache es-module-lexer@https://registry.npmjs.org/es-module-lexer/-/es-module-lexer-2.0.0.tgz 0ms (cache hit)
67 http cache es-errors@https://registry.npmjs.org/es-errors/-/es-errors-1.3.0.tgz 0ms (cache hit)
68 http cache es-iterator-helpers@https://registry.npmjs.org/es-iterator-helpers/-/es-iterator-helpers-1.2.2.tgz 0ms (cache hit)
69 http cache es-define-property@https://registry.npmjs.org/es-define-property/-/es-define-property-1.0.1.tgz 0ms (cache hit)
70 http cache es-abstract@https://registry.npmjs.org/es-abstract/-/es-abstract-1.24.1.tgz 0ms (cache hit)
71 http cache es-array-method-boxes-properly@https://registry.npmjs.org/es-array-method-boxes-properly/-/es-array-method-boxes-properly-1.0.0.tgz 0ms (cache hit)
72 http cache error-stack-parser@https://registry.npmjs.org/error-stack-parser/-/error-stack-parser-2.1.4.tgz 0ms (cache hit)
73 http cache error-ex@https://registry.npmjs.org/error-ex/-/error-ex-1.3.4.tgz 0ms (cache hit)
74 http cache entities@https://registry.npmjs.org/entities/-/entities-2.2.0.tgz 0ms (cache hit)
75 http cache enhanced-resolve@https://registry.npmjs.org/enhanced-resolve/-/enhanced-resolve-5.18.4.tgz 0ms (cache hit)
76 http cache encodeurl@https://registry.npmjs.org/encodeurl/-/encodeurl-2.0.0.tgz 0ms (cache hit)
77 http cache emojis-list@https://registry.npmjs.org/emojis-list/-/emojis-list-3.0.0.tgz 0ms (cache hit)
78 http cache emittery@https://registry.npmjs.org/emittery/-/emittery-0.8.1.tgz 0ms (cache hit)
79 http cache emoji-regex@https://registry.npmjs.org/emoji-regex/-/emoji-regex-9.2.2.tgz 0ms (cache hit)
80 http cache ejs@https://registry.npmjs.org/ejs/-/ejs-3.1.10.tgz 0ms (cache hit)
81 http cache electron-to-chromium@https://registry.npmjs.org/electron-to-chromium/-/electron-to-chromium-1.5.267.tgz 0ms (cache hit)
82 http cache ee-first@https://registry.npmjs.org/ee-first/-/ee-first-1.1.1.tgz 0ms (cache hit)
83 http cache duplexer@https://registry.npmjs.org/duplexer/-/duplexer-0.1.2.tgz 0ms (cache hit)
84 http cache dunder-proto@https://registry.npmjs.org/dunder-proto/-/dunder-proto-1.0.1.tgz 0ms (cache hit)
85 http cache dotenv@https://registry.npmjs.org/dotenv/-/dotenv-10.0.0.tgz 0ms (cache hit)
86 http cache dotenv-expand@https://registry.npmjs.org/dotenv-expand/-/dotenv-expand-5.1.0.tgz 1ms (cache hit)
87 http cache domutils@https://registry.npmjs.org/domutils/-/domutils-2.8.0.tgz 0ms (cache hit)
88 http cache dot-case@https://registry.npmjs.org/dot-case/-/dot-case-3.0.4.tgz 0ms (cache hit)
89 http cache domexception@https://registry.npmjs.org/domexception/-/domexception-2.0.1.tgz 0ms (cache hit)
90 http cache domhandler@https://registry.npmjs.org/domhandler/-/domhandler-4.3.1.tgz 0ms (cache hit)
91 http cache domelementtype@https://registry.npmjs.org/domelementtype/-/domelementtype-2.3.0.tgz 0ms (cache hit)
92 http cache dom-serializer@https://registry.npmjs.org/dom-serializer/-/dom-serializer-1.4.1.tgz 0ms (cache hit)
93 http cache dom-converter@https://registry.npmjs.org/dom-converter/-/dom-converter-0.2.0.tgz 0ms (cache hit)
94 http cache dom-accessibility-api@https://registry.npmjs.org/dom-accessibility-api/-/dom-accessibility-api-0.5.16.tgz 0ms (cache hit)
95 http cache doctrine@https://registry.npmjs.org/doctrine/-/doctrine-3.0.0.tgz 0ms (cache hit)
96 http cache dlv@https://registry.npmjs.org/dlv/-/dlv-1.1.3.tgz 0ms (cache hit)
97 http cache dns-packet@https://registry.npmjs.org/dns-packet/-/dns-packet-5.6.1.tgz 0ms (cache hit)
98 http cache dir-glob@https://registry.npmjs.org/dir-glob/-/dir-glob-3.0.1.tgz 0ms (cache hit)
99 http cache diff-sequences@https://registry.npmjs.org/diff-sequences/-/diff-sequences-27.5.1.tgz 0ms (cache hit)
100 http cache detect-port-alt@https://registry.npmjs.org/detect-port-alt/-/detect-port-alt-1.1.6.tgz 0ms (cache hit)
101 http cache didyoumean@https://registry.npmjs.org/didyoumean/-/didyoumean-1.2.2.tgz 0ms (cache hit)
102 http cache detect-node@https://registry.npmjs.org/detect-node/-/detect-node-2.1.0.tgz 0ms (cache hit)
103 http cache detect-newline@https://registry.npmjs.org/detect-newline/-/detect-newline-3.1.0.tgz 0ms (cache hit)
104 http cache destroy@https://registry.npmjs.org/destroy/-/destroy-1.2.0.tgz 0ms (cache hit)
105 http cache dequal@https://registry.npmjs.org/dequal/-/dequal-2.0.3.tgz 0ms (cache hit)
106 http cache depd@https://registry.npmjs.org/depd/-/depd-2.0.0.tgz 0ms (cache hit)
107 http cache delayed-stream@https://registry.npmjs.org/delayed-stream/-/delayed-stream-1.0.0.tgz 0ms (cache hit)
108 http cache define-properties@https://registry.npmjs.org/define-properties/-/define-properties-1.2.1.tgz 0ms (cache hit)
109 http cache define-data-property@https://registry.npmjs.org/define-data-property/-/define-data-property-1.1.4.tgz 0ms (cache hit)
110 http cache define-lazy-prop@https://registry.npmjs.org/define-lazy-prop/-/define-lazy-prop-2.0.0.tgz 0ms (cache hit)
111 http cache deep-is@https://registry.npmjs.org/deep-is/-/deep-is-0.1.4.tgz 0ms (cache hit)
112 http cache deepmerge@https://registry.npmjs.org/deepmerge/-/deepmerge-4.3.1.tgz 0ms (cache hit)
113 http cache dedent@https://registry.npmjs.org/dedent/-/dedent-0.7.0.tgz 0ms (cache hit)
114 http cache default-gateway@https://registry.npmjs.org/default-gateway/-/default-gateway-6.0.3.tgz 0ms (cache hit)
115 http cache decimal.js@https://registry.npmjs.org/decimal.js/-/decimal.js-10.6.0.tgz 0ms (cache hit)
116 http cache debug@https://registry.npmjs.org/debug/-/debug-4.4.3.tgz 0ms (cache hit)
117 http cache data-view-byte-offset@https://registry.npmjs.org/data-view-byte-offset/-/data-view-byte-offset-1.0.1.tgz 0ms (cache hit)
118 http cache data-view-byte-length@https://registry.npmjs.org/data-view-byte-length/-/data-view-byte-length-1.0.2.tgz 0ms (cache hit)
119 http cache data-view-buffer@https://registry.npmjs.org/data-view-buffer/-/data-view-buffer-1.0.2.tgz 0ms (cache hit)
120 http cache data-urls@https://registry.npmjs.org/data-urls/-/data-urls-2.0.0.tgz 0ms (cache hit)
121 http cache damerau-levenshtein@https://registry.npmjs.org/damerau-levenshtein/-/damerau-levenshtein-1.0.8.tgz 0ms (cache hit)
122 http cache cssstyle@https://registry.npmjs.org/cssstyle/-/cssstyle-2.3.0.tgz 0ms (cache hit)
123 http cache cssom@https://registry.npmjs.org/cssom/-/cssom-0.4.4.tgz 0ms (cache hit)
124 http cache csso@https://registry.npmjs.org/csso/-/csso-4.2.0.tgz 0ms (cache hit)
125 http cache cssnano-preset-default@https://registry.npmjs.org/cssnano-preset-default/-/cssnano-preset-default-5.2.14.tgz 0ms (cache hit)
126 http cache cssnano-utils@https://registry.npmjs.org/cssnano-utils/-/cssnano-utils-3.1.0.tgz 0ms (cache hit)
127 http cache cssnano@https://registry.npmjs.org/cssnano/-/cssnano-5.1.15.tgz 0ms (cache hit)
128 http cache cssesc@https://registry.npmjs.org/cssesc/-/cssesc-3.0.0.tgz 0ms (cache hit)
129 http cache css-what@https://registry.npmjs.org/css-what/-/css-what-6.2.2.tgz 0ms (cache hit)
130 http cache css.escape@https://registry.npmjs.org/css.escape/-/css.escape-1.5.1.tgz 0ms (cache hit)
131 http cache css-tree@https://registry.npmjs.org/css-tree/-/css-tree-1.0.0-alpha.37.tgz 0ms (cache hit)
132 http cache css-select-base-adapter@https://registry.npmjs.org/css-select-base-adapter/-/css-select-base-adapter-0.1.1.tgz 0ms (cache hit)
133 http cache css-select@https://registry.npmjs.org/css-select/-/css-select-4.3.0.tgz 0ms (cache hit)
134 http cache css-prefers-color-scheme@https://registry.npmjs.org/css-prefers-color-scheme/-/css-prefers-color-scheme-6.0.3.tgz 0ms (cache hit)
135 http cache css-loader@https://registry.npmjs.org/css-loader/-/css-loader-6.11.0.tgz 0ms (cache hit)
136 http cache css-minimizer-webpack-plugin@https://registry.npmjs.org/css-minimizer-webpack-plugin/-/css-minimizer-webpack-plugin-3.4.1.tgz 0ms (cache hit)
137 http cache cssdb@https://registry.npmjs.org/cssdb/-/cssdb-7.11.2.tgz 0ms (cache hit)
138 http cache css-has-pseudo@https://registry.npmjs.org/css-has-pseudo/-/css-has-pseudo-3.0.4.tgz 0ms (cache hit)
139 http cache css-declaration-sorter@https://registry.npmjs.org/css-declaration-sorter/-/css-declaration-sorter-6.4.1.tgz 0ms (cache hit)
140 http cache css-blank-pseudo@https://registry.npmjs.org/css-blank-pseudo/-/css-blank-pseudo-3.0.3.tgz 0ms (cache hit)
141 http cache crypto-random-string@https://registry.npmjs.org/crypto-random-string/-/crypto-random-string-2.0.0.tgz 0ms (cache hit)
142 http cache cross-spawn@https://registry.npmjs.org/cross-spawn/-/cross-spawn-7.0.6.tgz 0ms (cache hit)
143 http cache core-util-is@https://registry.npmjs.org/core-util-is/-/core-util-is-1.0.3.tgz 0ms (cache hit)
144 http cache core-js-pure@https://registry.npmjs.org/core-js-pure/-/core-js-pure-3.47.0.tgz 0ms (cache hit)
145 http cache core-js-compat@https://registry.npmjs.org/core-js-compat/-/core-js-compat-3.47.0.tgz 0ms (cache hit)
146 http cache core-js@https://registry.npmjs.org/core-js/-/core-js-3.47.0.tgz 0ms (cache hit)
147 http cache cookie-signature@https://registry.npmjs.org/cookie-signature/-/cookie-signature-1.0.7.tgz 0ms (cache hit)
148 http cache cookie@https://registry.npmjs.org/cookie/-/cookie-0.7.2.tgz 0ms (cache hit)
149 http cache convert-source-map@https://registry.npmjs.org/convert-source-map/-/convert-source-map-2.0.0.tgz 0ms (cache hit)
150 http cache content-type@https://registry.npmjs.org/content-type/-/content-type-1.0.5.tgz 0ms (cache hit)
151 http cache cosmiconfig@https://registry.npmjs.org/cosmiconfig/-/cosmiconfig-7.1.0.tgz 0ms (cache hit)
152 http cache connect-history-api-fallback@https://registry.npmjs.org/connect-history-api-fallback/-/connect-history-api-fallback-2.0.0.tgz 0ms (cache hit)
153 http cache content-disposition@https://registry.npmjs.org/content-disposition/-/content-disposition-0.5.4.tgz 0ms (cache hit)
154 http cache confusing-browser-globals@https://registry.npmjs.org/confusing-browser-globals/-/confusing-browser-globals-1.0.11.tgz 0ms (cache hit)
155 http cache concat-map@https://registry.npmjs.org/concat-map/-/concat-map-0.0.1.tgz 0ms (cache hit)
156 http cache compression@https://registry.npmjs.org/compression/-/compression-1.8.1.tgz 0ms (cache hit)
157 http cache commondir@https://registry.npmjs.org/commondir/-/commondir-1.0.1.tgz 0ms (cache hit)
158 http cache compressible@https://registry.npmjs.org/compressible/-/compressible-2.0.18.tgz 0ms (cache hit)
159 http cache commander@https://registry.npmjs.org/commander/-/commander-8.3.0.tgz 0ms (cache hit)
160 http cache common-tags@https://registry.npmjs.org/common-tags/-/common-tags-1.8.2.tgz 0ms (cache hit)
161 http cache colorette@https://registry.npmjs.org/colorette/-/colorette-2.0.20.tgz 0ms (cache hit)
162 http cache combined-stream@https://registry.npmjs.org/combined-stream/-/combined-stream-1.0.8.tgz 0ms (cache hit)
163 http cache colord@https://registry.npmjs.org/colord/-/colord-2.9.3.tgz 0ms (cache hit)
164 http cache color-name@https://registry.npmjs.org/color-name/-/color-name-1.1.4.tgz 0ms (cache hit)
165 http cache color-convert@https://registry.npmjs.org/color-convert/-/color-convert-2.0.1.tgz 0ms (cache hit)
166 http cache coa@https://registry.npmjs.org/coa/-/coa-2.0.2.tgz 0ms (cache hit)
167 http cache collect-v8-coverage@https://registry.npmjs.org/collect-v8-coverage/-/collect-v8-coverage-1.0.3.tgz 0ms (cache hit)
168 http cache cliui@https://registry.npmjs.org/cliui/-/cliui-7.0.4.tgz 0ms (cache hit)
169 http cache co@https://registry.npmjs.org/co/-/co-4.6.0.tgz 0ms (cache hit)
170 http cache clean-css@https://registry.npmjs.org/clean-css/-/clean-css-5.3.3.tgz 0ms (cache hit)
171 http cache cjs-module-lexer@https://registry.npmjs.org/cjs-module-lexer/-/cjs-module-lexer-1.4.3.tgz 0ms (cache hit)
172 http cache chrome-trace-event@https://registry.npmjs.org/chrome-trace-event/-/chrome-trace-event-1.0.4.tgz 0ms (cache hit)
173 http cache ci-info@https://registry.npmjs.org/ci-info/-/ci-info-3.9.0.tgz 0ms (cache hit)
174 http cache chokidar@https://registry.npmjs.org/chokidar/-/chokidar-3.6.0.tgz 0ms (cache hit)
175 http cache check-types@https://registry.npmjs.org/check-types/-/check-types-11.2.3.tgz 0ms (cache hit)
176 http cache char-regex@https://registry.npmjs.org/char-regex/-/char-regex-1.0.2.tgz 0ms (cache hit)
177 http cache chalk@https://registry.npmjs.org/chalk/-/chalk-4.1.2.tgz 0ms (cache hit)
178 http cache case-sensitive-paths-webpack-plugin@https://registry.npmjs.org/case-sensitive-paths-webpack-plugin/-/case-sensitive-paths-webpack-plugin-2.4.0.tgz 0ms (cache hit)
179 http cache caniuse-api@https://registry.npmjs.org/caniuse-api/-/caniuse-api-3.0.0.tgz 0ms (cache hit)
180 http cache caniuse-lite@https://registry.npmjs.org/caniuse-lite/-/caniuse-lite-1.0.30001762.tgz 0ms (cache hit)
181 http cache camelcase-css@https://registry.npmjs.org/camelcase-css/-/camelcase-css-2.0.1.tgz 0ms (cache hit)
182 http cache camelcase@https://registry.npmjs.org/camelcase/-/camelcase-6.3.0.tgz 0ms (cache hit)
183 http cache camel-case@https://registry.npmjs.org/camel-case/-/camel-case-4.1.2.tgz 0ms (cache hit)
184 http cache callsites@https://registry.npmjs.org/callsites/-/callsites-3.1.0.tgz 0ms (cache hit)
185 http cache call-bound@https://registry.npmjs.org/call-bound/-/call-bound-1.0.4.tgz 0ms (cache hit)
186 http cache call-bind-apply-helpers@https://registry.npmjs.org/call-bind-apply-helpers/-/call-bind-apply-helpers-1.0.2.tgz 0ms (cache hit)
187 http cache call-bind@https://registry.npmjs.org/call-bind/-/call-bind-1.0.8.tgz 0ms (cache hit)
188 http cache bytes@https://registry.npmjs.org/bytes/-/bytes-3.1.2.tgz 0ms (cache hit)
189 http cache builtin-modules@https://registry.npmjs.org/builtin-modules/-/builtin-modules-3.3.0.tgz 0ms (cache hit)
190 http cache buffer-from@https://registry.npmjs.org/buffer-from/-/buffer-from-1.1.2.tgz 0ms (cache hit)
191 http cache bser@https://registry.npmjs.org/bser/-/bser-2.1.1.tgz 0ms (cache hit)
192 http cache browserslist@https://registry.npmjs.org/browserslist/-/browserslist-4.28.1.tgz 0ms (cache hit)
193 http cache browser-process-hrtime@https://registry.npmjs.org/browser-process-hrtime/-/browser-process-hrtime-1.0.0.tgz 0ms (cache hit)
194 http cache braces@https://registry.npmjs.org/braces/-/braces-3.0.3.tgz 0ms (cache hit)
195 http cache brace-expansion@https://registry.npmjs.org/brace-expansion/-/brace-expansion-1.1.12.tgz 0ms (cache hit)
196 http cache boolbase@https://registry.npmjs.org/boolbase/-/boolbase-1.0.0.tgz 0ms (cache hit)
197 http cache bonjour-service@https://registry.npmjs.org/bonjour-service/-/bonjour-service-1.3.0.tgz 0ms (cache hit)
198 http cache body-parser@https://registry.npmjs.org/body-parser/-/body-parser-1.20.4.tgz 0ms (cache hit)
199 http cache bluebird@https://registry.npmjs.org/bluebird/-/bluebird-3.7.2.tgz 0ms (cache hit)
200 http cache binary-extensions@https://registry.npmjs.org/binary-extensions/-/binary-extensions-2.3.0.tgz 0ms (cache hit)
201 http cache big.js@https://registry.npmjs.org/big.js/-/big.js-5.2.2.tgz 0ms (cache hit)
202 http cache bfj@https://registry.npmjs.org/bfj/-/bfj-7.1.0.tgz 0ms (cache hit)
203 http cache batch@https://registry.npmjs.org/batch/-/batch-0.6.1.tgz 0ms (cache hit)
204 http cache baseline-browser-mapping@https://registry.npmjs.org/baseline-browser-mapping/-/baseline-browser-mapping-2.9.11.tgz 0ms (cache hit)
205 http cache balanced-match@https://registry.npmjs.org/balanced-match/-/balanced-match-1.0.2.tgz 0ms (cache hit)
206 http cache babel-preset-react-app@https://registry.npmjs.org/babel-preset-react-app/-/babel-preset-react-app-10.1.0.tgz 0ms (cache hit)
207 http cache babel-preset-jest@https://registry.npmjs.org/babel-preset-jest/-/babel-preset-jest-27.5.1.tgz 0ms (cache hit)
208 http cache babel-plugin-transform-react-remove-prop-types@https://registry.npmjs.org/babel-plugin-transform-react-remove-prop-types/-/babel-plugin-transform-react-remove-prop-types-0.4.24.tgz 0ms (cache hit)
209 http cache babel-preset-current-node-syntax@https://registry.npmjs.org/babel-preset-current-node-syntax/-/babel-preset-current-node-syntax-1.2.0.tgz 0ms (cache hit)
210 http cache babel-plugin-polyfill-corejs3@https://registry.npmjs.org/babel-plugin-polyfill-corejs3/-/babel-plugin-polyfill-corejs3-0.13.0.tgz 0ms (cache hit)
211 http cache babel-plugin-polyfill-regenerator@https://registry.npmjs.org/babel-plugin-polyfill-regenerator/-/babel-plugin-polyfill-regenerator-0.6.5.tgz 0ms (cache hit)
212 http cache babel-plugin-polyfill-corejs2@https://registry.npmjs.org/babel-plugin-polyfill-corejs2/-/babel-plugin-polyfill-corejs2-0.4.14.tgz 0ms (cache hit)
213 http cache babel-plugin-named-asset-import@https://registry.npmjs.org/babel-plugin-named-asset-import/-/babel-plugin-named-asset-import-0.3.8.tgz 0ms (cache hit)
214 http cache babel-plugin-jest-hoist@https://registry.npmjs.org/babel-plugin-jest-hoist/-/babel-plugin-jest-hoist-27.5.1.tgz 0ms (cache hit)
215 http cache babel-plugin-istanbul@https://registry.npmjs.org/babel-plugin-istanbul/-/babel-plugin-istanbul-6.1.1.tgz 0ms (cache hit)
216 http cache babel-loader@https://registry.npmjs.org/babel-loader/-/babel-loader-8.4.1.tgz 0ms (cache hit)
217 http cache babel-jest@https://registry.npmjs.org/babel-jest/-/babel-jest-27.5.1.tgz 0ms (cache hit)
218 http cache axobject-query@https://registry.npmjs.org/axobject-query/-/axobject-query-4.1.0.tgz 0ms (cache hit)
219 http cache axios@https://registry.npmjs.org/axios/-/axios-1.13.2.tgz 0ms (cache hit)
220 http cache axe-core@https://registry.npmjs.org/axe-core/-/axe-core-4.11.0.tgz 0ms (cache hit)
221 http cache available-typed-arrays@https://registry.npmjs.org/available-typed-arrays/-/available-typed-arrays-1.0.7.tgz 0ms (cache hit)
222 http cache at-least-node@https://registry.npmjs.org/at-least-node/-/at-least-node-1.0.0.tgz 0ms (cache hit)
223 http cache babel-plugin-macros@https://registry.npmjs.org/babel-plugin-macros/-/babel-plugin-macros-3.1.0.tgz 0ms (cache hit)
224 http cache autoprefixer@https://registry.npmjs.org/autoprefixer/-/autoprefixer-10.4.23.tgz 0ms (cache hit)
225 http cache asynckit@https://registry.npmjs.org/asynckit/-/asynckit-0.4.0.tgz 0ms (cache hit)
226 http cache async-function@https://registry.npmjs.org/async-function/-/async-function-1.0.0.tgz 0ms (cache hit)
227 http cache async@https://registry.npmjs.org/async/-/async-3.2.6.tgz 1ms (cache hit)
228 http cache ast-types-flow@https://registry.npmjs.org/ast-types-flow/-/ast-types-flow-0.0.8.tgz 0ms (cache hit)
229 http cache asap@https://registry.npmjs.org/asap/-/asap-2.0.6.tgz 0ms (cache hit)
230 http cache arraybuffer.prototype.slice@https://registry.npmjs.org/arraybuffer.prototype.slice/-/arraybuffer.prototype.slice-1.0.4.tgz 0ms (cache hit)
231 http cache array.prototype.tosorted@https://registry.npmjs.org/array.prototype.tosorted/-/array.prototype.tosorted-1.1.4.tgz 0ms (cache hit)
232 http cache array.prototype.reduce@https://registry.npmjs.org/array.prototype.reduce/-/array.prototype.reduce-1.0.8.tgz 0ms (cache hit)
233 http cache array.prototype.flatmap@https://registry.npmjs.org/array.prototype.flatmap/-/array.prototype.flatmap-1.3.3.tgz 0ms (cache hit)
234 http cache array.prototype.findlastindex@https://registry.npmjs.org/array.prototype.findlastindex/-/array.prototype.findlastindex-1.2.6.tgz 0ms (cache hit)
235 http cache array-union@https://registry.npmjs.org/array-union/-/array-union-2.1.0.tgz 0ms (cache hit)
236 http cache array.prototype.flat@https://registry.npmjs.org/array.prototype.flat/-/array.prototype.flat-1.3.3.tgz 0ms (cache hit)
237 http cache array.prototype.findlast@https://registry.npmjs.org/array.prototype.findlast/-/array.prototype.findlast-1.2.5.tgz 0ms (cache hit)
238 http cache array-includes@https://registry.npmjs.org/array-includes/-/array-includes-3.1.9.tgz 0ms (cache hit)
239 http cache array-flatten@https://registry.npmjs.org/array-flatten/-/array-flatten-1.1.1.tgz 0ms (cache hit)
240 http cache array-buffer-byte-length@https://registry.npmjs.org/array-buffer-byte-length/-/array-buffer-byte-length-1.0.2.tgz 0ms (cache hit)
241 http cache argparse@https://registry.npmjs.org/argparse/-/argparse-1.0.10.tgz 0ms (cache hit)
242 http cache aria-query@https://registry.npmjs.org/aria-query/-/aria-query-5.3.2.tgz 0ms (cache hit)
243 http cache anymatch@https://registry.npmjs.org/anymatch/-/anymatch-3.1.3.tgz 0ms (cache hit)
244 http cache arg@https://registry.npmjs.org/arg/-/arg-5.0.2.tgz 0ms (cache hit)
245 http cache any-promise@https://registry.npmjs.org/any-promise/-/any-promise-1.3.0.tgz 0ms (cache hit)
246 http cache ansi-regex@https://registry.npmjs.org/ansi-regex/-/ansi-regex-5.0.1.tgz 0ms (cache hit)
247 http cache ansi-styles@https://registry.npmjs.org/ansi-styles/-/ansi-styles-4.3.0.tgz 0ms (cache hit)
248 http cache ansi-html-community@https://registry.npmjs.org/ansi-html-community/-/ansi-html-community-0.0.8.tgz 0ms (cache hit)
249 http cache ansi-html@https://registry.npmjs.org/ansi-html/-/ansi-html-0.0.9.tgz 0ms (cache hit)
250 http cache ansi-escapes@https://registry.npmjs.org/ansi-escapes/-/ansi-escapes-4.3.2.tgz 0ms (cache hit)
251 http cache ajv-keywords@https://registry.npmjs.org/ajv-keywords/-/ajv-keywords-3.5.2.tgz 0ms (cache hit)
252 http cache ajv-formats@https://registry.npmjs.org/ajv-formats/-/ajv-formats-2.1.1.tgz 0ms (cache hit)
253 http cache ajv@https://registry.npmjs.org/ajv/-/ajv-6.12.6.tgz 0ms (cache hit)
254 http cache agent-base@https://registry.npmjs.org/agent-base/-/agent-base-6.0.2.tgz 0ms (cache hit)
255 http cache adjust-sourcemap-loader@https://registry.npmjs.org/adjust-sourcemap-loader/-/adjust-sourcemap-loader-4.0.0.tgz 0ms (cache hit)
256 http cache acorn-walk@https://registry.npmjs.org/acorn-walk/-/acorn-walk-7.2.0.tgz 0ms (cache hit)
257 http cache address@https://registry.npmjs.org/address/-/address-1.2.2.tgz 0ms (cache hit)
258 http cache acorn-jsx@https://registry.npmjs.org/acorn-jsx/-/acorn-jsx-5.3.2.tgz 0ms (cache hit)
259 http cache acorn-import-phases@https://registry.npmjs.org/acorn-import-phases/-/acorn-import-phases-1.0.4.tgz 0ms (cache hit)
260 http cache acorn@https://registry.npmjs.org/acorn/-/acorn-8.15.0.tgz 0ms (cache hit)
261 http cache acorn-globals@https://registry.npmjs.org/acorn-globals/-/acorn-globals-6.0.0.tgz 0ms (cache hit)
262 http cache accepts@https://registry.npmjs.org/accepts/-/accepts-1.3.8.tgz 0ms (cache hit)
263 http cache abab@https://registry.npmjs.org/abab/-/abab-2.0.6.tgz 0ms (cache hit)
264 http cache @xtuc/long@https://registry.npmjs.org/@xtuc/long/-/long-4.2.2.tgz 0ms (cache hit)
265 http cache @xtuc/ieee754@https://registry.npmjs.org/@xtuc/ieee754/-/ieee754-1.2.0.tgz 0ms (cache hit)
266 http cache @webassemblyjs/wast-printer@https://registry.npmjs.org/@webassemblyjs/wast-printer/-/wast-printer-1.14.1.tgz 0ms (cache hit)
267 http cache @webassemblyjs/wasm-parser@https://registry.npmjs.org/@webassemblyjs/wasm-parser/-/wasm-parser-1.14.1.tgz 0ms (cache hit)
268 http cache @webassemblyjs/wasm-opt@https://registry.npmjs.org/@webassemblyjs/wasm-opt/-/wasm-opt-1.14.1.tgz 0ms (cache hit)
269 http cache @webassemblyjs/wasm-gen@https://registry.npmjs.org/@webassemblyjs/wasm-gen/-/wasm-gen-1.14.1.tgz 0ms (cache hit)
270 http cache @webassemblyjs/wasm-edit@https://registry.npmjs.org/@webassemblyjs/wasm-edit/-/wasm-edit-1.14.1.tgz 0ms (cache hit)
271 http cache @webassemblyjs/utf8@https://registry.npmjs.org/@webassemblyjs/utf8/-/utf8-1.13.2.tgz 0ms (cache hit)
272 http cache @webassemblyjs/leb128@https://registry.npmjs.org/@webassemblyjs/leb128/-/leb128-1.13.2.tgz 0ms (cache hit)
273 http cache @webassemblyjs/ieee754@https://registry.npmjs.org/@webassemblyjs/ieee754/-/ieee754-1.13.2.tgz 0ms (cache hit)
274 http cache @webassemblyjs/helper-wasm-section@https://registry.npmjs.org/@webassemblyjs/helper-wasm-section/-/helper-wasm-section-1.14.1.tgz 0ms (cache hit)
275 http cache @webassemblyjs/helper-wasm-bytecode@https://registry.npmjs.org/@webassemblyjs/helper-wasm-bytecode/-/helper-wasm-bytecode-1.13.2.tgz 0ms (cache hit)
276 http cache @webassemblyjs/helper-numbers@https://registry.npmjs.org/@webassemblyjs/helper-numbers/-/helper-numbers-1.13.2.tgz 0ms (cache hit)
277 http cache @webassemblyjs/helper-buffer@https://registry.npmjs.org/@webassemblyjs/helper-buffer/-/helper-buffer-1.14.1.tgz 0ms (cache hit)
278 http cache @webassemblyjs/helper-api-error@https://registry.npmjs.org/@webassemblyjs/helper-api-error/-/helper-api-error-1.13.2.tgz 0ms (cache hit)
279 http cache @ungap/structured-clone@https://registry.npmjs.org/@ungap/structured-clone/-/structured-clone-1.3.0.tgz 0ms (cache hit)
280 http cache @webassemblyjs/floating-point-hex-parser@https://registry.npmjs.org/@webassemblyjs/floating-point-hex-parser/-/floating-point-hex-parser-1.13.2.tgz 0ms (cache hit)
281 http cache @webassemblyjs/ast@https://registry.npmjs.org/@webassemblyjs/ast/-/ast-1.14.1.tgz 0ms (cache hit)
282 http cache @typescript-eslint/visitor-keys@https://registry.npmjs.org/@typescript-eslint/visitor-keys/-/visitor-keys-5.62.0.tgz 0ms (cache hit)
283 http cache @typescript-eslint/typescript-estree@https://registry.npmjs.org/@typescript-eslint/typescript-estree/-/typescript-estree-5.62.0.tgz 0ms (cache hit)
284 http cache @typescript-eslint/utils@https://registry.npmjs.org/@typescript-eslint/utils/-/utils-5.62.0.tgz 0ms (cache hit)
285 http cache @typescript-eslint/types@https://registry.npmjs.org/@typescript-eslint/types/-/types-5.62.0.tgz 0ms (cache hit)
286 http cache @typescript-eslint/type-utils@https://registry.npmjs.org/@typescript-eslint/type-utils/-/type-utils-5.62.0.tgz 0ms (cache hit)
287 http cache @typescript-eslint/scope-manager@https://registry.npmjs.org/@typescript-eslint/scope-manager/-/scope-manager-5.62.0.tgz 0ms (cache hit)
288 http cache @typescript-eslint/parser@https://registry.npmjs.org/@typescript-eslint/parser/-/parser-5.62.0.tgz 0ms (cache hit)
289 http cache @typescript-eslint/experimental-utils@https://registry.npmjs.org/@typescript-eslint/experimental-utils/-/experimental-utils-5.62.0.tgz 0ms (cache hit)
290 http cache @typescript-eslint/eslint-plugin@https://registry.npmjs.org/@typescript-eslint/eslint-plugin/-/eslint-plugin-5.62.0.tgz 0ms (cache hit)
291 http cache @types/yargs-parser@https://registry.npmjs.org/@types/yargs-parser/-/yargs-parser-21.0.3.tgz 0ms (cache hit)
292 http cache @types/yargs@https://registry.npmjs.org/@types/yargs/-/yargs-16.0.11.tgz 0ms (cache hit)
293 http cache @types/trusted-types@https://registry.npmjs.org/@types/trusted-types/-/trusted-types-2.0.7.tgz 0ms (cache hit)
294 http cache @types/ws@https://registry.npmjs.org/@types/ws/-/ws-8.18.1.tgz 0ms (cache hit)
295 http cache @types/stack-utils@https://registry.npmjs.org/@types/stack-utils/-/stack-utils-2.0.3.tgz 0ms (cache hit)
296 http cache @types/sockjs@https://registry.npmjs.org/@types/sockjs/-/sockjs-0.3.36.tgz 0ms (cache hit)
297 http cache @types/serve-static@https://registry.npmjs.org/@types/serve-static/-/serve-static-1.15.10.tgz 0ms (cache hit)
298 http cache @types/serve-index@https://registry.npmjs.org/@types/serve-index/-/serve-index-1.9.4.tgz 0ms (cache hit)
299 http cache @types/send@https://registry.npmjs.org/@types/send/-/send-1.2.1.tgz 0ms (cache hit)
300 http cache @types/semver@https://registry.npmjs.org/@types/semver/-/semver-7.7.1.tgz 0ms (cache hit)
301 http cache @types/retry@https://registry.npmjs.org/@types/retry/-/retry-0.12.0.tgz 1ms (cache hit)
302 http cache @types/resolve@https://registry.npmjs.org/@types/resolve/-/resolve-1.17.1.tgz 0ms (cache hit)
303 http cache @types/range-parser@https://registry.npmjs.org/@types/range-parser/-/range-parser-1.2.7.tgz 0ms (cache hit)
304 http cache @types/prettier@https://registry.npmjs.org/@types/prettier/-/prettier-2.7.3.tgz 0ms (cache hit)
305 http cache @types/qs@https://registry.npmjs.org/@types/qs/-/qs-6.14.0.tgz 0ms (cache hit)
306 http cache @types/q@https://registry.npmjs.org/@types/q/-/q-1.5.8.tgz 0ms (cache hit)
307 http cache @types/parse-json@https://registry.npmjs.org/@types/parse-json/-/parse-json-4.0.2.tgz 0ms (cache hit)
308 http cache @types/node-forge@https://registry.npmjs.org/@types/node-forge/-/node-forge-1.3.14.tgz 0ms (cache hit)
309 http cache @types/node@https://registry.npmjs.org/@types/node/-/node-25.0.3.tgz 0ms (cache hit)
310 http cache @types/json5@https://registry.npmjs.org/@types/json5/-/json5-0.0.29.tgz 0ms (cache hit)
311 http cache @types/istanbul-reports@https://registry.npmjs.org/@types/istanbul-reports/-/istanbul-reports-3.0.4.tgz 0ms (cache hit)
312 http cache @types/mime@https://registry.npmjs.org/@types/mime/-/mime-1.3.5.tgz 1ms (cache hit)
313 http cache @types/istanbul-lib-report@https://registry.npmjs.org/@types/istanbul-lib-report/-/istanbul-lib-report-3.0.3.tgz 0ms (cache hit)
314 http cache @types/json-schema@https://registry.npmjs.org/@types/json-schema/-/json-schema-7.0.15.tgz 0ms (cache hit)
315 http cache @types/istanbul-lib-coverage@https://registry.npmjs.org/@types/istanbul-lib-coverage/-/istanbul-lib-coverage-2.0.6.tgz 0ms (cache hit)
316 http cache @types/http-proxy@https://registry.npmjs.org/@types/http-proxy/-/http-proxy-1.17.17.tgz 0ms (cache hit)
317 http cache @types/http-errors@https://registry.npmjs.org/@types/http-errors/-/http-errors-2.0.5.tgz 0ms (cache hit)
318 http cache @types/html-minifier-terser@https://registry.npmjs.org/@types/html-minifier-terser/-/html-minifier-terser-6.1.0.tgz 0ms (cache hit)
319 http cache @types/express@https://registry.npmjs.org/@types/express/-/express-4.17.25.tgz 0ms (cache hit)
320 http cache @types/express-serve-static-core@https://registry.npmjs.org/@types/express-serve-static-core/-/express-serve-static-core-5.1.0.tgz 1ms (cache hit)
321 http cache @types/estree@https://registry.npmjs.org/@types/estree/-/estree-1.0.8.tgz 0ms (cache hit)
322 http cache @types/eslint-scope@https://registry.npmjs.org/@types/eslint-scope/-/eslint-scope-3.7.7.tgz 0ms (cache hit)
323 http cache @types/eslint@https://registry.npmjs.org/@types/eslint/-/eslint-8.56.12.tgz 0ms (cache hit)
324 http cache @types/connect-history-api-fallback@https://registry.npmjs.org/@types/connect-history-api-fallback/-/connect-history-api-fallback-1.5.4.tgz 0ms (cache hit)
325 http cache @types/bonjour@https://registry.npmjs.org/@types/bonjour/-/bonjour-3.5.13.tgz 0ms (cache hit)
326 http cache @types/connect@https://registry.npmjs.org/@types/connect/-/connect-3.4.38.tgz 0ms (cache hit)
327 http cache @types/babel__traverse@https://registry.npmjs.org/@types/babel__traverse/-/babel__traverse-7.28.0.tgz 0ms (cache hit)
328 http cache @types/body-parser@https://registry.npmjs.org/@types/body-parser/-/body-parser-1.19.6.tgz 0ms (cache hit)
329 http cache @types/babel__template@https://registry.npmjs.org/@types/babel__template/-/babel__template-7.4.4.tgz 0ms (cache hit)
330 http cache @types/babel__generator@https://registry.npmjs.org/@types/babel__generator/-/babel__generator-7.27.0.tgz 0ms (cache hit)
331 http cache @types/babel__core@https://registry.npmjs.org/@types/babel__core/-/babel__core-7.20.5.tgz 0ms (cache hit)
332 http cache @types/aria-query@https://registry.npmjs.org/@types/aria-query/-/aria-query-5.0.4.tgz 0ms (cache hit)
333 http cache @trysound/sax@https://registry.npmjs.org/@trysound/sax/-/sax-0.2.0.tgz 0ms (cache hit)
334 http cache @tootallnate/once@https://registry.npmjs.org/@tootallnate/once/-/once-1.1.2.tgz 0ms (cache hit)
335 http cache @testing-library/user-event@https://registry.npmjs.org/@testing-library/user-event/-/user-event-13.5.0.tgz 0ms (cache hit)
336 http cache @testing-library/react@https://registry.npmjs.org/@testing-library/react/-/react-16.3.1.tgz 0ms (cache hit)
337 http cache @testing-library/dom@https://registry.npmjs.org/@testing-library/dom/-/dom-10.4.1.tgz 0ms (cache hit)
338 http cache @testing-library/jest-dom@https://registry.npmjs.org/@testing-library/jest-dom/-/jest-dom-6.9.1.tgz 0ms (cache hit)
339 http cache @svgr/webpack@https://registry.npmjs.org/@svgr/webpack/-/webpack-5.5.0.tgz 0ms (cache hit)
340 http cache @svgr/plugin-jsx@https://registry.npmjs.org/@svgr/plugin-jsx/-/plugin-jsx-5.5.0.tgz 0ms (cache hit)
341 http cache @svgr/hast-util-to-babel-ast@https://registry.npmjs.org/@svgr/hast-util-to-babel-ast/-/hast-util-to-babel-ast-5.5.0.tgz 0ms (cache hit)
342 http cache @svgr/core@https://registry.npmjs.org/@svgr/core/-/core-5.5.0.tgz 0ms (cache hit)
343 http cache @svgr/babel-preset@https://registry.npmjs.org/@svgr/babel-preset/-/babel-preset-5.5.0.tgz 0ms (cache hit)
344 http cache @svgr/babel-plugin-transform-svg-component@https://registry.npmjs.org/@svgr/babel-plugin-transform-svg-component/-/babel-plugin-transform-svg-component-5.5.0.tgz 0ms (cache hit)
345 http cache @svgr/babel-plugin-svg-em-dimensions@https://registry.npmjs.org/@svgr/babel-plugin-svg-em-dimensions/-/babel-plugin-svg-em-dimensions-5.4.0.tgz 0ms (cache hit)
346 http cache @svgr/babel-plugin-transform-react-native-svg@https://registry.npmjs.org/@svgr/babel-plugin-transform-react-native-svg/-/babel-plugin-transform-react-native-svg-5.4.0.tgz 0ms (cache hit)
347 http cache @svgr/babel-plugin-svg-dynamic-title@https://registry.npmjs.org/@svgr/babel-plugin-svg-dynamic-title/-/babel-plugin-svg-dynamic-title-5.4.0.tgz 0ms (cache hit)
348 http cache @svgr/babel-plugin-replace-jsx-attribute-value@https://registry.npmjs.org/@svgr/babel-plugin-replace-jsx-attribute-value/-/babel-plugin-replace-jsx-attribute-value-5.0.1.tgz 0ms (cache hit)
349 http cache @svgr/babel-plugin-remove-jsx-empty-expression@https://registry.npmjs.org/@svgr/babel-plugin-remove-jsx-empty-expression/-/babel-plugin-remove-jsx-empty-expression-5.0.1.tgz 0ms (cache hit)
350 http cache @types/graceful-fs@https://registry.npmjs.org/@types/graceful-fs/-/graceful-fs-4.1.9.tgz 0ms (cache hit)
351 http cache @svgr/babel-plugin-remove-jsx-attribute@https://registry.npmjs.org/@svgr/babel-plugin-remove-jsx-attribute/-/babel-plugin-remove-jsx-attribute-5.4.0.tgz 0ms (cache hit)
352 http cache @svgr/babel-plugin-add-jsx-attribute@https://registry.npmjs.org/@svgr/babel-plugin-add-jsx-attribute/-/babel-plugin-add-jsx-attribute-5.4.0.tgz 0ms (cache hit)
353 http cache @surma/rollup-plugin-off-main-thread@https://registry.npmjs.org/@surma/rollup-plugin-off-main-thread/-/rollup-plugin-off-main-thread-2.2.3.tgz 0ms (cache hit)
354 http cache @sinonjs/fake-timers@https://registry.npmjs.org/@sinonjs/fake-timers/-/fake-timers-8.1.0.tgz 0ms (cache hit)
355 http cache @svgr/plugin-svgo@https://registry.npmjs.org/@svgr/plugin-svgo/-/plugin-svgo-5.5.0.tgz 0ms (cache hit)
356 http cache @sinclair/typebox@https://registry.npmjs.org/@sinclair/typebox/-/typebox-0.24.51.tgz 0ms (cache hit)
357 http cache @rollup/pluginutils@https://registry.npmjs.org/@rollup/pluginutils/-/pluginutils-3.1.0.tgz 0ms (cache hit)
358 http cache @rushstack/eslint-patch@https://registry.npmjs.org/@rushstack/eslint-patch/-/eslint-patch-1.15.0.tgz 0ms (cache hit)
359 http cache @rtsao/scc@https://registry.npmjs.org/@rtsao/scc/-/scc-1.1.0.tgz 0ms (cache hit)
360 http cache @rollup/plugin-replace@https://registry.npmjs.org/@rollup/plugin-replace/-/plugin-replace-2.4.2.tgz 0ms (cache hit)
361 http cache @rollup/plugin-node-resolve@https://registry.npmjs.org/@rollup/plugin-node-resolve/-/plugin-node-resolve-11.2.1.tgz 0ms (cache hit)
362 http cache @rollup/plugin-babel@https://registry.npmjs.org/@rollup/plugin-babel/-/plugin-babel-5.3.1.tgz 0ms (cache hit)
363 http cache @pmmmwh/react-refresh-webpack-plugin@https://registry.npmjs.org/@pmmmwh/react-refresh-webpack-plugin/-/react-refresh-webpack-plugin-0.5.17.tgz 0ms (cache hit)
364 http cache @nodelib/fs.walk@https://registry.npmjs.org/@nodelib/fs.walk/-/fs.walk-1.2.8.tgz 0ms (cache hit)
365 http cache @sinonjs/commons@https://registry.npmjs.org/@sinonjs/commons/-/commons-1.8.6.tgz 0ms (cache hit)
366 http cache @nodelib/fs.scandir@https://registry.npmjs.org/@nodelib/fs.scandir/-/fs.scandir-2.1.5.tgz 0ms (cache hit)
367 http cache @jridgewell/trace-mapping@https://registry.npmjs.org/@jridgewell/trace-mapping/-/trace-mapping-0.3.31.tgz 0ms (cache hit)
368 http cache @nicolo-ribaudo/eslint-scope-5-internals@https://registry.npmjs.org/@nicolo-ribaudo/eslint-scope-5-internals/-/eslint-scope-5-internals-5.1.1-v1.tgz 0ms (cache hit)
369 http cache @leichtgewicht/ip-codec@https://registry.npmjs.org/@leichtgewicht/ip-codec/-/ip-codec-2.0.5.tgz 0ms (cache hit)
370 http cache @jridgewell/sourcemap-codec@https://registry.npmjs.org/@jridgewell/sourcemap-codec/-/sourcemap-codec-1.5.5.tgz 0ms (cache hit)
371 http cache @jridgewell/source-map@https://registry.npmjs.org/@jridgewell/source-map/-/source-map-0.3.11.tgz 0ms (cache hit)
372 http cache @jridgewell/remapping@https://registry.npmjs.org/@jridgewell/remapping/-/remapping-2.3.5.tgz 0ms (cache hit)
373 http cache @nodelib/fs.stat@https://registry.npmjs.org/@nodelib/fs.stat/-/fs.stat-2.0.5.tgz 0ms (cache hit)
374 http cache @jest/types@https://registry.npmjs.org/@jest/types/-/types-27.5.1.tgz 0ms (cache hit)
375 http cache @jridgewell/gen-mapping@https://registry.npmjs.org/@jridgewell/gen-mapping/-/gen-mapping-0.3.13.tgz 0ms (cache hit)
376 http cache @jest/transform@https://registry.npmjs.org/@jest/transform/-/transform-27.5.1.tgz 0ms (cache hit)
377 http cache @jest/test-sequencer@https://registry.npmjs.org/@jest/test-sequencer/-/test-sequencer-27.5.1.tgz 0ms (cache hit)
378 http cache @jest/test-result@https://registry.npmjs.org/@jest/test-result/-/test-result-27.5.1.tgz 0ms (cache hit)
379 http cache @jest/source-map@https://registry.npmjs.org/@jest/source-map/-/source-map-27.5.1.tgz 0ms (cache hit)
380 http cache @jest/schemas@https://registry.npmjs.org/@jest/schemas/-/schemas-28.1.3.tgz 0ms (cache hit)
381 http cache @jest/globals@https://registry.npmjs.org/@jest/globals/-/globals-27.5.1.tgz 0ms (cache hit)
382 http cache @jest/fake-timers@https://registry.npmjs.org/@jest/fake-timers/-/fake-timers-27.5.1.tgz 0ms (cache hit)
383 http cache @jest/reporters@https://registry.npmjs.org/@jest/reporters/-/reporters-27.5.1.tgz 0ms (cache hit)
384 http cache @jest/environment@https://registry.npmjs.org/@jest/environment/-/environment-27.5.1.tgz 0ms (cache hit)
385 http cache @jest/console@https://registry.npmjs.org/@jest/console/-/console-27.5.1.tgz 0ms (cache hit)
386 http cache @istanbuljs/schema@https://registry.npmjs.org/@istanbuljs/schema/-/schema-0.1.3.tgz 0ms (cache hit)
387 http cache @istanbuljs/load-nyc-config@https://registry.npmjs.org/@istanbuljs/load-nyc-config/-/load-nyc-config-1.1.0.tgz 0ms (cache hit)
388 http cache @jridgewell/resolve-uri@https://registry.npmjs.org/@jridgewell/resolve-uri/-/resolve-uri-3.1.2.tgz 0ms (cache hit)
389 http cache @humanwhocodes/module-importer@https://registry.npmjs.org/@humanwhocodes/module-importer/-/module-importer-1.0.1.tgz 0ms (cache hit)
390 http cache @humanwhocodes/config-array@https://registry.npmjs.org/@humanwhocodes/config-array/-/config-array-0.13.0.tgz 0ms (cache hit)
391 http cache @eslint/js@https://registry.npmjs.org/@eslint/js/-/js-8.57.1.tgz 0ms (cache hit)
392 http cache @eslint/eslintrc@https://registry.npmjs.org/@eslint/eslintrc/-/eslintrc-2.1.4.tgz 0ms (cache hit)
393 http cache @eslint-community/eslint-utils@https://registry.npmjs.org/@eslint-community/eslint-utils/-/eslint-utils-4.9.1.tgz 0ms (cache hit)
394 http cache @csstools/selector-specificity@https://registry.npmjs.org/@csstools/selector-specificity/-/selector-specificity-2.2.0.tgz 0ms (cache hit)
395 http cache @eslint-community/regexpp@https://registry.npmjs.org/@eslint-community/regexpp/-/regexpp-4.12.2.tgz 1ms (cache hit)
396 http cache @csstools/postcss-unset-value@https://registry.npmjs.org/@csstools/postcss-unset-value/-/postcss-unset-value-1.0.2.tgz 0ms (cache hit)
397 http cache @csstools/postcss-trigonometric-functions@https://registry.npmjs.org/@csstools/postcss-trigonometric-functions/-/postcss-trigonometric-functions-1.0.2.tgz 0ms (cache hit)
398 http cache @csstools/postcss-text-decoration-shorthand@https://registry.npmjs.org/@csstools/postcss-text-decoration-shorthand/-/postcss-text-decoration-shorthand-1.0.0.tgz 0ms (cache hit)
399 http cache @csstools/postcss-stepped-value-functions@https://registry.npmjs.org/@csstools/postcss-stepped-value-functions/-/postcss-stepped-value-functions-1.0.1.tgz 0ms (cache hit)
400 http cache @csstools/postcss-progressive-custom-properties@https://registry.npmjs.org/@csstools/postcss-progressive-custom-properties/-/postcss-progressive-custom-properties-1.3.0.tgz 0ms (cache hit)
401 http cache @csstools/postcss-oklab-function@https://registry.npmjs.org/@csstools/postcss-oklab-function/-/postcss-oklab-function-1.1.1.tgz 0ms (cache hit)
402 http cache @csstools/postcss-normalize-display-values@https://registry.npmjs.org/@csstools/postcss-normalize-display-values/-/postcss-normalize-display-values-1.0.1.tgz 0ms (cache hit)
403 http cache @csstools/postcss-nested-calc@https://registry.npmjs.org/@csstools/postcss-nested-calc/-/postcss-nested-calc-1.0.0.tgz 0ms (cache hit)
404 http cache @csstools/postcss-is-pseudo-class@https://registry.npmjs.org/@csstools/postcss-is-pseudo-class/-/postcss-is-pseudo-class-2.0.7.tgz 0ms (cache hit)
405 http cache @csstools/postcss-ic-unit@https://registry.npmjs.org/@csstools/postcss-ic-unit/-/postcss-ic-unit-1.0.1.tgz 0ms (cache hit)
406 http cache @csstools/postcss-hwb-function@https://registry.npmjs.org/@csstools/postcss-hwb-function/-/postcss-hwb-function-1.0.2.tgz 0ms (cache hit)
407 http cache @csstools/postcss-font-format-keywords@https://registry.npmjs.org/@csstools/postcss-font-format-keywords/-/postcss-font-format-keywords-1.0.1.tgz 0ms (cache hit)
408 http cache @csstools/postcss-cascade-layers@https://registry.npmjs.org/@csstools/postcss-cascade-layers/-/postcss-cascade-layers-1.1.1.tgz 0ms (cache hit)
409 http cache @csstools/postcss-color-function@https://registry.npmjs.org/@csstools/postcss-color-function/-/postcss-color-function-1.1.1.tgz 0ms (cache hit)
410 http cache @csstools/normalize.css@https://registry.npmjs.org/@csstools/normalize.css/-/normalize.css-12.1.1.tgz 0ms (cache hit)
411 http cache @bcoe/v8-coverage@https://registry.npmjs.org/@bcoe/v8-coverage/-/v8-coverage-0.2.3.tgz 0ms (cache hit)
412 http cache @babel/types@https://registry.npmjs.org/@babel/types/-/types-7.28.5.tgz 0ms (cache hit)
413 http cache @babel/traverse@https://registry.npmjs.org/@babel/traverse/-/traverse-7.28.5.tgz 0ms (cache hit)
414 http cache @babel/template@https://registry.npmjs.org/@babel/template/-/template-7.27.2.tgz 0ms (cache hit)
415 http cache @babel/runtime@https://registry.npmjs.org/@babel/runtime/-/runtime-7.28.4.tgz 0ms (cache hit)
416 http cache @babel/preset-typescript@https://registry.npmjs.org/@babel/preset-typescript/-/preset-typescript-7.28.5.tgz 1ms (cache hit)
417 http cache @jest/core@https://registry.npmjs.org/@jest/core/-/core-27.5.1.tgz 0ms (cache hit)
418 http cache @babel/preset-react@https://registry.npmjs.org/@babel/preset-react/-/preset-react-7.28.5.tgz 0ms (cache hit)
419 http cache @babel/preset-env@https://registry.npmjs.org/@babel/preset-env/-/preset-env-7.28.5.tgz 0ms (cache hit)
420 http cache @babel/preset-modules@https://registry.npmjs.org/@babel/preset-modules/-/preset-modules-0.1.6-no-external-plugins.tgz 0ms (cache hit)
421 http cache @babel/plugin-transform-unicode-sets-regex@https://registry.npmjs.org/@babel/plugin-transform-unicode-sets-regex/-/plugin-transform-unicode-sets-regex-7.27.1.tgz 0ms (cache hit)
422 http cache @babel/plugin-transform-unicode-property-regex@https://registry.npmjs.org/@babel/plugin-transform-unicode-property-regex/-/plugin-transform-unicode-property-regex-7.27.1.tgz 0ms (cache hit)
423 http cache @babel/plugin-transform-unicode-regex@https://registry.npmjs.org/@babel/plugin-transform-unicode-regex/-/plugin-transform-unicode-regex-7.27.1.tgz 0ms (cache hit)
424 http cache @babel/plugin-transform-unicode-escapes@https://registry.npmjs.org/@babel/plugin-transform-unicode-escapes/-/plugin-transform-unicode-escapes-7.27.1.tgz 0ms (cache hit)
425 http cache @babel/plugin-transform-typescript@https://registry.npmjs.org/@babel/plugin-transform-typescript/-/plugin-transform-typescript-7.28.5.tgz 0ms (cache hit)
426 http cache @babel/plugin-transform-typeof-symbol@https://registry.npmjs.org/@babel/plugin-transform-typeof-symbol/-/plugin-transform-typeof-symbol-7.27.1.tgz 0ms (cache hit)
427 http cache @babel/plugin-transform-template-literals@https://registry.npmjs.org/@babel/plugin-transform-template-literals/-/plugin-transform-template-literals-7.27.1.tgz 0ms (cache hit)
428 http cache @babel/plugin-transform-sticky-regex@https://registry.npmjs.org/@babel/plugin-transform-sticky-regex/-/plugin-transform-sticky-regex-7.27.1.tgz 0ms (cache hit)
429 http cache @babel/plugin-transform-spread@https://registry.npmjs.org/@babel/plugin-transform-spread/-/plugin-transform-spread-7.27.1.tgz 0ms (cache hit)
430 http cache @babel/plugin-transform-shorthand-properties@https://registry.npmjs.org/@babel/plugin-transform-shorthand-properties/-/plugin-transform-shorthand-properties-7.27.1.tgz 0ms (cache hit)
431 http cache @babel/plugin-transform-runtime@https://registry.npmjs.org/@babel/plugin-transform-runtime/-/plugin-transform-runtime-7.28.5.tgz 1ms (cache hit)
432 http cache @babel/plugin-transform-regexp-modifiers@https://registry.npmjs.org/@babel/plugin-transform-regexp-modifiers/-/plugin-transform-regexp-modifiers-7.27.1.tgz 0ms (cache hit)
433 http cache @babel/plugin-transform-reserved-words@https://registry.npmjs.org/@babel/plugin-transform-reserved-words/-/plugin-transform-reserved-words-7.27.1.tgz 0ms (cache hit)
434 http cache @babel/plugin-transform-react-jsx-development@https://registry.npmjs.org/@babel/plugin-transform-react-jsx-development/-/plugin-transform-react-jsx-development-7.27.1.tgz 0ms (cache hit)
435 http cache @babel/plugin-transform-react-pure-annotations@https://registry.npmjs.org/@babel/plugin-transform-react-pure-annotations/-/plugin-transform-react-pure-annotations-7.27.1.tgz 0ms (cache hit)
436 http cache @babel/plugin-transform-react-jsx@https://registry.npmjs.org/@babel/plugin-transform-react-jsx/-/plugin-transform-react-jsx-7.27.1.tgz 0ms (cache hit)
437 http cache @babel/plugin-transform-react-display-name@https://registry.npmjs.org/@babel/plugin-transform-react-display-name/-/plugin-transform-react-display-name-7.28.0.tgz 0ms (cache hit)
438 http cache @babel/plugin-transform-property-literals@https://registry.npmjs.org/@babel/plugin-transform-property-literals/-/plugin-transform-property-literals-7.27.1.tgz 0ms (cache hit)
439 http cache @babel/plugin-transform-react-constant-elements@https://registry.npmjs.org/@babel/plugin-transform-react-constant-elements/-/plugin-transform-react-constant-elements-7.27.1.tgz 0ms (cache hit)
440 http cache @babel/plugin-transform-private-methods@https://registry.npmjs.org/@babel/plugin-transform-private-methods/-/plugin-transform-private-methods-7.27.1.tgz 0ms (cache hit)
441 http cache @babel/plugin-transform-private-property-in-object@https://registry.npmjs.org/@babel/plugin-transform-private-property-in-object/-/plugin-transform-private-property-in-object-7.27.1.tgz 0ms (cache hit)
442 http cache @babel/plugin-transform-optional-chaining@https://registry.npmjs.org/@babel/plugin-transform-optional-chaining/-/plugin-transform-optional-chaining-7.28.5.tgz 0ms (cache hit)
443 http cache @babel/plugin-transform-parameters@https://registry.npmjs.org/@babel/plugin-transform-parameters/-/plugin-transform-parameters-7.27.7.tgz 0ms (cache hit)
444 http cache @babel/plugin-transform-object-super@https://registry.npmjs.org/@babel/plugin-transform-object-super/-/plugin-transform-object-super-7.27.1.tgz 0ms (cache hit)
445 http cache @babel/plugin-transform-optional-catch-binding@https://registry.npmjs.org/@babel/plugin-transform-optional-catch-binding/-/plugin-transform-optional-catch-binding-7.27.1.tgz 0ms (cache hit)
446 http cache @babel/plugin-transform-numeric-separator@https://registry.npmjs.org/@babel/plugin-transform-numeric-separator/-/plugin-transform-numeric-separator-7.27.1.tgz 0ms (cache hit)
447 http cache @babel/plugin-transform-object-rest-spread@https://registry.npmjs.org/@babel/plugin-transform-object-rest-spread/-/plugin-transform-object-rest-spread-7.28.4.tgz 0ms (cache hit)
448 http cache @babel/plugin-transform-nullish-coalescing-operator@https://registry.npmjs.org/@babel/plugin-transform-nullish-coalescing-operator/-/plugin-transform-nullish-coalescing-operator-7.27.1.tgz 0ms (cache hit)
449 http cache @babel/plugin-transform-named-capturing-groups-regex@https://registry.npmjs.org/@babel/plugin-transform-named-capturing-groups-regex/-/plugin-transform-named-capturing-groups-regex-7.27.1.tgz 0ms (cache hit)
450 http cache @babel/plugin-transform-new-target@https://registry.npmjs.org/@babel/plugin-transform-new-target/-/plugin-transform-new-target-7.27.1.tgz 0ms (cache hit)
451 http cache @humanwhocodes/object-schema@https://registry.npmjs.org/@humanwhocodes/object-schema/-/object-schema-2.0.3.tgz 0ms (cache hit)
452 http cache @babel/plugin-transform-modules-systemjs@https://registry.npmjs.org/@babel/plugin-transform-modules-systemjs/-/plugin-transform-modules-systemjs-7.28.5.tgz 0ms (cache hit)
453 http cache @babel/plugin-transform-modules-commonjs@https://registry.npmjs.org/@babel/plugin-transform-modules-commonjs/-/plugin-transform-modules-commonjs-7.27.1.tgz 0ms (cache hit)
454 http cache @babel/plugin-transform-modules-amd@https://registry.npmjs.org/@babel/plugin-transform-modules-amd/-/plugin-transform-modules-amd-7.27.1.tgz 0ms (cache hit)
455 http cache @babel/plugin-transform-member-expression-literals@https://registry.npmjs.org/@babel/plugin-transform-member-expression-literals/-/plugin-transform-member-expression-literals-7.27.1.tgz 0ms (cache hit)
456 http cache @babel/plugin-transform-logical-assignment-operators@https://registry.npmjs.org/@babel/plugin-transform-logical-assignment-operators/-/plugin-transform-logical-assignment-operators-7.28.5.tgz 0ms (cache hit)
457 http cache @babel/plugin-transform-modules-umd@https://registry.npmjs.org/@babel/plugin-transform-modules-umd/-/plugin-transform-modules-umd-7.27.1.tgz 0ms (cache hit)
458 http cache @babel/plugin-transform-json-strings@https://registry.npmjs.org/@babel/plugin-transform-json-strings/-/plugin-transform-json-strings-7.27.1.tgz 0ms (cache hit)
459 http cache @babel/plugin-transform-function-name@https://registry.npmjs.org/@babel/plugin-transform-function-name/-/plugin-transform-function-name-7.27.1.tgz 0ms (cache hit)
460 http cache @babel/plugin-transform-for-of@https://registry.npmjs.org/@babel/plugin-transform-for-of/-/plugin-transform-for-of-7.27.1.tgz 0ms (cache hit)
461 http cache @babel/plugin-transform-flow-strip-types@https://registry.npmjs.org/@babel/plugin-transform-flow-strip-types/-/plugin-transform-flow-strip-types-7.27.1.tgz 0ms (cache hit)
462 http cache @babel/plugin-transform-export-namespace-from@https://registry.npmjs.org/@babel/plugin-transform-export-namespace-from/-/plugin-transform-export-namespace-from-7.27.1.tgz 0ms (cache hit)
463 http cache @babel/plugin-transform-exponentiation-operator@https://registry.npmjs.org/@babel/plugin-transform-exponentiation-operator/-/plugin-transform-exponentiation-operator-7.28.5.tgz 0ms (cache hit)
464 http cache @babel/plugin-transform-explicit-resource-management@https://registry.npmjs.org/@babel/plugin-transform-explicit-resource-management/-/plugin-transform-explicit-resource-management-7.28.0.tgz 0ms (cache hit)
465 http cache @babel/plugin-transform-regenerator@https://registry.npmjs.org/@babel/plugin-transform-regenerator/-/plugin-transform-regenerator-7.28.4.tgz 0ms (cache hit)
466 http cache @babel/plugin-transform-dynamic-import@https://registry.npmjs.org/@babel/plugin-transform-dynamic-import/-/plugin-transform-dynamic-import-7.27.1.tgz 0ms (cache hit)
467 http cache @babel/plugin-transform-duplicate-named-capturing-groups-regex@https://registry.npmjs.org/@babel/plugin-transform-duplicate-named-capturing-groups-regex/-/plugin-transform-duplicate-named-capturing-groups-regex-7.27.1.tgz 0ms (cache hit)
468 http cache @babel/plugin-transform-dotall-regex@https://registry.npmjs.org/@babel/plugin-transform-dotall-regex/-/plugin-transform-dotall-regex-7.27.1.tgz 0ms (cache hit)
469 http cache @babel/plugin-transform-literals@https://registry.npmjs.org/@babel/plugin-transform-literals/-/plugin-transform-literals-7.27.1.tgz 0ms (cache hit)
470 http cache @babel/plugin-transform-destructuring@https://registry.npmjs.org/@babel/plugin-transform-destructuring/-/plugin-transform-destructuring-7.28.5.tgz 0ms (cache hit)
471 http cache @babel/plugin-transform-computed-properties@https://registry.npmjs.org/@babel/plugin-transform-computed-properties/-/plugin-transform-computed-properties-7.27.1.tgz 0ms (cache hit)
472 http cache @babel/plugin-transform-classes@https://registry.npmjs.org/@babel/plugin-transform-classes/-/plugin-transform-classes-7.28.4.tgz 0ms (cache hit)
473 http cache @babel/plugin-transform-class-static-block@https://registry.npmjs.org/@babel/plugin-transform-class-static-block/-/plugin-transform-class-static-block-7.28.3.tgz 0ms (cache hit)
474 http cache @babel/plugin-transform-class-properties@https://registry.npmjs.org/@babel/plugin-transform-class-properties/-/plugin-transform-class-properties-7.27.1.tgz 0ms (cache hit)
475 http cache @babel/plugin-transform-block-scoping@https://registry.npmjs.org/@babel/plugin-transform-block-scoping/-/plugin-transform-block-scoping-7.28.5.tgz 0ms (cache hit)
476 http cache @babel/plugin-transform-async-to-generator@https://registry.npmjs.org/@babel/plugin-transform-async-to-generator/-/plugin-transform-async-to-generator-7.27.1.tgz 0ms (cache hit)
477 http cache @babel/plugin-transform-block-scoped-functions@https://registry.npmjs.org/@babel/plugin-transform-block-scoped-functions/-/plugin-transform-block-scoped-functions-7.27.1.tgz 0ms (cache hit)
478 http cache @babel/plugin-transform-async-generator-functions@https://registry.npmjs.org/@babel/plugin-transform-async-generator-functions/-/plugin-transform-async-generator-functions-7.28.0.tgz 0ms (cache hit)
479 http cache @babel/plugin-transform-arrow-functions@https://registry.npmjs.org/@babel/plugin-transform-arrow-functions/-/plugin-transform-arrow-functions-7.27.1.tgz 0ms (cache hit)
480 http cache @babel/plugin-syntax-unicode-sets-regex@https://registry.npmjs.org/@babel/plugin-syntax-unicode-sets-regex/-/plugin-syntax-unicode-sets-regex-7.18.6.tgz 0ms (cache hit)
481 http cache @babel/plugin-syntax-typescript@https://registry.npmjs.org/@babel/plugin-syntax-typescript/-/plugin-syntax-typescript-7.27.1.tgz 0ms (cache hit)
482 http cache @babel/plugin-syntax-top-level-await@https://registry.npmjs.org/@babel/plugin-syntax-top-level-await/-/plugin-syntax-top-level-await-7.14.5.tgz 0ms (cache hit)
483 http cache @babel/plugin-syntax-optional-chaining@https://registry.npmjs.org/@babel/plugin-syntax-optional-chaining/-/plugin-syntax-optional-chaining-7.8.3.tgz 0ms (cache hit)
484 http cache @babel/plugin-syntax-optional-catch-binding@https://registry.npmjs.org/@babel/plugin-syntax-optional-catch-binding/-/plugin-syntax-optional-catch-binding-7.8.3.tgz 0ms (cache hit)
485 http cache @babel/plugin-syntax-object-rest-spread@https://registry.npmjs.org/@babel/plugin-syntax-object-rest-spread/-/plugin-syntax-object-rest-spread-7.8.3.tgz 0ms (cache hit)
486 http cache @babel/plugin-syntax-numeric-separator@https://registry.npmjs.org/@babel/plugin-syntax-numeric-separator/-/plugin-syntax-numeric-separator-7.10.4.tgz 0ms (cache hit)
487 http cache @babel/plugin-syntax-nullish-coalescing-operator@https://registry.npmjs.org/@babel/plugin-syntax-nullish-coalescing-operator/-/plugin-syntax-nullish-coalescing-operator-7.8.3.tgz 0ms (cache hit)
488 http cache @babel/plugin-syntax-logical-assignment-operators@https://registry.npmjs.org/@babel/plugin-syntax-logical-assignment-operators/-/plugin-syntax-logical-assignment-operators-7.10.4.tgz 0ms (cache hit)
489 http cache @babel/plugin-syntax-jsx@https://registry.npmjs.org/@babel/plugin-syntax-jsx/-/plugin-syntax-jsx-7.27.1.tgz 0ms (cache hit)
490 http cache @babel/plugin-syntax-json-strings@https://registry.npmjs.org/@babel/plugin-syntax-json-strings/-/plugin-syntax-json-strings-7.8.3.tgz 0ms (cache hit)
491 http cache @babel/plugin-syntax-import-meta@https://registry.npmjs.org/@babel/plugin-syntax-import-meta/-/plugin-syntax-import-meta-7.10.4.tgz 0ms (cache hit)
492 http cache @babel/plugin-syntax-import-attributes@https://registry.npmjs.org/@babel/plugin-syntax-import-attributes/-/plugin-syntax-import-attributes-7.27.1.tgz 0ms (cache hit)
493 http cache @babel/plugin-syntax-import-assertions@https://registry.npmjs.org/@babel/plugin-syntax-import-assertions/-/plugin-syntax-import-assertions-7.27.1.tgz 0ms (cache hit)
494 http cache @babel/plugin-syntax-flow@https://registry.npmjs.org/@babel/plugin-syntax-flow/-/plugin-syntax-flow-7.27.1.tgz 0ms (cache hit)
495 http cache @babel/plugin-syntax-decorators@https://registry.npmjs.org/@babel/plugin-syntax-decorators/-/plugin-syntax-decorators-7.27.1.tgz 0ms (cache hit)
496 http cache @babel/plugin-syntax-class-static-block@https://registry.npmjs.org/@babel/plugin-syntax-class-static-block/-/plugin-syntax-class-static-block-7.14.5.tgz 0ms (cache hit)
497 http cache @babel/plugin-syntax-class-properties@https://registry.npmjs.org/@babel/plugin-syntax-class-properties/-/plugin-syntax-class-properties-7.12.13.tgz 0ms (cache hit)
498 http cache @babel/plugin-syntax-bigint@https://registry.npmjs.org/@babel/plugin-syntax-bigint/-/plugin-syntax-bigint-7.8.3.tgz 0ms (cache hit)
499 http cache @babel/plugin-syntax-async-generators@https://registry.npmjs.org/@babel/plugin-syntax-async-generators/-/plugin-syntax-async-generators-7.8.4.tgz 0ms (cache hit)
500 http cache @babel/plugin-proposal-private-property-in-object@https://registry.npmjs.org/@babel/plugin-proposal-private-property-in-object/-/plugin-proposal-private-property-in-object-7.21.0-placeholder-for-preset-env.2.tgz 0ms (cache hit)
501 http cache @babel/plugin-proposal-private-methods@https://registry.npmjs.org/@babel/plugin-proposal-private-methods/-/plugin-proposal-private-methods-7.18.6.tgz 0ms (cache hit)
502 http cache @babel/plugin-proposal-optional-chaining@https://registry.npmjs.org/@babel/plugin-proposal-optional-chaining/-/plugin-proposal-optional-chaining-7.21.0.tgz 0ms (cache hit)
503 http cache @babel/plugin-proposal-numeric-separator@https://registry.npmjs.org/@babel/plugin-proposal-numeric-separator/-/plugin-proposal-numeric-separator-7.18.6.tgz 0ms (cache hit)
504 http cache @babel/plugin-proposal-nullish-coalescing-operator@https://registry.npmjs.org/@babel/plugin-proposal-nullish-coalescing-operator/-/plugin-proposal-nullish-coalescing-operator-7.18.6.tgz 0ms (cache hit)
505 http cache @babel/plugin-proposal-decorators@https://registry.npmjs.org/@babel/plugin-proposal-decorators/-/plugin-proposal-decorators-7.28.0.tgz 0ms (cache hit)
506 http cache @babel/plugin-proposal-class-properties@https://registry.npmjs.org/@babel/plugin-proposal-class-properties/-/plugin-proposal-class-properties-7.18.6.tgz 0ms (cache hit)
507 http cache @babel/plugin-bugfix-v8-static-class-fields-redefine-readonly@https://registry.npmjs.org/@babel/plugin-bugfix-v8-static-class-fields-redefine-readonly/-/plugin-bugfix-v8-static-class-fields-redefine-readonly-7.28.3.tgz 0ms (cache hit)
508 http cache @babel/plugin-bugfix-v8-spread-parameters-in-optional-chaining@https://registry.npmjs.org/@babel/plugin-bugfix-v8-spread-parameters-in-optional-chaining/-/plugin-bugfix-v8-spread-parameters-in-optional-chaining-7.27.1.tgz 0ms (cache hit)
509 http cache @babel/plugin-bugfix-safari-id-destructuring-collision-in-function-expression@https://registry.npmjs.org/@babel/plugin-bugfix-safari-id-destructuring-collision-in-function-expression/-/plugin-bugfix-safari-id-destructuring-collision-in-function-expression-7.27.1.tgz 0ms (cache hit)
510 http cache @babel/plugin-bugfix-firefox-class-in-computed-class-key@https://registry.npmjs.org/@babel/plugin-bugfix-firefox-class-in-computed-class-key/-/plugin-bugfix-firefox-class-in-computed-class-key-7.28.5.tgz 0ms (cache hit)
511 http cache @babel/plugin-bugfix-safari-class-field-initializer-scope@https://registry.npmjs.org/@babel/plugin-bugfix-safari-class-field-initializer-scope/-/plugin-bugfix-safari-class-field-initializer-scope-7.27.1.tgz 0ms (cache hit)
512 http cache @babel/parser@https://registry.npmjs.org/@babel/parser/-/parser-7.28.5.tgz 0ms (cache hit)
513 http cache @babel/helpers@https://registry.npmjs.org/@babel/helpers/-/helpers-7.28.4.tgz 0ms (cache hit)
514 http cache @babel/helper-validator-option@https://registry.npmjs.org/@babel/helper-validator-option/-/helper-validator-option-7.27.1.tgz 0ms (cache hit)
515 http cache @babel/helper-wrap-function@https://registry.npmjs.org/@babel/helper-wrap-function/-/helper-wrap-function-7.28.3.tgz 0ms (cache hit)
516 http cache @babel/plugin-syntax-private-property-in-object@https://registry.npmjs.org/@babel/plugin-syntax-private-property-in-object/-/plugin-syntax-private-property-in-object-7.14.5.tgz 0ms (cache hit)
517 http cache @babel/helper-validator-identifier@https://registry.npmjs.org/@babel/helper-validator-identifier/-/helper-validator-identifier-7.28.5.tgz 0ms (cache hit)
518 http cache @babel/helper-string-parser@https://registry.npmjs.org/@babel/helper-string-parser/-/helper-string-parser-7.27.1.tgz 0ms (cache hit)
519 http cache @babel/plugin-transform-duplicate-keys@https://registry.npmjs.org/@babel/plugin-transform-duplicate-keys/-/plugin-transform-duplicate-keys-7.27.1.tgz 0ms (cache hit)
520 http cache @babel/helper-replace-supers@https://registry.npmjs.org/@babel/helper-replace-supers/-/helper-replace-supers-7.27.1.tgz 0ms (cache hit)
521 http cache @babel/helper-skip-transparent-expression-wrappers@https://registry.npmjs.org/@babel/helper-skip-transparent-expression-wrappers/-/helper-skip-transparent-expression-wrappers-7.27.1.tgz 0ms (cache hit)
522 http cache @babel/helper-remap-async-to-generator@https://registry.npmjs.org/@babel/helper-remap-async-to-generator/-/helper-remap-async-to-generator-7.27.1.tgz 0ms (cache hit)
523 http cache @babel/helper-plugin-utils@https://registry.npmjs.org/@babel/helper-plugin-utils/-/helper-plugin-utils-7.27.1.tgz 1ms (cache hit)
524 http cache @babel/helper-module-transforms@https://registry.npmjs.org/@babel/helper-module-transforms/-/helper-module-transforms-7.28.3.tgz 0ms (cache hit)
525 http cache @babel/helper-optimise-call-expression@https://registry.npmjs.org/@babel/helper-optimise-call-expression/-/helper-optimise-call-expression-7.27.1.tgz 0ms (cache hit)
526 http cache @babel/helper-member-expression-to-functions@https://registry.npmjs.org/@babel/helper-member-expression-to-functions/-/helper-member-expression-to-functions-7.28.5.tgz 0ms (cache hit)
527 http cache @babel/helper-module-imports@https://registry.npmjs.org/@babel/helper-module-imports/-/helper-module-imports-7.27.1.tgz 0ms (cache hit)
528 http cache @babel/helper-define-polyfill-provider@https://registry.npmjs.org/@babel/helper-define-polyfill-provider/-/helper-define-polyfill-provider-0.6.5.tgz 0ms (cache hit)
529 http cache @babel/helper-globals@https://registry.npmjs.org/@babel/helper-globals/-/helper-globals-7.28.0.tgz 0ms (cache hit)
530 http cache @babel/helper-create-class-features-plugin@https://registry.npmjs.org/@babel/helper-create-class-features-plugin/-/helper-create-class-features-plugin-7.28.5.tgz 0ms (cache hit)
531 http cache @babel/helper-create-regexp-features-plugin@https://registry.npmjs.org/@babel/helper-create-regexp-features-plugin/-/helper-create-regexp-features-plugin-7.28.5.tgz 0ms (cache hit)
532 http cache @babel/helper-compilation-targets@https://registry.npmjs.org/@babel/helper-compilation-targets/-/helper-compilation-targets-7.27.2.tgz 0ms (cache hit)
533 http cache @babel/helper-annotate-as-pure@https://registry.npmjs.org/@babel/helper-annotate-as-pure/-/helper-annotate-as-pure-7.27.3.tgz 0ms (cache hit)
534 http cache @babel/generator@https://registry.npmjs.org/@babel/generator/-/generator-7.28.5.tgz 0ms (cache hit)
535 http cache @babel/eslint-parser@https://registry.npmjs.org/@babel/eslint-parser/-/eslint-parser-7.28.5.tgz 0ms (cache hit)
536 http cache @babel/core@https://registry.npmjs.org/@babel/core/-/core-7.28.5.tgz 0ms (cache hit)
537 http cache @babel/compat-data@https://registry.npmjs.org/@babel/compat-data/-/compat-data-7.28.5.tgz 0ms (cache hit)
538 http cache @babel/code-frame@https://registry.npmjs.org/@babel/code-frame/-/code-frame-7.27.1.tgz 0ms (cache hit)
539 http cache @alloc/quick-lru@https://registry.npmjs.org/@alloc/quick-lru/-/quick-lru-5.2.0.tgz 1ms (cache hit)
540 http cache @adobe/css-tools@https://registry.npmjs.org/@adobe/css-tools/-/css-tools-4.4.4.tgz 0ms (cache hit)
541 http cache which@https://registry.npmjs.org/which/-/which-2.0.2.tgz 0ms (cache hit)
542 http cache webpack-dev-server@https://registry.npmjs.org/webpack-dev-server/-/webpack-dev-server-4.15.2.tgz 0ms (cache hit)
543 http cache webpack@https://registry.npmjs.org/webpack/-/webpack-5.104.1.tgz 0ms (cache hit)
544 http cache typescript@https://registry.npmjs.org/typescript/-/typescript-4.9.5.tgz 0ms (cache hit)
545 http cache uuid@https://registry.npmjs.org/uuid/-/uuid-8.3.2.tgz 0ms (cache hit)
546 http cache update-browserslist-db@https://registry.npmjs.org/update-browserslist-db/-/update-browserslist-db-1.2.3.tgz 0ms (cache hit)
547 http cache terser@https://registry.npmjs.org/terser/-/terser-5.44.1.tgz 0ms (cache hit)
548 http cache tailwindcss@https://registry.npmjs.org/tailwindcss/-/tailwindcss-3.4.19.tgz 0ms (cache hit)
549 http cache sucrase@https://registry.npmjs.org/sucrase/-/sucrase-3.35.1.tgz 0ms (cache hit)
550 http cache svgo@https://registry.npmjs.org/svgo/-/svgo-1.3.2.tgz 0ms (cache hit)
551 http cache rollup@https://registry.npmjs.org/rollup/-/rollup-2.79.2.tgz 0ms (cache hit)
552 http cache semver@https://registry.npmjs.org/semver/-/semver-7.7.3.tgz 0ms (cache hit)
553 http cache resolve@https://registry.npmjs.org/resolve/-/resolve-1.22.11.tgz 0ms (cache hit)
554 http cache rimraf@https://registry.npmjs.org/rimraf/-/rimraf-3.0.2.tgz 0ms (cache hit)
555 http cache regjsparser@https://registry.npmjs.org/regjsparser/-/regjsparser-0.13.0.tgz 0ms (cache hit)
556 http cache react-scripts@https://registry.npmjs.org/react-scripts/-/react-scripts-5.0.1.tgz 0ms (cache hit)
557 http cache nanoid@https://registry.npmjs.org/nanoid/-/nanoid-3.3.11.tgz 0ms (cache hit)
558 http cache mime@https://registry.npmjs.org/mime/-/mime-1.6.0.tgz 0ms (cache hit)
559 http cache multicast-dns@https://registry.npmjs.org/multicast-dns/-/multicast-dns-7.2.5.tgz 0ms (cache hit)
560 http cache loose-envify@https://registry.npmjs.org/loose-envify/-/loose-envify-1.4.0.tgz 0ms (cache hit)
561 http cache mkdirp@https://registry.npmjs.org/mkdirp/-/mkdirp-0.5.6.tgz 0ms (cache hit)
562 http cache lz-string@https://registry.npmjs.org/lz-string/-/lz-string-1.5.0.tgz 0ms (cache hit)
563 http cache json5@https://registry.npmjs.org/json5/-/json5-2.2.3.tgz 0ms (cache hit)
564 http cache jsesc@https://registry.npmjs.org/jsesc/-/jsesc-3.1.0.tgz 0ms (cache hit)
565 http cache js-yaml@https://registry.npmjs.org/js-yaml/-/js-yaml-3.14.2.tgz 0ms (cache hit)
566 http cache jiti@https://registry.npmjs.org/jiti/-/jiti-1.21.7.tgz 0ms (cache hit)
567 http cache jest-cli@https://registry.npmjs.org/jest-cli/-/jest-cli-27.5.1.tgz 0ms (cache hit)
568 http cache is-docker@https://registry.npmjs.org/is-docker/-/is-docker-2.2.1.tgz 0ms (cache hit)
569 http cache jake@https://registry.npmjs.org/jake/-/jake-10.9.4.tgz 0ms (cache hit)
570 http cache jest@https://registry.npmjs.org/jest/-/jest-27.5.1.tgz 0ms (cache hit)
571 http cache import-local@https://registry.npmjs.org/import-local/-/import-local-3.2.0.tgz 0ms (cache hit)
572 http cache html-minifier-terser@https://registry.npmjs.org/html-minifier-terser/-/html-minifier-terser-6.1.0.tgz 0ms (cache hit)
573 http cache he@https://registry.npmjs.org/he/-/he-1.2.0.tgz 0ms (cache hit)
574 http cache debug@https://registry.npmjs.org/debug/-/debug-3.2.7.tgz 0ms (cache hit)
575 http cache debug@https://registry.npmjs.org/debug/-/debug-3.2.7.tgz 0ms (cache hit)
576 http cache p-locate@https://registry.npmjs.org/p-locate/-/p-locate-5.0.0.tgz 0ms (cache hit)
577 http cache esprima@https://registry.npmjs.org/esprima/-/esprima-4.0.1.tgz 0ms (cache hit)
578 http cache p-limit@https://registry.npmjs.org/p-limit/-/p-limit-3.1.0.tgz 0ms (cache hit)
579 http cache locate-path@https://registry.npmjs.org/locate-path/-/locate-path-6.0.0.tgz 0ms (cache hit)
580 http cache js-yaml@https://registry.npmjs.org/js-yaml/-/js-yaml-4.1.1.tgz 0ms (cache hit)
581 http cache find-up@https://registry.npmjs.org/find-up/-/find-up-5.0.0.tgz 0ms (cache hit)
582 http cache source-map@https://registry.npmjs.org/source-map/-/source-map-0.6.1.tgz 1ms (cache hit)
583 http cache argparse@https://registry.npmjs.org/argparse/-/argparse-2.0.1.tgz 0ms (cache hit)
584 http cache webidl-conversions@https://registry.npmjs.org/webidl-conversions/-/webidl-conversions-5.0.0.tgz 0ms (cache hit)
585 http cache ms@https://registry.npmjs.org/ms/-/ms-2.0.0.tgz 0ms (cache hit)
586 http cache cssom@https://registry.npmjs.org/cssom/-/cssom-0.3.8.tgz 0ms (cache hit)
587 http cache debug@https://registry.npmjs.org/debug/-/debug-2.6.9.tgz 0ms (cache hit)
588 http cache source-map@https://registry.npmjs.org/source-map/-/source-map-0.6.1.tgz 0ms (cache hit)
589 http cache source-map@https://registry.npmjs.org/source-map/-/source-map-0.6.1.tgz 0ms (cache hit)
590 http cache mdn-data@https://registry.npmjs.org/mdn-data/-/mdn-data-2.0.14.tgz 0ms (cache hit)
591 http cache css-tree@https://registry.npmjs.org/css-tree/-/css-tree-1.1.3.tgz 0ms (cache hit)
592 http cache source-map@https://registry.npmjs.org/source-map/-/source-map-0.6.1.tgz 0ms (cache hit)
593 http cache ms@https://registry.npmjs.org/ms/-/ms-2.0.0.tgz 0ms (cache hit)
594 http cache supports-color@https://registry.npmjs.org/supports-color/-/supports-color-5.5.0.tgz 0ms (cache hit)
595 http cache debug@https://registry.npmjs.org/debug/-/debug-2.6.9.tgz 0ms (cache hit)
596 http cache escape-string-regexp@https://registry.npmjs.org/escape-string-regexp/-/escape-string-regexp-1.0.5.tgz 0ms (cache hit)
597 http cache source-map@https://registry.npmjs.org/source-map/-/source-map-0.6.1.tgz 0ms (cache hit)
598 http cache has-flag@https://registry.npmjs.org/has-flag/-/has-flag-3.0.0.tgz 0ms (cache hit)
599 http cache color-name@https://registry.npmjs.org/color-name/-/color-name-1.1.3.tgz 0ms (cache hit)
600 http cache color-convert@https://registry.npmjs.org/color-convert/-/color-convert-1.9.3.tgz 0ms (cache hit)
601 http cache chalk@https://registry.npmjs.org/chalk/-/chalk-2.4.2.tgz 0ms (cache hit)
602 http cache glob-parent@https://registry.npmjs.org/glob-parent/-/glob-parent-5.1.2.tgz 0ms (cache hit)
603 http cache ansi-styles@https://registry.npmjs.org/ansi-styles/-/ansi-styles-3.2.1.tgz 0ms (cache hit)
604 http cache @babel/plugin-proposal-private-property-in-object@https://registry.npmjs.org/@babel/plugin-proposal-private-property-in-object/-/plugin-proposal-private-property-in-object-7.21.11.tgz 0ms (cache hit)
605 http cache ms@https://registry.npmjs.org/ms/-/ms-2.0.0.tgz 0ms (cache hit)
606 http cache debug@https://registry.npmjs.org/debug/-/debug-2.6.9.tgz 0ms (cache hit)
607 http cache iconv-lite@https://registry.npmjs.org/iconv-lite/-/iconv-lite-0.4.24.tgz 0ms (cache hit)
608 http cache schema-utils@https://registry.npmjs.org/schema-utils/-/schema-utils-2.7.1.tgz 0ms (cache hit)
609 http cache semver@https://registry.npmjs.org/semver/-/semver-6.3.1.tgz 0ms (cache hit)
610 http cache type-fest@https://registry.npmjs.org/type-fest/-/type-fest-0.21.3.tgz 0ms (cache hit)
611 http cache acorn@https://registry.npmjs.org/acorn/-/acorn-7.4.1.tgz 0ms (cache hit)
612 http cache json-schema-traverse@https://registry.npmjs.org/json-schema-traverse/-/json-schema-traverse-1.0.0.tgz 0ms (cache hit)
613 http cache form-data@https://registry.npmjs.org/form-data/-/form-data-4.0.5.tgz 0ms (cache hit)
614 http cache ajv@https://registry.npmjs.org/ajv/-/ajv-8.17.1.tgz 0ms (cache hit)
615 http cache negotiator@https://registry.npmjs.org/negotiator/-/negotiator-0.6.3.tgz 0ms (cache hit)
616 http cache estraverse@https://registry.npmjs.org/estraverse/-/estraverse-4.3.0.tgz 0ms (cache hit)
617 http cache @types/send@https://registry.npmjs.org/@types/send/-/send-0.17.6.tgz 0ms (cache hit)
618 http cache eslint-scope@https://registry.npmjs.org/eslint-scope/-/eslint-scope-5.1.1.tgz 0ms (cache hit)
619 http cache @types/express-serve-static-core@https://registry.npmjs.org/@types/express-serve-static-core/-/express-serve-static-core-4.19.7.tgz 0ms (cache hit)
620 http cache @types/estree@https://registry.npmjs.org/@types/estree/-/estree-0.0.39.tgz 0ms (cache hit)
621 http cache dom-accessibility-api@https://registry.npmjs.org/dom-accessibility-api/-/dom-accessibility-api-0.6.3.tgz 0ms (cache hit)
622 http cache estraverse@https://registry.npmjs.org/estraverse/-/estraverse-4.3.0.tgz 0ms (cache hit)
623 http cache aria-query@https://registry.npmjs.org/aria-query/-/aria-query-5.3.0.tgz 1ms (cache hit)
624 http cache eslint-scope@https://registry.npmjs.org/eslint-scope/-/eslint-scope-5.1.1.tgz 0ms (cache hit)
625 http cache source-map@https://registry.npmjs.org/source-map/-/source-map-0.6.1.tgz 0ms (cache hit)
626 http cache convert-source-map@https://registry.npmjs.org/convert-source-map/-/convert-source-map-1.9.0.tgz 0ms (cache hit)
627 http cache source-map@https://registry.npmjs.org/source-map/-/source-map-0.6.1.tgz 0ms (cache hit)
628 http cache argparse@https://registry.npmjs.org/argparse/-/argparse-2.0.1.tgz 0ms (cache hit)
629 http cache source-map@https://registry.npmjs.org/source-map/-/source-map-0.6.1.tgz 0ms (cache hit)
630 http cache camelcase@https://registry.npmjs.org/camelcase/-/camelcase-5.3.1.tgz 0ms (cache hit)
631 http cache semver@https://registry.npmjs.org/semver/-/semver-6.3.1.tgz 0ms (cache hit)
632 http cache semver@https://registry.npmjs.org/semver/-/semver-6.3.1.tgz 0ms (cache hit)
633 http cache semver@https://registry.npmjs.org/semver/-/semver-6.3.1.tgz 0ms (cache hit)
634 http cache semver@https://registry.npmjs.org/semver/-/semver-6.3.1.tgz 0ms (cache hit)
635 http cache semver@https://registry.npmjs.org/semver/-/semver-6.3.1.tgz 0ms (cache hit)
636 http cache semver@https://registry.npmjs.org/semver/-/semver-6.3.1.tgz 0ms (cache hit)
637 http cache eslint-visitor-keys@https://registry.npmjs.org/eslint-visitor-keys/-/eslint-visitor-keys-2.1.0.tgz 0ms (cache hit)
638 http cache js-yaml@https://registry.npmjs.org/js-yaml/-/js-yaml-4.1.1.tgz 0ms (cache hit)
639 silly tarball no local data for eslint-import-resolver-node@https://registry.npmjs.org/eslint-import-resolver-node/-/eslint-import-resolver-node-0.3.9.tgz. Extracting by manifest.
640 silly tarball no local data for eslint-module-utils@https://registry.npmjs.org/eslint-module-utils/-/eslint-module-utils-2.12.1.tgz. Extracting by manifest.
641 silly tarball no local data for eslint-config-react-app@https://registry.npmjs.org/eslint-config-react-app/-/eslint-config-react-app-7.0.1.tgz. Extracting by manifest.
642 silly tarball no local data for eslint@https://registry.npmjs.org/eslint/-/eslint-8.57.1.tgz. Extracting by manifest.
643 silly tarball no local data for escodegen@https://registry.npmjs.org/escodegen/-/escodegen-2.1.0.tgz. Extracting by manifest.
644 silly tarball no local data for escape-html@https://registry.npmjs.org/escape-html/-/escape-html-1.0.3.tgz. Extracting by manifest.
645 silly tarball no local data for escape-string-regexp@https://registry.npmjs.org/escape-string-regexp/-/escape-string-regexp-4.0.0.tgz. Extracting by manifest.
646 silly tarball no local data for escalade@https://registry.npmjs.org/escalade/-/escalade-3.2.0.tgz. Extracting by manifest.
647 silly tarball no local data for es-to-primitive@https://registry.npmjs.org/es-to-primitive/-/es-to-primitive-1.3.0.tgz. Extracting by manifest.
648 silly tarball no local data for es-shim-unscopables@https://registry.npmjs.org/es-shim-unscopables/-/es-shim-unscopables-1.1.0.tgz. Extracting by manifest.
649 silly tarball no local data for es-set-tostringtag@https://registry.npmjs.org/es-set-tostringtag/-/es-set-tostringtag-2.1.0.tgz. Extracting by manifest.
650 http cache semver@https://registry.npmjs.org/semver/-/semver-6.3.1.tgz 0ms (cache hit)
651 silly tarball no local data for es-object-atoms@https://registry.npmjs.org/es-object-atoms/-/es-object-atoms-1.1.1.tgz. Extracting by manifest.
652 silly tarball no local data for es-module-lexer@https://registry.npmjs.org/es-module-lexer/-/es-module-lexer-2.0.0.tgz. Extracting by manifest.
653 silly tarball no local data for es-errors@https://registry.npmjs.org/es-errors/-/es-errors-1.3.0.tgz. Extracting by manifest.
654 silly tarball no local data for es-iterator-helpers@https://registry.npmjs.org/es-iterator-helpers/-/es-iterator-helpers-1.2.2.tgz. Extracting by manifest.
655 silly tarball no local data for es-define-property@https://registry.npmjs.org/es-define-property/-/es-define-property-1.0.1.tgz. Extracting by manifest.
656 silly tarball no local data for es-abstract@https://registry.npmjs.org/es-abstract/-/es-abstract-1.24.1.tgz. Extracting by manifest.
657 silly tarball no local data for es-array-method-boxes-properly@https://registry.npmjs.org/es-array-method-boxes-properly/-/es-array-method-boxes-properly-1.0.0.tgz. Extracting by manifest.
658 silly tarball no local data for error-stack-parser@https://registry.npmjs.org/error-stack-parser/-/error-stack-parser-2.1.4.tgz. Extracting by manifest.
659 silly tarball no local data for error-ex@https://registry.npmjs.org/error-ex/-/error-ex-1.3.4.tgz. Extracting by manifest.
660 silly tarball no local data for entities@https://registry.npmjs.org/entities/-/entities-2.2.0.tgz. Extracting by manifest.
661 silly tarball no local data for enhanced-resolve@https://registry.npmjs.org/enhanced-resolve/-/enhanced-resolve-5.18.4.tgz. Extracting by manifest.
662 silly tarball no local data for encodeurl@https://registry.npmjs.org/encodeurl/-/encodeurl-2.0.0.tgz. Extracting by manifest.
663 silly tarball no local data for emojis-list@https://registry.npmjs.org/emojis-list/-/emojis-list-3.0.0.tgz. Extracting by manifest.
664 silly tarball no local data for emittery@https://registry.npmjs.org/emittery/-/emittery-0.8.1.tgz. Extracting by manifest.
665 silly tarball no local data for emoji-regex@https://registry.npmjs.org/emoji-regex/-/emoji-regex-9.2.2.tgz. Extracting by manifest.
666 silly tarball no local data for ejs@https://registry.npmjs.org/ejs/-/ejs-3.1.10.tgz. Extracting by manifest.
667 silly tarball no local data for electron-to-chromium@https://registry.npmjs.org/electron-to-chromium/-/electron-to-chromium-1.5.267.tgz. Extracting by manifest.
668 silly tarball no local data for ee-first@https://registry.npmjs.org/ee-first/-/ee-first-1.1.1.tgz. Extracting by manifest.
669 silly tarball no local data for duplexer@https://registry.npmjs.org/duplexer/-/duplexer-0.1.2.tgz. Extracting by manifest.
670 silly tarball no local data for dunder-proto@https://registry.npmjs.org/dunder-proto/-/dunder-proto-1.0.1.tgz. Extracting by manifest.
671 silly tarball no local data for dotenv@https://registry.npmjs.org/dotenv/-/dotenv-10.0.0.tgz. Extracting by manifest.
672 silly tarball no local data for dotenv-expand@https://registry.npmjs.org/dotenv-expand/-/dotenv-expand-5.1.0.tgz. Extracting by manifest.
673 silly tarball no local data for domutils@https://registry.npmjs.org/domutils/-/domutils-2.8.0.tgz. Extracting by manifest.
674 silly tarball no local data for dot-case@https://registry.npmjs.org/dot-case/-/dot-case-3.0.4.tgz. Extracting by manifest.
675 silly tarball no local data for domexception@https://registry.npmjs.org/domexception/-/domexception-2.0.1.tgz. Extracting by manifest.
676 silly tarball no local data for domhandler@https://registry.npmjs.org/domhandler/-/domhandler-4.3.1.tgz. Extracting by manifest.
677 silly tarball no local data for domelementtype@https://registry.npmjs.org/domelementtype/-/domelementtype-2.3.0.tgz. Extracting by manifest.
678 silly tarball no local data for dom-serializer@https://registry.npmjs.org/dom-serializer/-/dom-serializer-1.4.1.tgz. Extracting by manifest.
679 silly tarball no local data for dom-converter@https://registry.npmjs.org/dom-converter/-/dom-converter-0.2.0.tgz. Extracting by manifest.
680 silly tarball no local data for dom-accessibility-api@https://registry.npmjs.org/dom-accessibility-api/-/dom-accessibility-api-0.5.16.tgz. Extracting by manifest.
681 silly tarball no local data for doctrine@https://registry.npmjs.org/doctrine/-/doctrine-3.0.0.tgz. Extracting by manifest.
682 silly tarball no local data for dlv@https://registry.npmjs.org/dlv/-/dlv-1.1.3.tgz. Extracting by manifest.
683 silly tarball no local data for dns-packet@https://registry.npmjs.org/dns-packet/-/dns-packet-5.6.1.tgz. Extracting by manifest.
684 silly tarball no local data for dir-glob@https://registry.npmjs.org/dir-glob/-/dir-glob-3.0.1.tgz. Extracting by manifest.
685 silly tarball no local data for diff-sequences@https://registry.npmjs.org/diff-sequences/-/diff-sequences-27.5.1.tgz. Extracting by manifest.
686 silly tarball no local data for detect-port-alt@https://registry.npmjs.org/detect-port-alt/-/detect-port-alt-1.1.6.tgz. Extracting by manifest.
687 silly tarball no local data for didyoumean@https://registry.npmjs.org/didyoumean/-/didyoumean-1.2.2.tgz. Extracting by manifest.
688 silly tarball no local data for detect-node@https://registry.npmjs.org/detect-node/-/detect-node-2.1.0.tgz. Extracting by manifest.
689 silly tarball no local data for detect-newline@https://registry.npmjs.org/detect-newline/-/detect-newline-3.1.0.tgz. Extracting by manifest.
690 silly tarball no local data for destroy@https://registry.npmjs.org/destroy/-/destroy-1.2.0.tgz. Extracting by manifest.
691 silly tarball no local data for dequal@https://registry.npmjs.org/dequal/-/dequal-2.0.3.tgz. Extracting by manifest.
692 silly tarball no local data for depd@https://registry.npmjs.org/depd/-/depd-2.0.0.tgz. Extracting by manifest.
693 silly tarball no local data for delayed-stream@https://registry.npmjs.org/delayed-stream/-/delayed-stream-1.0.0.tgz. Extracting by manifest.
694 silly tarball no local data for define-properties@https://registry.npmjs.org/define-properties/-/define-properties-1.2.1.tgz. Extracting by manifest.
695 silly tarball no local data for define-data-property@https://registry.npmjs.org/define-data-property/-/define-data-property-1.1.4.tgz. Extracting by manifest.
696 silly tarball no local data for define-lazy-prop@https://registry.npmjs.org/define-lazy-prop/-/define-lazy-prop-2.0.0.tgz. Extracting by manifest.
697 silly tarball no local data for deep-is@https://registry.npmjs.org/deep-is/-/deep-is-0.1.4.tgz. Extracting by manifest.
698 silly tarball no local data for deepmerge@https://registry.npmjs.org/deepmerge/-/deepmerge-4.3.1.tgz. Extracting by manifest.
699 silly tarball no local data for dedent@https://registry.npmjs.org/dedent/-/dedent-0.7.0.tgz. Extracting by manifest.
700 silly tarball no local data for default-gateway@https://registry.npmjs.org/default-gateway/-/default-gateway-6.0.3.tgz. Extracting by manifest.
701 silly tarball no local data for decimal.js@https://registry.npmjs.org/decimal.js/-/decimal.js-10.6.0.tgz. Extracting by manifest.
702 silly tarball no local data for debug@https://registry.npmjs.org/debug/-/debug-4.4.3.tgz. Extracting by manifest.
703 silly tarball no local data for data-view-byte-offset@https://registry.npmjs.org/data-view-byte-offset/-/data-view-byte-offset-1.0.1.tgz. Extracting by manifest.
704 silly tarball no local data for data-view-byte-length@https://registry.npmjs.org/data-view-byte-length/-/data-view-byte-length-1.0.2.tgz. Extracting by manifest.
705 silly tarball no local data for data-view-buffer@https://registry.npmjs.org/data-view-buffer/-/data-view-buffer-1.0.2.tgz. Extracting by manifest.
706 silly tarball no local data for data-urls@https://registry.npmjs.org/data-urls/-/data-urls-2.0.0.tgz. Extracting by manifest.
707 silly tarball no local data for damerau-levenshtein@https://registry.npmjs.org/damerau-levenshtein/-/damerau-levenshtein-1.0.8.tgz. Extracting by manifest.
708 silly tarball no local data for cssstyle@https://registry.npmjs.org/cssstyle/-/cssstyle-2.3.0.tgz. Extracting by manifest.
709 silly tarball no local data for cssom@https://registry.npmjs.org/cssom/-/cssom-0.4.4.tgz. Extracting by manifest.
710 silly tarball no local data for csso@https://registry.npmjs.org/csso/-/csso-4.2.0.tgz. Extracting by manifest.
711 silly tarball no local data for cssnano-preset-default@https://registry.npmjs.org/cssnano-preset-default/-/cssnano-preset-default-5.2.14.tgz. Extracting by manifest.
712 silly tarball no local data for cssnano-utils@https://registry.npmjs.org/cssnano-utils/-/cssnano-utils-3.1.0.tgz. Extracting by manifest.
713 silly tarball no local data for cssnano@https://registry.npmjs.org/cssnano/-/cssnano-5.1.15.tgz. Extracting by manifest.
714 silly tarball no local data for cssesc@https://registry.npmjs.org/cssesc/-/cssesc-3.0.0.tgz. Extracting by manifest.
715 silly tarball no local data for css-what@https://registry.npmjs.org/css-what/-/css-what-6.2.2.tgz. Extracting by manifest.
716 silly tarball no local data for css.escape@https://registry.npmjs.org/css.escape/-/css.escape-1.5.1.tgz. Extracting by manifest.
717 silly tarball no local data for css-tree@https://registry.npmjs.org/css-tree/-/css-tree-1.0.0-alpha.37.tgz. Extracting by manifest.
718 silly tarball no local data for css-select-base-adapter@https://registry.npmjs.org/css-select-base-adapter/-/css-select-base-adapter-0.1.1.tgz. Extracting by manifest.
719 silly tarball no local data for css-select@https://registry.npmjs.org/css-select/-/css-select-4.3.0.tgz. Extracting by manifest.
720 silly tarball no local data for css-prefers-color-scheme@https://registry.npmjs.org/css-prefers-color-scheme/-/css-prefers-color-scheme-6.0.3.tgz. Extracting by manifest.
721 silly tarball no local data for css-loader@https://registry.npmjs.org/css-loader/-/css-loader-6.11.0.tgz. Extracting by manifest.
722 silly tarball no local data for css-minimizer-webpack-plugin@https://registry.npmjs.org/css-minimizer-webpack-plugin/-/css-minimizer-webpack-plugin-3.4.1.tgz. Extracting by manifest.
723 silly tarball no local data for cssdb@https://registry.npmjs.org/cssdb/-/cssdb-7.11.2.tgz. Extracting by manifest.
724 silly tarball no local data for css-has-pseudo@https://registry.npmjs.org/css-has-pseudo/-/css-has-pseudo-3.0.4.tgz. Extracting by manifest.
725 silly tarball no local data for css-declaration-sorter@https://registry.npmjs.org/css-declaration-sorter/-/css-declaration-sorter-6.4.1.tgz. Extracting by manifest.
726 silly tarball no local data for css-blank-pseudo@https://registry.npmjs.org/css-blank-pseudo/-/css-blank-pseudo-3.0.3.tgz. Extracting by manifest.
727 silly tarball no local data for crypto-random-string@https://registry.npmjs.org/crypto-random-string/-/crypto-random-string-2.0.0.tgz. Extracting by manifest.
728 silly tarball no local data for cross-spawn@https://registry.npmjs.org/cross-spawn/-/cross-spawn-7.0.6.tgz. Extracting by manifest.
729 silly tarball no local data for core-util-is@https://registry.npmjs.org/core-util-is/-/core-util-is-1.0.3.tgz. Extracting by manifest.
730 silly tarball no local data for core-js-pure@https://registry.npmjs.org/core-js-pure/-/core-js-pure-3.47.0.tgz. Extracting by manifest.
731 silly tarball no local data for core-js-compat@https://registry.npmjs.org/core-js-compat/-/core-js-compat-3.47.0.tgz. Extracting by manifest.
732 silly tarball no local data for core-js@https://registry.npmjs.org/core-js/-/core-js-3.47.0.tgz. Extracting by manifest.
733 silly tarball no local data for cookie-signature@https://registry.npmjs.org/cookie-signature/-/cookie-signature-1.0.7.tgz. Extracting by manifest.
734 silly tarball no local data for cookie@https://registry.npmjs.org/cookie/-/cookie-0.7.2.tgz. Extracting by manifest.
735 silly tarball no local data for convert-source-map@https://registry.npmjs.org/convert-source-map/-/convert-source-map-2.0.0.tgz. Extracting by manifest.
736 silly tarball no local data for content-type@https://registry.npmjs.org/content-type/-/content-type-1.0.5.tgz. Extracting by manifest.
737 silly tarball no local data for cosmiconfig@https://registry.npmjs.org/cosmiconfig/-/cosmiconfig-7.1.0.tgz. Extracting by manifest.
738 silly tarball no local data for connect-history-api-fallback@https://registry.npmjs.org/connect-history-api-fallback/-/connect-history-api-fallback-2.0.0.tgz. Extracting by manifest.
739 silly tarball no local data for content-disposition@https://registry.npmjs.org/content-disposition/-/content-disposition-0.5.4.tgz. Extracting by manifest.
740 silly tarball no local data for confusing-browser-globals@https://registry.npmjs.org/confusing-browser-globals/-/confusing-browser-globals-1.0.11.tgz. Extracting by manifest.
741 silly tarball no local data for concat-map@https://registry.npmjs.org/concat-map/-/concat-map-0.0.1.tgz. Extracting by manifest.
742 silly tarball no local data for compression@https://registry.npmjs.org/compression/-/compression-1.8.1.tgz. Extracting by manifest.
743 silly tarball no local data for commondir@https://registry.npmjs.org/commondir/-/commondir-1.0.1.tgz. Extracting by manifest.
744 silly tarball no local data for compressible@https://registry.npmjs.org/compressible/-/compressible-2.0.18.tgz. Extracting by manifest.
745 silly tarball no local data for commander@https://registry.npmjs.org/commander/-/commander-8.3.0.tgz. Extracting by manifest.
746 silly tarball no local data for common-tags@https://registry.npmjs.org/common-tags/-/common-tags-1.8.2.tgz. Extracting by manifest.
747 silly tarball no local data for colorette@https://registry.npmjs.org/colorette/-/colorette-2.0.20.tgz. Extracting by manifest.
748 silly tarball no local data for combined-stream@https://registry.npmjs.org/combined-stream/-/combined-stream-1.0.8.tgz. Extracting by manifest.
749 silly tarball no local data for colord@https://registry.npmjs.org/colord/-/colord-2.9.3.tgz. Extracting by manifest.
750 silly tarball no local data for color-name@https://registry.npmjs.org/color-name/-/color-name-1.1.4.tgz. Extracting by manifest.
751 silly tarball no local data for color-convert@https://registry.npmjs.org/color-convert/-/color-convert-2.0.1.tgz. Extracting by manifest.
752 silly tarball no local data for coa@https://registry.npmjs.org/coa/-/coa-2.0.2.tgz. Extracting by manifest.
753 silly tarball no local data for collect-v8-coverage@https://registry.npmjs.org/collect-v8-coverage/-/collect-v8-coverage-1.0.3.tgz. Extracting by manifest.
754 silly tarball no local data for cliui@https://registry.npmjs.org/cliui/-/cliui-7.0.4.tgz. Extracting by manifest.
755 silly tarball no local data for co@https://registry.npmjs.org/co/-/co-4.6.0.tgz. Extracting by manifest.
756 silly tarball no local data for clean-css@https://registry.npmjs.org/clean-css/-/clean-css-5.3.3.tgz. Extracting by manifest.
757 silly tarball no local data for cjs-module-lexer@https://registry.npmjs.org/cjs-module-lexer/-/cjs-module-lexer-1.4.3.tgz. Extracting by manifest.
758 silly tarball no local data for chrome-trace-event@https://registry.npmjs.org/chrome-trace-event/-/chrome-trace-event-1.0.4.tgz. Extracting by manifest.
759 silly tarball no local data for ci-info@https://registry.npmjs.org/ci-info/-/ci-info-3.9.0.tgz. Extracting by manifest.
760 silly tarball no local data for chokidar@https://registry.npmjs.org/chokidar/-/chokidar-3.6.0.tgz. Extracting by manifest.
761 silly tarball no local data for check-types@https://registry.npmjs.org/check-types/-/check-types-11.2.3.tgz. Extracting by manifest.
762 silly tarball no local data for char-regex@https://registry.npmjs.org/char-regex/-/char-regex-1.0.2.tgz. Extracting by manifest.
763 silly tarball no local data for chalk@https://registry.npmjs.org/chalk/-/chalk-4.1.2.tgz. Extracting by manifest.
764 silly tarball no local data for case-sensitive-paths-webpack-plugin@https://registry.npmjs.org/case-sensitive-paths-webpack-plugin/-/case-sensitive-paths-webpack-plugin-2.4.0.tgz. Extracting by manifest.
765 silly tarball no local data for caniuse-api@https://registry.npmjs.org/caniuse-api/-/caniuse-api-3.0.0.tgz. Extracting by manifest.
766 silly tarball no local data for caniuse-lite@https://registry.npmjs.org/caniuse-lite/-/caniuse-lite-1.0.30001762.tgz. Extracting by manifest.
767 silly tarball no local data for camelcase-css@https://registry.npmjs.org/camelcase-css/-/camelcase-css-2.0.1.tgz. Extracting by manifest.
768 silly tarball no local data for camelcase@https://registry.npmjs.org/camelcase/-/camelcase-6.3.0.tgz. Extracting by manifest.
769 silly tarball no local data for camel-case@https://registry.npmjs.org/camel-case/-/camel-case-4.1.2.tgz. Extracting by manifest.
770 silly tarball no local data for callsites@https://registry.npmjs.org/callsites/-/callsites-3.1.0.tgz. Extracting by manifest.
771 silly tarball no local data for call-bound@https://registry.npmjs.org/call-bound/-/call-bound-1.0.4.tgz. Extracting by manifest.
772 silly tarball no local data for call-bind-apply-helpers@https://registry.npmjs.org/call-bind-apply-helpers/-/call-bind-apply-helpers-1.0.2.tgz. Extracting by manifest.
773 silly tarball no local data for call-bind@https://registry.npmjs.org/call-bind/-/call-bind-1.0.8.tgz. Extracting by manifest.
774 silly tarball no local data for bytes@https://registry.npmjs.org/bytes/-/bytes-3.1.2.tgz. Extracting by manifest.
775 silly tarball no local data for builtin-modules@https://registry.npmjs.org/builtin-modules/-/builtin-modules-3.3.0.tgz. Extracting by manifest.
776 silly tarball no local data for buffer-from@https://registry.npmjs.org/buffer-from/-/buffer-from-1.1.2.tgz. Extracting by manifest.
777 silly tarball no local data for bser@https://registry.npmjs.org/bser/-/bser-2.1.1.tgz. Extracting by manifest.
778 silly tarball no local data for browserslist@https://registry.npmjs.org/browserslist/-/browserslist-4.28.1.tgz. Extracting by manifest.
779 silly tarball no local data for browser-process-hrtime@https://registry.npmjs.org/browser-process-hrtime/-/browser-process-hrtime-1.0.0.tgz. Extracting by manifest.
780 silly tarball no local data for braces@https://registry.npmjs.org/braces/-/braces-3.0.3.tgz. Extracting by manifest.
781 silly tarball no local data for brace-expansion@https://registry.npmjs.org/brace-expansion/-/brace-expansion-1.1.12.tgz. Extracting by manifest.
782 silly tarball no local data for boolbase@https://registry.npmjs.org/boolbase/-/boolbase-1.0.0.tgz. Extracting by manifest.
783 silly tarball no local data for bonjour-service@https://registry.npmjs.org/bonjour-service/-/bonjour-service-1.3.0.tgz. Extracting by manifest.
784 silly tarball no local data for body-parser@https://registry.npmjs.org/body-parser/-/body-parser-1.20.4.tgz. Extracting by manifest.
785 silly tarball no local data for bluebird@https://registry.npmjs.org/bluebird/-/bluebird-3.7.2.tgz. Extracting by manifest.
786 silly tarball no local data for binary-extensions@https://registry.npmjs.org/binary-extensions/-/binary-extensions-2.3.0.tgz. Extracting by manifest.
787 silly tarball no local data for big.js@https://registry.npmjs.org/big.js/-/big.js-5.2.2.tgz. Extracting by manifest.
788 silly tarball no local data for bfj@https://registry.npmjs.org/bfj/-/bfj-7.1.0.tgz. Extracting by manifest.
789 silly tarball no local data for batch@https://registry.npmjs.org/batch/-/batch-0.6.1.tgz. Extracting by manifest.
790 silly tarball no local data for baseline-browser-mapping@https://registry.npmjs.org/baseline-browser-mapping/-/baseline-browser-mapping-2.9.11.tgz. Extracting by manifest.
791 silly tarball no local data for balanced-match@https://registry.npmjs.org/balanced-match/-/balanced-match-1.0.2.tgz. Extracting by manifest.
792 silly tarball no local data for babel-preset-react-app@https://registry.npmjs.org/babel-preset-react-app/-/babel-preset-react-app-10.1.0.tgz. Extracting by manifest.
793 silly tarball no local data for babel-preset-jest@https://registry.npmjs.org/babel-preset-jest/-/babel-preset-jest-27.5.1.tgz. Extracting by manifest.
794 silly tarball no local data for babel-plugin-transform-react-remove-prop-types@https://registry.npmjs.org/babel-plugin-transform-react-remove-prop-types/-/babel-plugin-transform-react-remove-prop-types-0.4.24.tgz. Extracting by manifest.
795 silly tarball no local data for babel-preset-current-node-syntax@https://registry.npmjs.org/babel-preset-current-node-syntax/-/babel-preset-current-node-syntax-1.2.0.tgz. Extracting by manifest.
796 silly tarball no local data for babel-plugin-polyfill-corejs3@https://registry.npmjs.org/babel-plugin-polyfill-corejs3/-/babel-plugin-polyfill-corejs3-0.13.0.tgz. Extracting by manifest.
797 silly tarball no local data for babel-plugin-polyfill-regenerator@https://registry.npmjs.org/babel-plugin-polyfill-regenerator/-/babel-plugin-polyfill-regenerator-0.6.5.tgz. Extracting by manifest.
798 silly tarball no local data for babel-plugin-polyfill-corejs2@https://registry.npmjs.org/babel-plugin-polyfill-corejs2/-/babel-plugin-polyfill-corejs2-0.4.14.tgz. Extracting by manifest.
799 silly tarball no local data for babel-plugin-named-asset-import@https://registry.npmjs.org/babel-plugin-named-asset-import/-/babel-plugin-named-asset-import-0.3.8.tgz. Extracting by manifest.
800 silly tarball no local data for babel-plugin-jest-hoist@https://registry.npmjs.org/babel-plugin-jest-hoist/-/babel-plugin-jest-hoist-27.5.1.tgz. Extracting by manifest.
801 silly tarball no local data for babel-plugin-istanbul@https://registry.npmjs.org/babel-plugin-istanbul/-/babel-plugin-istanbul-6.1.1.tgz. Extracting by manifest.
802 silly tarball no local data for babel-loader@https://registry.npmjs.org/babel-loader/-/babel-loader-8.4.1.tgz. Extracting by manifest.
803 silly tarball no local data for babel-jest@https://registry.npmjs.org/babel-jest/-/babel-jest-27.5.1.tgz. Extracting by manifest.
804 silly tarball no local data for axobject-query@https://registry.npmjs.org/axobject-query/-/axobject-query-4.1.0.tgz. Extracting by manifest.
805 silly tarball no local data for axios@https://registry.npmjs.org/axios/-/axios-1.13.2.tgz. Extracting by manifest.
806 silly tarball no local data for axe-core@https://registry.npmjs.org/axe-core/-/axe-core-4.11.0.tgz. Extracting by manifest.
807 silly tarball no local data for available-typed-arrays@https://registry.npmjs.org/available-typed-arrays/-/available-typed-arrays-1.0.7.tgz. Extracting by manifest.
808 silly tarball no local data for at-least-node@https://registry.npmjs.org/at-least-node/-/at-least-node-1.0.0.tgz. Extracting by manifest.
809 silly tarball no local data for babel-plugin-macros@https://registry.npmjs.org/babel-plugin-macros/-/babel-plugin-macros-3.1.0.tgz. Extracting by manifest.
810 silly tarball no local data for autoprefixer@https://registry.npmjs.org/autoprefixer/-/autoprefixer-10.4.23.tgz. Extracting by manifest.
811 silly tarball no local data for asynckit@https://registry.npmjs.org/asynckit/-/asynckit-0.4.0.tgz. Extracting by manifest.
812 silly tarball no local data for async-function@https://registry.npmjs.org/async-function/-/async-function-1.0.0.tgz. Extracting by manifest.
813 silly tarball no local data for async@https://registry.npmjs.org/async/-/async-3.2.6.tgz. Extracting by manifest.
814 silly tarball no local data for ast-types-flow@https://registry.npmjs.org/ast-types-flow/-/ast-types-flow-0.0.8.tgz. Extracting by manifest.
815 silly tarball no local data for asap@https://registry.npmjs.org/asap/-/asap-2.0.6.tgz. Extracting by manifest.
816 silly tarball no local data for arraybuffer.prototype.slice@https://registry.npmjs.org/arraybuffer.prototype.slice/-/arraybuffer.prototype.slice-1.0.4.tgz. Extracting by manifest.
817 silly tarball no local data for array.prototype.tosorted@https://registry.npmjs.org/array.prototype.tosorted/-/array.prototype.tosorted-1.1.4.tgz. Extracting by manifest.
818 silly tarball no local data for array.prototype.reduce@https://registry.npmjs.org/array.prototype.reduce/-/array.prototype.reduce-1.0.8.tgz. Extracting by manifest.
819 silly tarball no local data for array.prototype.flatmap@https://registry.npmjs.org/array.prototype.flatmap/-/array.prototype.flatmap-1.3.3.tgz. Extracting by manifest.
820 silly tarball no local data for array.prototype.findlastindex@https://registry.npmjs.org/array.prototype.findlastindex/-/array.prototype.findlastindex-1.2.6.tgz. Extracting by manifest.
821 silly tarball no local data for array-union@https://registry.npmjs.org/array-union/-/array-union-2.1.0.tgz. Extracting by manifest.
822 silly tarball no local data for array.prototype.flat@https://registry.npmjs.org/array.prototype.flat/-/array.prototype.flat-1.3.3.tgz. Extracting by manifest.
823 silly tarball no local data for array.prototype.findlast@https://registry.npmjs.org/array.prototype.findlast/-/array.prototype.findlast-1.2.5.tgz. Extracting by manifest.
824 silly tarball no local data for array-includes@https://registry.npmjs.org/array-includes/-/array-includes-3.1.9.tgz. Extracting by manifest.
825 silly tarball no local data for array-flatten@https://registry.npmjs.org/array-flatten/-/array-flatten-1.1.1.tgz. Extracting by manifest.
826 silly tarball no local data for array-buffer-byte-length@https://registry.npmjs.org/array-buffer-byte-length/-/array-buffer-byte-length-1.0.2.tgz. Extracting by manifest.
827 silly tarball no local data for argparse@https://registry.npmjs.org/argparse/-/argparse-1.0.10.tgz. Extracting by manifest.
828 silly tarball no local data for aria-query@https://registry.npmjs.org/aria-query/-/aria-query-5.3.2.tgz. Extracting by manifest.
829 silly tarball no local data for anymatch@https://registry.npmjs.org/anymatch/-/anymatch-3.1.3.tgz. Extracting by manifest.
830 silly tarball no local data for arg@https://registry.npmjs.org/arg/-/arg-5.0.2.tgz. Extracting by manifest.
831 silly tarball no local data for any-promise@https://registry.npmjs.org/any-promise/-/any-promise-1.3.0.tgz. Extracting by manifest.
832 silly tarball no local data for ansi-regex@https://registry.npmjs.org/ansi-regex/-/ansi-regex-5.0.1.tgz. Extracting by manifest.
833 silly tarball no local data for ansi-styles@https://registry.npmjs.org/ansi-styles/-/ansi-styles-4.3.0.tgz. Extracting by manifest.
834 silly tarball no local data for ansi-html-community@https://registry.npmjs.org/ansi-html-community/-/ansi-html-community-0.0.8.tgz. Extracting by manifest.
835 silly tarball no local data for ansi-html@https://registry.npmjs.org/ansi-html/-/ansi-html-0.0.9.tgz. Extracting by manifest.
836 silly tarball no local data for ansi-escapes@https://registry.npmjs.org/ansi-escapes/-/ansi-escapes-4.3.2.tgz. Extracting by manifest.
837 silly tarball no local data for ajv-keywords@https://registry.npmjs.org/ajv-keywords/-/ajv-keywords-3.5.2.tgz. Extracting by manifest.
838 silly tarball no local data for ajv-formats@https://registry.npmjs.org/ajv-formats/-/ajv-formats-2.1.1.tgz. Extracting by manifest.
839 silly tarball no local data for ajv@https://registry.npmjs.org/ajv/-/ajv-6.12.6.tgz. Extracting by manifest.
840 silly tarball no local data for agent-base@https://registry.npmjs.org/agent-base/-/agent-base-6.0.2.tgz. Extracting by manifest.
841 silly tarball no local data for adjust-sourcemap-loader@https://registry.npmjs.org/adjust-sourcemap-loader/-/adjust-sourcemap-loader-4.0.0.tgz. Extracting by manifest.
842 silly tarball no local data for acorn-walk@https://registry.npmjs.org/acorn-walk/-/acorn-walk-7.2.0.tgz. Extracting by manifest.
843 silly tarball no local data for address@https://registry.npmjs.org/address/-/address-1.2.2.tgz. Extracting by manifest.
844 silly tarball no local data for acorn-jsx@https://registry.npmjs.org/acorn-jsx/-/acorn-jsx-5.3.2.tgz. Extracting by manifest.
845 silly tarball no local data for acorn-import-phases@https://registry.npmjs.org/acorn-import-phases/-/acorn-import-phases-1.0.4.tgz. Extracting by manifest.
846 silly tarball no local data for acorn@https://registry.npmjs.org/acorn/-/acorn-8.15.0.tgz. Extracting by manifest.
847 silly tarball no local data for acorn-globals@https://registry.npmjs.org/acorn-globals/-/acorn-globals-6.0.0.tgz. Extracting by manifest.
848 silly tarball no local data for accepts@https://registry.npmjs.org/accepts/-/accepts-1.3.8.tgz. Extracting by manifest.
849 silly tarball no local data for abab@https://registry.npmjs.org/abab/-/abab-2.0.6.tgz. Extracting by manifest.
850 silly tarball no local data for @xtuc/long@https://registry.npmjs.org/@xtuc/long/-/long-4.2.2.tgz. Extracting by manifest.
851 silly tarball no local data for @xtuc/ieee754@https://registry.npmjs.org/@xtuc/ieee754/-/ieee754-1.2.0.tgz. Extracting by manifest.
852 silly tarball no local data for @webassemblyjs/wast-printer@https://registry.npmjs.org/@webassemblyjs/wast-printer/-/wast-printer-1.14.1.tgz. Extracting by manifest.
853 silly tarball no local data for @webassemblyjs/wasm-parser@https://registry.npmjs.org/@webassemblyjs/wasm-parser/-/wasm-parser-1.14.1.tgz. Extracting by manifest.
854 silly tarball no local data for @webassemblyjs/wasm-opt@https://registry.npmjs.org/@webassemblyjs/wasm-opt/-/wasm-opt-1.14.1.tgz. Extracting by manifest.
855 silly tarball no local data for @webassemblyjs/wasm-gen@https://registry.npmjs.org/@webassemblyjs/wasm-gen/-/wasm-gen-1.14.1.tgz. Extracting by manifest.
856 silly tarball no local data for @webassemblyjs/wasm-edit@https://registry.npmjs.org/@webassemblyjs/wasm-edit/-/wasm-edit-1.14.1.tgz. Extracting by manifest.
857 silly tarball no local data for @webassemblyjs/utf8@https://registry.npmjs.org/@webassemblyjs/utf8/-/utf8-1.13.2.tgz. Extracting by manifest.
858 silly tarball no local data for @webassemblyjs/leb128@https://registry.npmjs.org/@webassemblyjs/leb128/-/leb128-1.13.2.tgz. Extracting by manifest.
859 silly tarball no local data for @webassemblyjs/ieee754@https://registry.npmjs.org/@webassemblyjs/ieee754/-/ieee754-1.13.2.tgz. Extracting by manifest.
860 silly tarball no local data for @webassemblyjs/helper-wasm-section@https://registry.npmjs.org/@webassemblyjs/helper-wasm-section/-/helper-wasm-section-1.14.1.tgz. Extracting by manifest.
861 silly tarball no local data for @webassemblyjs/helper-wasm-bytecode@https://registry.npmjs.org/@webassemblyjs/helper-wasm-bytecode/-/helper-wasm-bytecode-1.13.2.tgz. Extracting by manifest.
862 silly tarball no local data for @webassemblyjs/helper-numbers@https://registry.npmjs.org/@webassemblyjs/helper-numbers/-/helper-numbers-1.13.2.tgz. Extracting by manifest.
863 silly tarball no local data for @webassemblyjs/helper-buffer@https://registry.npmjs.org/@webassemblyjs/helper-buffer/-/helper-buffer-1.14.1.tgz. Extracting by manifest.
864 silly tarball no local data for @webassemblyjs/helper-api-error@https://registry.npmjs.org/@webassemblyjs/helper-api-error/-/helper-api-error-1.13.2.tgz. Extracting by manifest.
865 silly tarball no local data for @ungap/structured-clone@https://registry.npmjs.org/@ungap/structured-clone/-/structured-clone-1.3.0.tgz. Extracting by manifest.
866 silly tarball no local data for @webassemblyjs/floating-point-hex-parser@https://registry.npmjs.org/@webassemblyjs/floating-point-hex-parser/-/floating-point-hex-parser-1.13.2.tgz. Extracting by manifest.
867 silly tarball no local data for @webassemblyjs/ast@https://registry.npmjs.org/@webassemblyjs/ast/-/ast-1.14.1.tgz. Extracting by manifest.
868 silly tarball no local data for @typescript-eslint/visitor-keys@https://registry.npmjs.org/@typescript-eslint/visitor-keys/-/visitor-keys-5.62.0.tgz. Extracting by manifest.
869 silly tarball no local data for @typescript-eslint/typescript-estree@https://registry.npmjs.org/@typescript-eslint/typescript-estree/-/typescript-estree-5.62.0.tgz. Extracting by manifest.
870 silly tarball no local data for @typescript-eslint/utils@https://registry.npmjs.org/@typescript-eslint/utils/-/utils-5.62.0.tgz. Extracting by manifest.
871 silly tarball no local data for @typescript-eslint/types@https://registry.npmjs.org/@typescript-eslint/types/-/types-5.62.0.tgz. Extracting by manifest.
872 silly tarball no local data for @typescript-eslint/type-utils@https://registry.npmjs.org/@typescript-eslint/type-utils/-/type-utils-5.62.0.tgz. Extracting by manifest.
873 silly tarball no local data for @typescript-eslint/scope-manager@https://registry.npmjs.org/@typescript-eslint/scope-manager/-/scope-manager-5.62.0.tgz. Extracting by manifest.
874 silly tarball no local data for @typescript-eslint/parser@https://registry.npmjs.org/@typescript-eslint/parser/-/parser-5.62.0.tgz. Extracting by manifest.
875 silly tarball no local data for @typescript-eslint/experimental-utils@https://registry.npmjs.org/@typescript-eslint/experimental-utils/-/experimental-utils-5.62.0.tgz. Extracting by manifest.
876 silly tarball no local data for @typescript-eslint/eslint-plugin@https://registry.npmjs.org/@typescript-eslint/eslint-plugin/-/eslint-plugin-5.62.0.tgz. Extracting by manifest.
877 silly tarball no local data for @types/yargs-parser@https://registry.npmjs.org/@types/yargs-parser/-/yargs-parser-21.0.3.tgz. Extracting by manifest.
878 silly tarball no local data for @types/yargs@https://registry.npmjs.org/@types/yargs/-/yargs-16.0.11.tgz. Extracting by manifest.
879 silly tarball no local data for @types/trusted-types@https://registry.npmjs.org/@types/trusted-types/-/trusted-types-2.0.7.tgz. Extracting by manifest.
880 silly tarball no local data for @types/ws@https://registry.npmjs.org/@types/ws/-/ws-8.18.1.tgz. Extracting by manifest.
881 silly tarball no local data for @types/stack-utils@https://registry.npmjs.org/@types/stack-utils/-/stack-utils-2.0.3.tgz. Extracting by manifest.
882 silly tarball no local data for @types/sockjs@https://registry.npmjs.org/@types/sockjs/-/sockjs-0.3.36.tgz. Extracting by manifest.
883 silly tarball no local data for @types/serve-static@https://registry.npmjs.org/@types/serve-static/-/serve-static-1.15.10.tgz. Extracting by manifest.
884 silly tarball no local data for @types/serve-index@https://registry.npmjs.org/@types/serve-index/-/serve-index-1.9.4.tgz. Extracting by manifest.
885 silly tarball no local data for @types/send@https://registry.npmjs.org/@types/send/-/send-1.2.1.tgz. Extracting by manifest.
886 silly tarball no local data for @types/semver@https://registry.npmjs.org/@types/semver/-/semver-7.7.1.tgz. Extracting by manifest.
887 silly tarball no local data for @types/retry@https://registry.npmjs.org/@types/retry/-/retry-0.12.0.tgz. Extracting by manifest.
888 silly tarball no local data for @types/resolve@https://registry.npmjs.org/@types/resolve/-/resolve-1.17.1.tgz. Extracting by manifest.
889 silly tarball no local data for @types/range-parser@https://registry.npmjs.org/@types/range-parser/-/range-parser-1.2.7.tgz. Extracting by manifest.
890 silly tarball no local data for @types/prettier@https://registry.npmjs.org/@types/prettier/-/prettier-2.7.3.tgz. Extracting by manifest.
891 silly tarball no local data for @types/qs@https://registry.npmjs.org/@types/qs/-/qs-6.14.0.tgz. Extracting by manifest.
892 silly tarball no local data for @types/q@https://registry.npmjs.org/@types/q/-/q-1.5.8.tgz. Extracting by manifest.
893 silly tarball no local data for @types/parse-json@https://registry.npmjs.org/@types/parse-json/-/parse-json-4.0.2.tgz. Extracting by manifest.
894 silly tarball no local data for @types/node-forge@https://registry.npmjs.org/@types/node-forge/-/node-forge-1.3.14.tgz. Extracting by manifest.
895 silly tarball no local data for @types/node@https://registry.npmjs.org/@types/node/-/node-25.0.3.tgz. Extracting by manifest.
896 silly tarball no local data for @types/json5@https://registry.npmjs.org/@types/json5/-/json5-0.0.29.tgz. Extracting by manifest.
897 silly tarball no local data for @types/istanbul-reports@https://registry.npmjs.org/@types/istanbul-reports/-/istanbul-reports-3.0.4.tgz. Extracting by manifest.
898 silly tarball no local data for @types/mime@https://registry.npmjs.org/@types/mime/-/mime-1.3.5.tgz. Extracting by manifest.
899 silly tarball no local data for @types/istanbul-lib-report@https://registry.npmjs.org/@types/istanbul-lib-report/-/istanbul-lib-report-3.0.3.tgz. Extracting by manifest.
900 silly tarball no local data for @types/json-schema@https://registry.npmjs.org/@types/json-schema/-/json-schema-7.0.15.tgz. Extracting by manifest.
901 silly tarball no local data for @types/istanbul-lib-coverage@https://registry.npmjs.org/@types/istanbul-lib-coverage/-/istanbul-lib-coverage-2.0.6.tgz. Extracting by manifest.
902 silly tarball no local data for @types/http-proxy@https://registry.npmjs.org/@types/http-proxy/-/http-proxy-1.17.17.tgz. Extracting by manifest.
903 silly tarball no local data for @types/http-errors@https://registry.npmjs.org/@types/http-errors/-/http-errors-2.0.5.tgz. Extracting by manifest.
904 silly tarball no local data for @types/html-minifier-terser@https://registry.npmjs.org/@types/html-minifier-terser/-/html-minifier-terser-6.1.0.tgz. Extracting by manifest.
905 silly tarball no local data for @types/express@https://registry.npmjs.org/@types/express/-/express-4.17.25.tgz. Extracting by manifest.
906 silly tarball no local data for @types/express-serve-static-core@https://registry.npmjs.org/@types/express-serve-static-core/-/express-serve-static-core-5.1.0.tgz. Extracting by manifest.
907 silly tarball no local data for @types/estree@https://registry.npmjs.org/@types/estree/-/estree-1.0.8.tgz. Extracting by manifest.
908 silly tarball no local data for @types/eslint-scope@https://registry.npmjs.org/@types/eslint-scope/-/eslint-scope-3.7.7.tgz. Extracting by manifest.
909 silly tarball no local data for @types/eslint@https://registry.npmjs.org/@types/eslint/-/eslint-8.56.12.tgz. Extracting by manifest.
910 silly tarball no local data for @types/connect-history-api-fallback@https://registry.npmjs.org/@types/connect-history-api-fallback/-/connect-history-api-fallback-1.5.4.tgz. Extracting by manifest.
911 silly tarball no local data for @types/bonjour@https://registry.npmjs.org/@types/bonjour/-/bonjour-3.5.13.tgz. Extracting by manifest.
912 silly tarball no local data for @types/connect@https://registry.npmjs.org/@types/connect/-/connect-3.4.38.tgz. Extracting by manifest.
913 silly tarball no local data for @types/babel__traverse@https://registry.npmjs.org/@types/babel__traverse/-/babel__traverse-7.28.0.tgz. Extracting by manifest.
914 silly tarball no local data for @types/body-parser@https://registry.npmjs.org/@types/body-parser/-/body-parser-1.19.6.tgz. Extracting by manifest.
915 silly tarball no local data for @types/babel__template@https://registry.npmjs.org/@types/babel__template/-/babel__template-7.4.4.tgz. Extracting by manifest.
916 silly tarball no local data for @types/babel__generator@https://registry.npmjs.org/@types/babel__generator/-/babel__generator-7.27.0.tgz. Extracting by manifest.
917 silly tarball no local data for @types/babel__core@https://registry.npmjs.org/@types/babel__core/-/babel__core-7.20.5.tgz. Extracting by manifest.
918 silly tarball no local data for @types/aria-query@https://registry.npmjs.org/@types/aria-query/-/aria-query-5.0.4.tgz. Extracting by manifest.
919 silly tarball no local data for @trysound/sax@https://registry.npmjs.org/@trysound/sax/-/sax-0.2.0.tgz. Extracting by manifest.
920 silly tarball no local data for @tootallnate/once@https://registry.npmjs.org/@tootallnate/once/-/once-1.1.2.tgz. Extracting by manifest.
921 silly tarball no local data for @testing-library/user-event@https://registry.npmjs.org/@testing-library/user-event/-/user-event-13.5.0.tgz. Extracting by manifest.
922 silly tarball no local data for @testing-library/react@https://registry.npmjs.org/@testing-library/react/-/react-16.3.1.tgz. Extracting by manifest.
923 silly tarball no local data for @testing-library/dom@https://registry.npmjs.org/@testing-library/dom/-/dom-10.4.1.tgz. Extracting by manifest.
924 silly tarball no local data for @testing-library/jest-dom@https://registry.npmjs.org/@testing-library/jest-dom/-/jest-dom-6.9.1.tgz. Extracting by manifest.
925 silly tarball no local data for @svgr/webpack@https://registry.npmjs.org/@svgr/webpack/-/webpack-5.5.0.tgz. Extracting by manifest.
926 silly tarball no local data for @svgr/plugin-jsx@https://registry.npmjs.org/@svgr/plugin-jsx/-/plugin-jsx-5.5.0.tgz. Extracting by manifest.
927 silly tarball no local data for @svgr/hast-util-to-babel-ast@https://registry.npmjs.org/@svgr/hast-util-to-babel-ast/-/hast-util-to-babel-ast-5.5.0.tgz. Extracting by manifest.
928 silly tarball no local data for @svgr/core@https://registry.npmjs.org/@svgr/core/-/core-5.5.0.tgz. Extracting by manifest.
929 silly tarball no local data for @svgr/babel-preset@https://registry.npmjs.org/@svgr/babel-preset/-/babel-preset-5.5.0.tgz. Extracting by manifest.
930 silly tarball no local data for @svgr/babel-plugin-transform-svg-component@https://registry.npmjs.org/@svgr/babel-plugin-transform-svg-component/-/babel-plugin-transform-svg-component-5.5.0.tgz. Extracting by manifest.
931 silly tarball no local data for @svgr/babel-plugin-svg-em-dimensions@https://registry.npmjs.org/@svgr/babel-plugin-svg-em-dimensions/-/babel-plugin-svg-em-dimensions-5.4.0.tgz. Extracting by manifest.
932 silly tarball no local data for @svgr/babel-plugin-transform-react-native-svg@https://registry.npmjs.org/@svgr/babel-plugin-transform-react-native-svg/-/babel-plugin-transform-react-native-svg-5.4.0.tgz. Extracting by manifest.
933 silly tarball no local data for @svgr/babel-plugin-svg-dynamic-title@https://registry.npmjs.org/@svgr/babel-plugin-svg-dynamic-title/-/babel-plugin-svg-dynamic-title-5.4.0.tgz. Extracting by manifest.
934 silly tarball no local data for @svgr/babel-plugin-replace-jsx-attribute-value@https://registry.npmjs.org/@svgr/babel-plugin-replace-jsx-attribute-value/-/babel-plugin-replace-jsx-attribute-value-5.0.1.tgz. Extracting by manifest.
935 silly tarball no local data for @svgr/babel-plugin-remove-jsx-empty-expression@https://registry.npmjs.org/@svgr/babel-plugin-remove-jsx-empty-expression/-/babel-plugin-remove-jsx-empty-expression-5.0.1.tgz. Extracting by manifest.
936 silly tarball no local data for @types/graceful-fs@https://registry.npmjs.org/@types/graceful-fs/-/graceful-fs-4.1.9.tgz. Extracting by manifest.
937 silly tarball no local data for @svgr/babel-plugin-remove-jsx-attribute@https://registry.npmjs.org/@svgr/babel-plugin-remove-jsx-attribute/-/babel-plugin-remove-jsx-attribute-5.4.0.tgz. Extracting by manifest.
938 silly tarball no local data for @svgr/babel-plugin-add-jsx-attribute@https://registry.npmjs.org/@svgr/babel-plugin-add-jsx-attribute/-/babel-plugin-add-jsx-attribute-5.4.0.tgz. Extracting by manifest.
939 silly tarball no local data for @surma/rollup-plugin-off-main-thread@https://registry.npmjs.org/@surma/rollup-plugin-off-main-thread/-/rollup-plugin-off-main-thread-2.2.3.tgz. Extracting by manifest.
940 silly tarball no local data for @sinonjs/fake-timers@https://registry.npmjs.org/@sinonjs/fake-timers/-/fake-timers-8.1.0.tgz. Extracting by manifest.
941 silly tarball no local data for @svgr/plugin-svgo@https://registry.npmjs.org/@svgr/plugin-svgo/-/plugin-svgo-5.5.0.tgz. Extracting by manifest.
942 silly tarball no local data for @sinclair/typebox@https://registry.npmjs.org/@sinclair/typebox/-/typebox-0.24.51.tgz. Extracting by manifest.
943 silly tarball no local data for @rollup/pluginutils@https://registry.npmjs.org/@rollup/pluginutils/-/pluginutils-3.1.0.tgz. Extracting by manifest.
944 silly tarball no local data for @rushstack/eslint-patch@https://registry.npmjs.org/@rushstack/eslint-patch/-/eslint-patch-1.15.0.tgz. Extracting by manifest.
945 silly tarball no local data for @rtsao/scc@https://registry.npmjs.org/@rtsao/scc/-/scc-1.1.0.tgz. Extracting by manifest.
946 silly tarball no local data for @rollup/plugin-replace@https://registry.npmjs.org/@rollup/plugin-replace/-/plugin-replace-2.4.2.tgz. Extracting by manifest.
947 silly tarball no local data for @rollup/plugin-node-resolve@https://registry.npmjs.org/@rollup/plugin-node-resolve/-/plugin-node-resolve-11.2.1.tgz. Extracting by manifest.
948 silly tarball no local data for @rollup/plugin-babel@https://registry.npmjs.org/@rollup/plugin-babel/-/plugin-babel-5.3.1.tgz. Extracting by manifest.
949 silly tarball no local data for @pmmmwh/react-refresh-webpack-plugin@https://registry.npmjs.org/@pmmmwh/react-refresh-webpack-plugin/-/react-refresh-webpack-plugin-0.5.17.tgz. Extracting by manifest.
950 silly tarball no local data for @nodelib/fs.walk@https://registry.npmjs.org/@nodelib/fs.walk/-/fs.walk-1.2.8.tgz. Extracting by manifest.
951 silly tarball no local data for @sinonjs/commons@https://registry.npmjs.org/@sinonjs/commons/-/commons-1.8.6.tgz. Extracting by manifest.
952 silly tarball no local data for @nodelib/fs.scandir@https://registry.npmjs.org/@nodelib/fs.scandir/-/fs.scandir-2.1.5.tgz. Extracting by manifest.
953 silly tarball no local data for @jridgewell/trace-mapping@https://registry.npmjs.org/@jridgewell/trace-mapping/-/trace-mapping-0.3.31.tgz. Extracting by manifest.
954 silly tarball no local data for @nicolo-ribaudo/eslint-scope-5-internals@https://registry.npmjs.org/@nicolo-ribaudo/eslint-scope-5-internals/-/eslint-scope-5-internals-5.1.1-v1.tgz. Extracting by manifest.
955 silly tarball no local data for @leichtgewicht/ip-codec@https://registry.npmjs.org/@leichtgewicht/ip-codec/-/ip-codec-2.0.5.tgz. Extracting by manifest.
956 silly tarball no local data for @jridgewell/sourcemap-codec@https://registry.npmjs.org/@jridgewell/sourcemap-codec/-/sourcemap-codec-1.5.5.tgz. Extracting by manifest.
957 silly tarball no local data for @jridgewell/source-map@https://registry.npmjs.org/@jridgewell/source-map/-/source-map-0.3.11.tgz. Extracting by manifest.
958 silly tarball no local data for @jridgewell/remapping@https://registry.npmjs.org/@jridgewell/remapping/-/remapping-2.3.5.tgz. Extracting by manifest.
959 silly tarball no local data for @nodelib/fs.stat@https://registry.npmjs.org/@nodelib/fs.stat/-/fs.stat-2.0.5.tgz. Extracting by manifest.
960 silly tarball no local data for @jest/types@https://registry.npmjs.org/@jest/types/-/types-27.5.1.tgz. Extracting by manifest.
961 silly tarball no local data for @jridgewell/gen-mapping@https://registry.npmjs.org/@jridgewell/gen-mapping/-/gen-mapping-0.3.13.tgz. Extracting by manifest.
962 silly tarball no local data for @jest/transform@https://registry.npmjs.org/@jest/transform/-/transform-27.5.1.tgz. Extracting by manifest.
963 silly tarball no local data for @jest/test-sequencer@https://registry.npmjs.org/@jest/test-sequencer/-/test-sequencer-27.5.1.tgz. Extracting by manifest.
964 silly tarball no local data for @jest/test-result@https://registry.npmjs.org/@jest/test-result/-/test-result-27.5.1.tgz. Extracting by manifest.
965 silly tarball no local data for @jest/source-map@https://registry.npmjs.org/@jest/source-map/-/source-map-27.5.1.tgz. Extracting by manifest.
966 silly tarball no local data for @jest/schemas@https://registry.npmjs.org/@jest/schemas/-/schemas-28.1.3.tgz. Extracting by manifest.
967 silly tarball no local data for @jest/globals@https://registry.npmjs.org/@jest/globals/-/globals-27.5.1.tgz. Extracting by manifest.
968 silly tarball no local data for @jest/fake-timers@https://registry.npmjs.org/@jest/fake-timers/-/fake-timers-27.5.1.tgz. Extracting by manifest.
969 silly tarball no local data for @jest/reporters@https://registry.npmjs.org/@jest/reporters/-/reporters-27.5.1.tgz. Extracting by manifest.
970 silly tarball no local data for @jest/environment@https://registry.npmjs.org/@jest/environment/-/environment-27.5.1.tgz. Extracting by manifest.
971 silly tarball no local data for @jest/console@https://registry.npmjs.org/@jest/console/-/console-27.5.1.tgz. Extracting by manifest.
972 silly tarball no local data for @istanbuljs/schema@https://registry.npmjs.org/@istanbuljs/schema/-/schema-0.1.3.tgz. Extracting by manifest.
973 silly tarball no local data for @istanbuljs/load-nyc-config@https://registry.npmjs.org/@istanbuljs/load-nyc-config/-/load-nyc-config-1.1.0.tgz. Extracting by manifest.
974 silly tarball no local data for @jridgewell/resolve-uri@https://registry.npmjs.org/@jridgewell/resolve-uri/-/resolve-uri-3.1.2.tgz. Extracting by manifest.
975 silly tarball no local data for @humanwhocodes/module-importer@https://registry.npmjs.org/@humanwhocodes/module-importer/-/module-importer-1.0.1.tgz. Extracting by manifest.
976 silly tarball no local data for @humanwhocodes/config-array@https://registry.npmjs.org/@humanwhocodes/config-array/-/config-array-0.13.0.tgz. Extracting by manifest.
977 silly tarball no local data for @eslint/js@https://registry.npmjs.org/@eslint/js/-/js-8.57.1.tgz. Extracting by manifest.
978 silly tarball no local data for @eslint/eslintrc@https://registry.npmjs.org/@eslint/eslintrc/-/eslintrc-2.1.4.tgz. Extracting by manifest.
979 silly tarball no local data for @eslint-community/eslint-utils@https://registry.npmjs.org/@eslint-community/eslint-utils/-/eslint-utils-4.9.1.tgz. Extracting by manifest.
980 silly tarball no local data for @csstools/selector-specificity@https://registry.npmjs.org/@csstools/selector-specificity/-/selector-specificity-2.2.0.tgz. Extracting by manifest.
981 silly tarball no local data for @eslint-community/regexpp@https://registry.npmjs.org/@eslint-community/regexpp/-/regexpp-4.12.2.tgz. Extracting by manifest.
982 silly tarball no local data for @csstools/postcss-unset-value@https://registry.npmjs.org/@csstools/postcss-unset-value/-/postcss-unset-value-1.0.2.tgz. Extracting by manifest.
983 silly tarball no local data for @csstools/postcss-trigonometric-functions@https://registry.npmjs.org/@csstools/postcss-trigonometric-functions/-/postcss-trigonometric-functions-1.0.2.tgz. Extracting by manifest.
984 silly tarball no local data for @csstools/postcss-text-decoration-shorthand@https://registry.npmjs.org/@csstools/postcss-text-decoration-shorthand/-/postcss-text-decoration-shorthand-1.0.0.tgz. Extracting by manifest.
985 silly tarball no local data for @csstools/postcss-stepped-value-functions@https://registry.npmjs.org/@csstools/postcss-stepped-value-functions/-/postcss-stepped-value-functions-1.0.1.tgz. Extracting by manifest.
986 silly tarball no local data for @csstools/postcss-progressive-custom-properties@https://registry.npmjs.org/@csstools/postcss-progressive-custom-properties/-/postcss-progressive-custom-properties-1.3.0.tgz. Extracting by manifest.
987 silly tarball no local data for @csstools/postcss-oklab-function@https://registry.npmjs.org/@csstools/postcss-oklab-function/-/postcss-oklab-function-1.1.1.tgz. Extracting by manifest.
988 silly tarball no local data for @csstools/postcss-normalize-display-values@https://registry.npmjs.org/@csstools/postcss-normalize-display-values/-/postcss-normalize-display-values-1.0.1.tgz. Extracting by manifest.
989 silly tarball no local data for @csstools/postcss-nested-calc@https://registry.npmjs.org/@csstools/postcss-nested-calc/-/postcss-nested-calc-1.0.0.tgz. Extracting by manifest.
990 silly tarball no local data for @csstools/postcss-is-pseudo-class@https://registry.npmjs.org/@csstools/postcss-is-pseudo-class/-/postcss-is-pseudo-class-2.0.7.tgz. Extracting by manifest.
991 silly tarball no local data for @csstools/postcss-ic-unit@https://registry.npmjs.org/@csstools/postcss-ic-unit/-/postcss-ic-unit-1.0.1.tgz. Extracting by manifest.
992 silly tarball no local data for @csstools/postcss-hwb-function@https://registry.npmjs.org/@csstools/postcss-hwb-function/-/postcss-hwb-function-1.0.2.tgz. Extracting by manifest.
993 silly tarball no local data for @csstools/postcss-font-format-keywords@https://registry.npmjs.org/@csstools/postcss-font-format-keywords/-/postcss-font-format-keywords-1.0.1.tgz. Extracting by manifest.
994 silly tarball no local data for @csstools/postcss-cascade-layers@https://registry.npmjs.org/@csstools/postcss-cascade-layers/-/postcss-cascade-layers-1.1.1.tgz. Extracting by manifest.
995 silly tarball no local data for @csstools/postcss-color-function@https://registry.npmjs.org/@csstools/postcss-color-function/-/postcss-color-function-1.1.1.tgz. Extracting by manifest.
996 silly tarball no local data for @csstools/normalize.css@https://registry.npmjs.org/@csstools/normalize.css/-/normalize.css-12.1.1.tgz. Extracting by manifest.
997 silly tarball no local data for @bcoe/v8-coverage@https://registry.npmjs.org/@bcoe/v8-coverage/-/v8-coverage-0.2.3.tgz. Extracting by manifest.
998 silly tarball no local data for @babel/types@https://registry.npmjs.org/@babel/types/-/types-7.28.5.tgz. Extracting by manifest.
999 silly tarball no local data for @babel/traverse@https://registry.npmjs.org/@babel/traverse/-/traverse-7.28.5.tgz. Extracting by manifest.
1000 silly tarball no local data for @babel/template@https://registry.npmjs.org/@babel/template/-/template-7.27.2.tgz. Extracting by manifest.
1001 silly tarball no local data for @babel/runtime@https://registry.npmjs.org/@babel/runtime/-/runtime-7.28.4.tgz. Extracting by manifest.
1002 silly tarball no local data for @babel/preset-typescript@https://registry.npmjs.org/@babel/preset-typescript/-/preset-typescript-7.28.5.tgz. Extracting by manifest.
1003 silly tarball no local data for @jest/core@https://registry.npmjs.org/@jest/core/-/core-27.5.1.tgz. Extracting by manifest.
1004 silly tarball no local data for @babel/preset-react@https://registry.npmjs.org/@babel/preset-react/-/preset-react-7.28.5.tgz. Extracting by manifest.
1005 silly tarball no local data for @babel/preset-env@https://registry.npmjs.org/@babel/preset-env/-/preset-env-7.28.5.tgz. Extracting by manifest.
1006 silly tarball no local data for @babel/preset-modules@https://registry.npmjs.org/@babel/preset-modules/-/preset-modules-0.1.6-no-external-plugins.tgz. Extracting by manifest.
1007 silly tarball no local data for @babel/plugin-transform-unicode-sets-regex@https://registry.npmjs.org/@babel/plugin-transform-unicode-sets-regex/-/plugin-transform-unicode-sets-regex-7.27.1.tgz. Extracting by manifest.
1008 silly tarball no local data for @babel/plugin-transform-unicode-property-regex@https://registry.npmjs.org/@babel/plugin-transform-unicode-property-regex/-/plugin-transform-unicode-property-regex-7.27.1.tgz. Extracting by manifest.
1009 silly tarball no local data for @babel/plugin-transform-unicode-regex@https://registry.npmjs.org/@babel/plugin-transform-unicode-regex/-/plugin-transform-unicode-regex-7.27.1.tgz. Extracting by manifest.
1010 silly tarball no local data for @babel/plugin-transform-unicode-escapes@https://registry.npmjs.org/@babel/plugin-transform-unicode-escapes/-/plugin-transform-unicode-escapes-7.27.1.tgz. Extracting by manifest.
1011 silly tarball no local data for @babel/plugin-transform-typescript@https://registry.npmjs.org/@babel/plugin-transform-typescript/-/plugin-transform-typescript-7.28.5.tgz. Extracting by manifest.
1012 silly tarball no local data for @babel/plugin-transform-typeof-symbol@https://registry.npmjs.org/@babel/plugin-transform-typeof-symbol/-/plugin-transform-typeof-symbol-7.27.1.tgz. Extracting by manifest.
1013 silly tarball no local data for @babel/plugin-transform-template-literals@https://registry.npmjs.org/@babel/plugin-transform-template-literals/-/plugin-transform-template-literals-7.27.1.tgz. Extracting by manifest.
1014 silly tarball no local data for @babel/plugin-transform-sticky-regex@https://registry.npmjs.org/@babel/plugin-transform-sticky-regex/-/plugin-transform-sticky-regex-7.27.1.tgz. Extracting by manifest.
1015 silly tarball no local data for @babel/plugin-transform-spread@https://registry.npmjs.org/@babel/plugin-transform-spread/-/plugin-transform-spread-7.27.1.tgz. Extracting by manifest.
1016 silly tarball no local data for @babel/plugin-transform-shorthand-properties@https://registry.npmjs.org/@babel/plugin-transform-shorthand-properties/-/plugin-transform-shorthand-properties-7.27.1.tgz. Extracting by manifest.
1017 silly tarball no local data for @babel/plugin-transform-runtime@https://registry.npmjs.org/@babel/plugin-transform-runtime/-/plugin-transform-runtime-7.28.5.tgz. Extracting by manifest.
1018 silly tarball no local data for @babel/plugin-transform-regexp-modifiers@https://registry.npmjs.org/@babel/plugin-transform-regexp-modifiers/-/plugin-transform-regexp-modifiers-7.27.1.tgz. Extracting by manifest.
1019 silly tarball no local data for @babel/plugin-transform-reserved-words@https://registry.npmjs.org/@babel/plugin-transform-reserved-words/-/plugin-transform-reserved-words-7.27.1.tgz. Extracting by manifest.
1020 silly tarball no local data for @babel/plugin-transform-react-pure-annotations@https://registry.npmjs.org/@babel/plugin-transform-react-pure-annotations/-/plugin-transform-react-pure-annotations-7.27.1.tgz. Extracting by manifest.
1021 silly tarball no local data for @babel/plugin-transform-react-jsx@https://registry.npmjs.org/@babel/plugin-transform-react-jsx/-/plugin-transform-react-jsx-7.27.1.tgz. Extracting by manifest.
1022 silly tarball no local data for @babel/plugin-transform-react-jsx-development@https://registry.npmjs.org/@babel/plugin-transform-react-jsx-development/-/plugin-transform-react-jsx-development-7.27.1.tgz. Extracting by manifest.
1023 silly tarball no local data for @babel/plugin-transform-react-display-name@https://registry.npmjs.org/@babel/plugin-transform-react-display-name/-/plugin-transform-react-display-name-7.28.0.tgz. Extracting by manifest.
1024 silly tarball no local data for @babel/plugin-transform-property-literals@https://registry.npmjs.org/@babel/plugin-transform-property-literals/-/plugin-transform-property-literals-7.27.1.tgz. Extracting by manifest.
1025 silly tarball no local data for @babel/plugin-transform-react-constant-elements@https://registry.npmjs.org/@babel/plugin-transform-react-constant-elements/-/plugin-transform-react-constant-elements-7.27.1.tgz. Extracting by manifest.
1026 silly tarball no local data for @babel/plugin-transform-private-methods@https://registry.npmjs.org/@babel/plugin-transform-private-methods/-/plugin-transform-private-methods-7.27.1.tgz. Extracting by manifest.
1027 silly tarball no local data for @babel/plugin-transform-private-property-in-object@https://registry.npmjs.org/@babel/plugin-transform-private-property-in-object/-/plugin-transform-private-property-in-object-7.27.1.tgz. Extracting by manifest.
1028 silly tarball no local data for @babel/plugin-transform-optional-chaining@https://registry.npmjs.org/@babel/plugin-transform-optional-chaining/-/plugin-transform-optional-chaining-7.28.5.tgz. Extracting by manifest.
1029 silly tarball no local data for @babel/plugin-transform-parameters@https://registry.npmjs.org/@babel/plugin-transform-parameters/-/plugin-transform-parameters-7.27.7.tgz. Extracting by manifest.
1030 silly tarball no local data for @babel/plugin-transform-object-super@https://registry.npmjs.org/@babel/plugin-transform-object-super/-/plugin-transform-object-super-7.27.1.tgz. Extracting by manifest.
1031 silly tarball no local data for @babel/plugin-transform-optional-catch-binding@https://registry.npmjs.org/@babel/plugin-transform-optional-catch-binding/-/plugin-transform-optional-catch-binding-7.27.1.tgz. Extracting by manifest.
1032 silly tarball no local data for @babel/plugin-transform-numeric-separator@https://registry.npmjs.org/@babel/plugin-transform-numeric-separator/-/plugin-transform-numeric-separator-7.27.1.tgz. Extracting by manifest.
1033 silly tarball no local data for @babel/plugin-transform-object-rest-spread@https://registry.npmjs.org/@babel/plugin-transform-object-rest-spread/-/plugin-transform-object-rest-spread-7.28.4.tgz. Extracting by manifest.
1034 silly tarball no local data for @babel/plugin-transform-nullish-coalescing-operator@https://registry.npmjs.org/@babel/plugin-transform-nullish-coalescing-operator/-/plugin-transform-nullish-coalescing-operator-7.27.1.tgz. Extracting by manifest.
1035 silly tarball no local data for @babel/plugin-transform-named-capturing-groups-regex@https://registry.npmjs.org/@babel/plugin-transform-named-capturing-groups-regex/-/plugin-transform-named-capturing-groups-regex-7.27.1.tgz. Extracting by manifest.
1036 silly tarball no local data for @babel/plugin-transform-new-target@https://registry.npmjs.org/@babel/plugin-transform-new-target/-/plugin-transform-new-target-7.27.1.tgz. Extracting by manifest.
1037 silly tarball no local data for @humanwhocodes/object-schema@https://registry.npmjs.org/@humanwhocodes/object-schema/-/object-schema-2.0.3.tgz. Extracting by manifest.
1038 silly tarball no local data for @babel/plugin-transform-modules-systemjs@https://registry.npmjs.org/@babel/plugin-transform-modules-systemjs/-/plugin-transform-modules-systemjs-7.28.5.tgz. Extracting by manifest.
1039 silly tarball no local data for @babel/plugin-transform-modules-commonjs@https://registry.npmjs.org/@babel/plugin-transform-modules-commonjs/-/plugin-transform-modules-commonjs-7.27.1.tgz. Extracting by manifest.
1040 silly tarball no local data for @babel/plugin-transform-modules-amd@https://registry.npmjs.org/@babel/plugin-transform-modules-amd/-/plugin-transform-modules-amd-7.27.1.tgz. Extracting by manifest.
1041 silly tarball no local data for @babel/plugin-transform-member-expression-literals@https://registry.npmjs.org/@babel/plugin-transform-member-expression-literals/-/plugin-transform-member-expression-literals-7.27.1.tgz. Extracting by manifest.
1042 silly tarball no local data for @babel/plugin-transform-logical-assignment-operators@https://registry.npmjs.org/@babel/plugin-transform-logical-assignment-operators/-/plugin-transform-logical-assignment-operators-7.28.5.tgz. Extracting by manifest.
1043 silly tarball no local data for @babel/plugin-transform-modules-umd@https://registry.npmjs.org/@babel/plugin-transform-modules-umd/-/plugin-transform-modules-umd-7.27.1.tgz. Extracting by manifest.
1044 silly tarball no local data for @babel/plugin-transform-json-strings@https://registry.npmjs.org/@babel/plugin-transform-json-strings/-/plugin-transform-json-strings-7.27.1.tgz. Extracting by manifest.
1045 silly tarball no local data for @babel/plugin-transform-function-name@https://registry.npmjs.org/@babel/plugin-transform-function-name/-/plugin-transform-function-name-7.27.1.tgz. Extracting by manifest.
1046 silly tarball no local data for @babel/plugin-transform-for-of@https://registry.npmjs.org/@babel/plugin-transform-for-of/-/plugin-transform-for-of-7.27.1.tgz. Extracting by manifest.
1047 silly tarball no local data for @babel/plugin-transform-flow-strip-types@https://registry.npmjs.org/@babel/plugin-transform-flow-strip-types/-/plugin-transform-flow-strip-types-7.27.1.tgz. Extracting by manifest.
1048 silly tarball no local data for @babel/plugin-transform-export-namespace-from@https://registry.npmjs.org/@babel/plugin-transform-export-namespace-from/-/plugin-transform-export-namespace-from-7.27.1.tgz. Extracting by manifest.
1049 silly tarball no local data for @babel/plugin-transform-exponentiation-operator@https://registry.npmjs.org/@babel/plugin-transform-exponentiation-operator/-/plugin-transform-exponentiation-operator-7.28.5.tgz. Extracting by manifest.
1050 silly tarball no local data for @babel/plugin-transform-explicit-resource-management@https://registry.npmjs.org/@babel/plugin-transform-explicit-resource-management/-/plugin-transform-explicit-resource-management-7.28.0.tgz. Extracting by manifest.
1051 silly tarball no local data for @babel/plugin-transform-regenerator@https://registry.npmjs.org/@babel/plugin-transform-regenerator/-/plugin-transform-regenerator-7.28.4.tgz. Extracting by manifest.
1052 silly tarball no local data for @babel/plugin-transform-dynamic-import@https://registry.npmjs.org/@babel/plugin-transform-dynamic-import/-/plugin-transform-dynamic-import-7.27.1.tgz. Extracting by manifest.
1053 silly tarball no local data for @babel/plugin-transform-duplicate-named-capturing-groups-regex@https://registry.npmjs.org/@babel/plugin-transform-duplicate-named-capturing-groups-regex/-/plugin-transform-duplicate-named-capturing-groups-regex-7.27.1.tgz. Extracting by manifest.
1054 silly tarball no local data for @babel/plugin-transform-dotall-regex@https://registry.npmjs.org/@babel/plugin-transform-dotall-regex/-/plugin-transform-dotall-regex-7.27.1.tgz. Extracting by manifest.
1055 silly tarball no local data for @babel/plugin-transform-literals@https://registry.npmjs.org/@babel/plugin-transform-literals/-/plugin-transform-literals-7.27.1.tgz. Extracting by manifest.
1056 silly tarball no local data for @babel/plugin-transform-destructuring@https://registry.npmjs.org/@babel/plugin-transform-destructuring/-/plugin-transform-destructuring-7.28.5.tgz. Extracting by manifest.
1057 silly tarball no local data for @babel/plugin-transform-computed-properties@https://registry.npmjs.org/@babel/plugin-transform-computed-properties/-/plugin-transform-computed-properties-7.27.1.tgz. Extracting by manifest.
1058 silly tarball no local data for @babel/plugin-transform-classes@https://registry.npmjs.org/@babel/plugin-transform-classes/-/plugin-transform-classes-7.28.4.tgz. Extracting by manifest.
1059 silly tarball no local data for @babel/plugin-transform-class-static-block@https://registry.npmjs.org/@babel/plugin-transform-class-static-block/-/plugin-transform-class-static-block-7.28.3.tgz. Extracting by manifest.
1060 silly tarball no local data for @babel/plugin-transform-class-properties@https://registry.npmjs.org/@babel/plugin-transform-class-properties/-/plugin-transform-class-properties-7.27.1.tgz. Extracting by manifest.
1061 silly tarball no local data for @babel/plugin-transform-block-scoping@https://registry.npmjs.org/@babel/plugin-transform-block-scoping/-/plugin-transform-block-scoping-7.28.5.tgz. Extracting by manifest.
1062 silly tarball no local data for @babel/plugin-transform-async-to-generator@https://registry.npmjs.org/@babel/plugin-transform-async-to-generator/-/plugin-transform-async-to-generator-7.27.1.tgz. Extracting by manifest.
1063 silly tarball no local data for @babel/plugin-transform-block-scoped-functions@https://registry.npmjs.org/@babel/plugin-transform-block-scoped-functions/-/plugin-transform-block-scoped-functions-7.27.1.tgz. Extracting by manifest.
1064 silly tarball no local data for @babel/plugin-transform-async-generator-functions@https://registry.npmjs.org/@babel/plugin-transform-async-generator-functions/-/plugin-transform-async-generator-functions-7.28.0.tgz. Extracting by manifest.
1065 silly tarball no local data for @babel/plugin-transform-arrow-functions@https://registry.npmjs.org/@babel/plugin-transform-arrow-functions/-/plugin-transform-arrow-functions-7.27.1.tgz. Extracting by manifest.
1066 silly tarball no local data for @babel/plugin-syntax-unicode-sets-regex@https://registry.npmjs.org/@babel/plugin-syntax-unicode-sets-regex/-/plugin-syntax-unicode-sets-regex-7.18.6.tgz. Extracting by manifest.
1067 silly tarball no local data for @babel/plugin-syntax-typescript@https://registry.npmjs.org/@babel/plugin-syntax-typescript/-/plugin-syntax-typescript-7.27.1.tgz. Extracting by manifest.
1068 silly tarball no local data for @babel/plugin-syntax-top-level-await@https://registry.npmjs.org/@babel/plugin-syntax-top-level-await/-/plugin-syntax-top-level-await-7.14.5.tgz. Extracting by manifest.
1069 silly tarball no local data for @babel/plugin-syntax-optional-chaining@https://registry.npmjs.org/@babel/plugin-syntax-optional-chaining/-/plugin-syntax-optional-chaining-7.8.3.tgz. Extracting by manifest.
1070 silly tarball no local data for @babel/plugin-syntax-optional-catch-binding@https://registry.npmjs.org/@babel/plugin-syntax-optional-catch-binding/-/plugin-syntax-optional-catch-binding-7.8.3.tgz. Extracting by manifest.
1071 silly tarball no local data for @babel/plugin-syntax-object-rest-spread@https://registry.npmjs.org/@babel/plugin-syntax-object-rest-spread/-/plugin-syntax-object-rest-spread-7.8.3.tgz. Extracting by manifest.
1072 silly tarball no local data for @babel/plugin-syntax-numeric-separator@https://registry.npmjs.org/@babel/plugin-syntax-numeric-separator/-/plugin-syntax-numeric-separator-7.10.4.tgz. Extracting by manifest.
1073 silly tarball no local data for @babel/plugin-syntax-nullish-coalescing-operator@https://registry.npmjs.org/@babel/plugin-syntax-nullish-coalescing-operator/-/plugin-syntax-nullish-coalescing-operator-7.8.3.tgz. Extracting by manifest.
1074 silly tarball no local data for @babel/plugin-syntax-logical-assignment-operators@https://registry.npmjs.org/@babel/plugin-syntax-logical-assignment-operators/-/plugin-syntax-logical-assignment-operators-7.10.4.tgz. Extracting by manifest.
1075 silly tarball no local data for @babel/plugin-syntax-jsx@https://registry.npmjs.org/@babel/plugin-syntax-jsx/-/plugin-syntax-jsx-7.27.1.tgz. Extracting by manifest.
1076 silly tarball no local data for @babel/plugin-syntax-json-strings@https://registry.npmjs.org/@babel/plugin-syntax-json-strings/-/plugin-syntax-json-strings-7.8.3.tgz. Extracting by manifest.
1077 silly tarball no local data for @babel/plugin-syntax-import-meta@https://registry.npmjs.org/@babel/plugin-syntax-import-meta/-/plugin-syntax-import-meta-7.10.4.tgz. Extracting by manifest.
1078 silly tarball no local data for @babel/plugin-syntax-import-attributes@https://registry.npmjs.org/@babel/plugin-syntax-import-attributes/-/plugin-syntax-import-attributes-7.27.1.tgz. Extracting by manifest.
1079 silly tarball no local data for @babel/plugin-syntax-import-assertions@https://registry.npmjs.org/@babel/plugin-syntax-import-assertions/-/plugin-syntax-import-assertions-7.27.1.tgz. Extracting by manifest.
1080 silly tarball no local data for @babel/plugin-syntax-flow@https://registry.npmjs.org/@babel/plugin-syntax-flow/-/plugin-syntax-flow-7.27.1.tgz. Extracting by manifest.
1081 silly tarball no local data for @babel/plugin-syntax-decorators@https://registry.npmjs.org/@babel/plugin-syntax-decorators/-/plugin-syntax-decorators-7.27.1.tgz. Extracting by manifest.
1082 silly tarball no local data for @babel/plugin-syntax-class-static-block@https://registry.npmjs.org/@babel/plugin-syntax-class-static-block/-/plugin-syntax-class-static-block-7.14.5.tgz. Extracting by manifest.
1083 silly tarball no local data for @babel/plugin-syntax-class-properties@https://registry.npmjs.org/@babel/plugin-syntax-class-properties/-/plugin-syntax-class-properties-7.12.13.tgz. Extracting by manifest.
1084 silly tarball no local data for @babel/plugin-syntax-bigint@https://registry.npmjs.org/@babel/plugin-syntax-bigint/-/plugin-syntax-bigint-7.8.3.tgz. Extracting by manifest.
1085 silly tarball no local data for @babel/plugin-syntax-async-generators@https://registry.npmjs.org/@babel/plugin-syntax-async-generators/-/plugin-syntax-async-generators-7.8.4.tgz. Extracting by manifest.
1086 silly tarball no local data for @babel/plugin-proposal-private-property-in-object@https://registry.npmjs.org/@babel/plugin-proposal-private-property-in-object/-/plugin-proposal-private-property-in-object-7.21.0-placeholder-for-preset-env.2.tgz. Extracting by manifest.
1087 silly tarball no local data for @babel/plugin-proposal-private-methods@https://registry.npmjs.org/@babel/plugin-proposal-private-methods/-/plugin-proposal-private-methods-7.18.6.tgz. Extracting by manifest.
1088 silly tarball no local data for @babel/plugin-proposal-optional-chaining@https://registry.npmjs.org/@babel/plugin-proposal-optional-chaining/-/plugin-proposal-optional-chaining-7.21.0.tgz. Extracting by manifest.
1089 silly tarball no local data for @babel/plugin-proposal-numeric-separator@https://registry.npmjs.org/@babel/plugin-proposal-numeric-separator/-/plugin-proposal-numeric-separator-7.18.6.tgz. Extracting by manifest.
1090 silly tarball no local data for @babel/plugin-proposal-nullish-coalescing-operator@https://registry.npmjs.org/@babel/plugin-proposal-nullish-coalescing-operator/-/plugin-proposal-nullish-coalescing-operator-7.18.6.tgz. Extracting by manifest.
1091 silly tarball no local data for @babel/plugin-proposal-decorators@https://registry.npmjs.org/@babel/plugin-proposal-decorators/-/plugin-proposal-decorators-7.28.0.tgz. Extracting by manifest.
1092 silly tarball no local data for @babel/plugin-proposal-class-properties@https://registry.npmjs.org/@babel/plugin-proposal-class-properties/-/plugin-proposal-class-properties-7.18.6.tgz. Extracting by manifest.
1093 silly tarball no local data for @babel/plugin-bugfix-v8-static-class-fields-redefine-readonly@https://registry.npmjs.org/@babel/plugin-bugfix-v8-static-class-fields-redefine-readonly/-/plugin-bugfix-v8-static-class-fields-redefine-readonly-7.28.3.tgz. Extracting by manifest.
1094 silly tarball no local data for @babel/plugin-bugfix-v8-spread-parameters-in-optional-chaining@https://registry.npmjs.org/@babel/plugin-bugfix-v8-spread-parameters-in-optional-chaining/-/plugin-bugfix-v8-spread-parameters-in-optional-chaining-7.27.1.tgz. Extracting by manifest.
1095 silly tarball no local data for @babel/plugin-bugfix-safari-id-destructuring-collision-in-function-expression@https://registry.npmjs.org/@babel/plugin-bugfix-safari-id-destructuring-collision-in-function-expression/-/plugin-bugfix-safari-id-destructuring-collision-in-function-expression-7.27.1.tgz. Extracting by manifest.
1096 silly tarball no local data for @babel/plugin-bugfix-firefox-class-in-computed-class-key@https://registry.npmjs.org/@babel/plugin-bugfix-firefox-class-in-computed-class-key/-/plugin-bugfix-firefox-class-in-computed-class-key-7.28.5.tgz. Extracting by manifest.
1097 silly tarball no local data for @babel/plugin-bugfix-safari-class-field-initializer-scope@https://registry.npmjs.org/@babel/plugin-bugfix-safari-class-field-initializer-scope/-/plugin-bugfix-safari-class-field-initializer-scope-7.27.1.tgz. Extracting by manifest.
1098 silly tarball no local data for @babel/parser@https://registry.npmjs.org/@babel/parser/-/parser-7.28.5.tgz. Extracting by manifest.
1099 silly tarball no local data for @babel/helpers@https://registry.npmjs.org/@babel/helpers/-/helpers-7.28.4.tgz. Extracting by manifest.
1100 silly tarball no local data for @babel/helper-validator-option@https://registry.npmjs.org/@babel/helper-validator-option/-/helper-validator-option-7.27.1.tgz. Extracting by manifest.
1101 silly tarball no local data for @babel/helper-wrap-function@https://registry.npmjs.org/@babel/helper-wrap-function/-/helper-wrap-function-7.28.3.tgz. Extracting by manifest.
1102 silly tarball no local data for @babel/plugin-syntax-private-property-in-object@https://registry.npmjs.org/@babel/plugin-syntax-private-property-in-object/-/plugin-syntax-private-property-in-object-7.14.5.tgz. Extracting by manifest.
1103 silly tarball no local data for @babel/helper-validator-identifier@https://registry.npmjs.org/@babel/helper-validator-identifier/-/helper-validator-identifier-7.28.5.tgz. Extracting by manifest.
1104 silly tarball no local data for @babel/helper-string-parser@https://registry.npmjs.org/@babel/helper-string-parser/-/helper-string-parser-7.27.1.tgz. Extracting by manifest.
1105 silly tarball no local data for @babel/plugin-transform-duplicate-keys@https://registry.npmjs.org/@babel/plugin-transform-duplicate-keys/-/plugin-transform-duplicate-keys-7.27.1.tgz. Extracting by manifest.
1106 silly tarball no local data for @babel/helper-replace-supers@https://registry.npmjs.org/@babel/helper-replace-supers/-/helper-replace-supers-7.27.1.tgz. Extracting by manifest.
1107 silly tarball no local data for @babel/helper-skip-transparent-expression-wrappers@https://registry.npmjs.org/@babel/helper-skip-transparent-expression-wrappers/-/helper-skip-transparent-expression-wrappers-7.27.1.tgz. Extracting by manifest.
1108 silly tarball no local data for @babel/helper-remap-async-to-generator@https://registry.npmjs.org/@babel/helper-remap-async-to-generator/-/helper-remap-async-to-generator-7.27.1.tgz. Extracting by manifest.
1109 silly tarball no local data for @babel/helper-plugin-utils@https://registry.npmjs.org/@babel/helper-plugin-utils/-/helper-plugin-utils-7.27.1.tgz. Extracting by manifest.
1110 silly tarball no local data for @babel/helper-module-transforms@https://registry.npmjs.org/@babel/helper-module-transforms/-/helper-module-transforms-7.28.3.tgz. Extracting by manifest.
1111 silly tarball no local data for @babel/helper-optimise-call-expression@https://registry.npmjs.org/@babel/helper-optimise-call-expression/-/helper-optimise-call-expression-7.27.1.tgz. Extracting by manifest.
1112 silly tarball no local data for @babel/helper-member-expression-to-functions@https://registry.npmjs.org/@babel/helper-member-expression-to-functions/-/helper-member-expression-to-functions-7.28.5.tgz. Extracting by manifest.
1113 silly tarball no local data for @babel/helper-module-imports@https://registry.npmjs.org/@babel/helper-module-imports/-/helper-module-imports-7.27.1.tgz. Extracting by manifest.
1114 silly tarball no local data for @babel/helper-define-polyfill-provider@https://registry.npmjs.org/@babel/helper-define-polyfill-provider/-/helper-define-polyfill-provider-0.6.5.tgz. Extracting by manifest.
1115 silly tarball no local data for @babel/helper-globals@https://registry.npmjs.org/@babel/helper-globals/-/helper-globals-7.28.0.tgz. Extracting by manifest.
1116 silly tarball no local data for @babel/helper-create-class-features-plugin@https://registry.npmjs.org/@babel/helper-create-class-features-plugin/-/helper-create-class-features-plugin-7.28.5.tgz. Extracting by manifest.
1117 silly tarball no local data for @babel/helper-create-regexp-features-plugin@https://registry.npmjs.org/@babel/helper-create-regexp-features-plugin/-/helper-create-regexp-features-plugin-7.28.5.tgz. Extracting by manifest.
1118 silly tarball no local data for @babel/helper-compilation-targets@https://registry.npmjs.org/@babel/helper-compilation-targets/-/helper-compilation-targets-7.27.2.tgz. Extracting by manifest.
1119 silly tarball no local data for @babel/helper-annotate-as-pure@https://registry.npmjs.org/@babel/helper-annotate-as-pure/-/helper-annotate-as-pure-7.27.3.tgz. Extracting by manifest.
1120 silly tarball no local data for @babel/generator@https://registry.npmjs.org/@babel/generator/-/generator-7.28.5.tgz. Extracting by manifest.
1121 silly tarball no local data for @babel/eslint-parser@https://registry.npmjs.org/@babel/eslint-parser/-/eslint-parser-7.28.5.tgz. Extracting by manifest.
1122 silly tarball no local data for @babel/core@https://registry.npmjs.org/@babel/core/-/core-7.28.5.tgz. Extracting by manifest.
1123 silly tarball no local data for @babel/compat-data@https://registry.npmjs.org/@babel/compat-data/-/compat-data-7.28.5.tgz. Extracting by manifest.
1124 silly tarball no local data for @babel/code-frame@https://registry.npmjs.org/@babel/code-frame/-/code-frame-7.27.1.tgz. Extracting by manifest.
1125 silly tarball no local data for @alloc/quick-lru@https://registry.npmjs.org/@alloc/quick-lru/-/quick-lru-5.2.0.tgz. Extracting by manifest.
1126 silly tarball no local data for @adobe/css-tools@https://registry.npmjs.org/@adobe/css-tools/-/css-tools-4.4.4.tgz. Extracting by manifest.
1127 silly tarball no local data for which@https://registry.npmjs.org/which/-/which-2.0.2.tgz. Extracting by manifest.
1128 silly tarball no local data for webpack-dev-server@https://registry.npmjs.org/webpack-dev-server/-/webpack-dev-server-4.15.2.tgz. Extracting by manifest.
1129 silly tarball no local data for webpack@https://registry.npmjs.org/webpack/-/webpack-5.104.1.tgz. Extracting by manifest.
1130 silly tarball no local data for typescript@https://registry.npmjs.org/typescript/-/typescript-4.9.5.tgz. Extracting by manifest.
1131 silly tarball no local data for uuid@https://registry.npmjs.org/uuid/-/uuid-8.3.2.tgz. Extracting by manifest.
1132 silly tarball no local data for update-browserslist-db@https://registry.npmjs.org/update-browserslist-db/-/update-browserslist-db-1.2.3.tgz. Extracting by manifest.
1133 silly tarball no local data for terser@https://registry.npmjs.org/terser/-/terser-5.44.1.tgz. Extracting by manifest.
1134 silly tarball no local data for tailwindcss@https://registry.npmjs.org/tailwindcss/-/tailwindcss-3.4.19.tgz. Extracting by manifest.
1135 silly tarball no local data for sucrase@https://registry.npmjs.org/sucrase/-/sucrase-3.35.1.tgz. Extracting by manifest.
1136 silly tarball no local data for svgo@https://registry.npmjs.org/svgo/-/svgo-1.3.2.tgz. Extracting by manifest.
1137 silly tarball no local data for rollup@https://registry.npmjs.org/rollup/-/rollup-2.79.2.tgz. Extracting by manifest.
1138 silly tarball no local data for semver@https://registry.npmjs.org/semver/-/semver-7.7.3.tgz. Extracting by manifest.
1139 silly tarball no local data for resolve@https://registry.npmjs.org/resolve/-/resolve-1.22.11.tgz. Extracting by manifest.
1140 silly tarball no local data for rimraf@https://registry.npmjs.org/rimraf/-/rimraf-3.0.2.tgz. Extracting by manifest.
1141 silly tarball no local data for regjsparser@https://registry.npmjs.org/regjsparser/-/regjsparser-0.13.0.tgz. Extracting by manifest.
1142 silly tarball no local data for react-scripts@https://registry.npmjs.org/react-scripts/-/react-scripts-5.0.1.tgz. Extracting by manifest.
1143 silly tarball no local data for nanoid@https://registry.npmjs.org/nanoid/-/nanoid-3.3.11.tgz. Extracting by manifest.
1144 silly tarball no local data for mime@https://registry.npmjs.org/mime/-/mime-1.6.0.tgz. Extracting by manifest.
1145 silly tarball no local data for multicast-dns@https://registry.npmjs.org/multicast-dns/-/multicast-dns-7.2.5.tgz. Extracting by manifest.
1146 silly tarball no local data for loose-envify@https://registry.npmjs.org/loose-envify/-/loose-envify-1.4.0.tgz. Extracting by manifest.
1147 silly tarball no local data for mkdirp@https://registry.npmjs.org/mkdirp/-/mkdirp-0.5.6.tgz. Extracting by manifest.
1148 silly tarball no local data for lz-string@https://registry.npmjs.org/lz-string/-/lz-string-1.5.0.tgz. Extracting by manifest.
1149 silly tarball no local data for json5@https://registry.npmjs.org/json5/-/json5-2.2.3.tgz. Extracting by manifest.
1150 silly tarball no local data for jsesc@https://registry.npmjs.org/jsesc/-/jsesc-3.1.0.tgz. Extracting by manifest.
1151 silly tarball no local data for js-yaml@https://registry.npmjs.org/js-yaml/-/js-yaml-3.14.2.tgz. Extracting by manifest.
1152 silly tarball no local data for jiti@https://registry.npmjs.org/jiti/-/jiti-1.21.7.tgz. Extracting by manifest.
1153 silly tarball no local data for jest-cli@https://registry.npmjs.org/jest-cli/-/jest-cli-27.5.1.tgz. Extracting by manifest.
1154 silly tarball no local data for is-docker@https://registry.npmjs.org/is-docker/-/is-docker-2.2.1.tgz. Extracting by manifest.
1155 silly tarball no local data for jake@https://registry.npmjs.org/jake/-/jake-10.9.4.tgz. Extracting by manifest.
1156 silly tarball no local data for jest@https://registry.npmjs.org/jest/-/jest-27.5.1.tgz. Extracting by manifest.
1157 silly tarball no local data for import-local@https://registry.npmjs.org/import-local/-/import-local-3.2.0.tgz. Extracting by manifest.
1158 silly tarball no local data for html-minifier-terser@https://registry.npmjs.org/html-minifier-terser/-/html-minifier-terser-6.1.0.tgz. Extracting by manifest.
1159 silly tarball no local data for he@https://registry.npmjs.org/he/-/he-1.2.0.tgz. Extracting by manifest.
1160 silly tarball no local data for debug@https://registry.npmjs.org/debug/-/debug-3.2.7.tgz. Extracting by manifest.
1161 silly tarball no local data for debug@https://registry.npmjs.org/debug/-/debug-3.2.7.tgz. Extracting by manifest.
1162 silly tarball no local data for p-locate@https://registry.npmjs.org/p-locate/-/p-locate-5.0.0.tgz. Extracting by manifest.
1163 silly tarball no local data for esprima@https://registry.npmjs.org/esprima/-/esprima-4.0.1.tgz. Extracting by manifest.
1164 silly tarball no local data for p-limit@https://registry.npmjs.org/p-limit/-/p-limit-3.1.0.tgz. Extracting by manifest.
1165 silly tarball no local data for locate-path@https://registry.npmjs.org/locate-path/-/locate-path-6.0.0.tgz. Extracting by manifest.
1166 silly tarball no local data for js-yaml@https://registry.npmjs.org/js-yaml/-/js-yaml-4.1.1.tgz. Extracting by manifest.
1167 silly tarball no local data for find-up@https://registry.npmjs.org/find-up/-/find-up-5.0.0.tgz. Extracting by manifest.
1168 silly tarball no local data for source-map@https://registry.npmjs.org/source-map/-/source-map-0.6.1.tgz. Extracting by manifest.
1169 silly tarball no local data for argparse@https://registry.npmjs.org/argparse/-/argparse-2.0.1.tgz. Extracting by manifest.
1170 silly tarball no local data for webidl-conversions@https://registry.npmjs.org/webidl-conversions/-/webidl-conversions-5.0.0.tgz. Extracting by manifest.
1171 silly tarball no local data for ms@https://registry.npmjs.org/ms/-/ms-2.0.0.tgz. Extracting by manifest.
1172 silly tarball no local data for cssom@https://registry.npmjs.org/cssom/-/cssom-0.3.8.tgz. Extracting by manifest.
1173 silly tarball no local data for debug@https://registry.npmjs.org/debug/-/debug-2.6.9.tgz. Extracting by manifest.
1174 silly tarball no local data for source-map@https://registry.npmjs.org/source-map/-/source-map-0.6.1.tgz. Extracting by manifest.
1175 silly tarball no local data for source-map@https://registry.npmjs.org/source-map/-/source-map-0.6.1.tgz. Extracting by manifest.
1176 silly tarball no local data for mdn-data@https://registry.npmjs.org/mdn-data/-/mdn-data-2.0.14.tgz. Extracting by manifest.
1177 silly tarball no local data for css-tree@https://registry.npmjs.org/css-tree/-/css-tree-1.1.3.tgz. Extracting by manifest.
1178 silly tarball no local data for source-map@https://registry.npmjs.org/source-map/-/source-map-0.6.1.tgz. Extracting by manifest.
1179 silly tarball no local data for ms@https://registry.npmjs.org/ms/-/ms-2.0.0.tgz. Extracting by manifest.
1180 silly tarball no local data for supports-color@https://registry.npmjs.org/supports-color/-/supports-color-5.5.0.tgz. Extracting by manifest.
1181 silly tarball no local data for debug@https://registry.npmjs.org/debug/-/debug-2.6.9.tgz. Extracting by manifest.
1182 silly tarball no local data for escape-string-regexp@https://registry.npmjs.org/escape-string-regexp/-/escape-string-regexp-1.0.5.tgz. Extracting by manifest.
1183 silly tarball no local data for source-map@https://registry.npmjs.org/source-map/-/source-map-0.6.1.tgz. Extracting by manifest.
1184 silly tarball no local data for has-flag@https://registry.npmjs.org/has-flag/-/has-flag-3.0.0.tgz. Extracting by manifest.
1185 silly tarball no local data for color-name@https://registry.npmjs.org/color-name/-/color-name-1.1.3.tgz. Extracting by manifest.
1186 silly tarball no local data for color-convert@https://registry.npmjs.org/color-convert/-/color-convert-1.9.3.tgz. Extracting by manifest.
1187 silly tarball no local data for chalk@https://registry.npmjs.org/chalk/-/chalk-2.4.2.tgz. Extracting by manifest.
1188 silly tarball no local data for glob-parent@https://registry.npmjs.org/glob-parent/-/glob-parent-5.1.2.tgz. Extracting by manifest.
1189 silly tarball no local data for ansi-styles@https://registry.npmjs.org/ansi-styles/-/ansi-styles-3.2.1.tgz. Extracting by manifest.
1190 silly tarball no local data for @babel/plugin-proposal-private-property-in-object@https://registry.npmjs.org/@babel/plugin-proposal-private-property-in-object/-/plugin-proposal-private-property-in-object-7.21.11.tgz. Extracting by manifest.
1191 silly tarball no local data for ms@https://registry.npmjs.org/ms/-/ms-2.0.0.tgz. Extracting by manifest.
1192 silly tarball no local data for debug@https://registry.npmjs.org/debug/-/debug-2.6.9.tgz. Extracting by manifest.
1193 silly tarball no local data for iconv-lite@https://registry.npmjs.org/iconv-lite/-/iconv-lite-0.4.24.tgz. Extracting by manifest.
1194 silly tarball no local data for schema-utils@https://registry.npmjs.org/schema-utils/-/schema-utils-2.7.1.tgz. Extracting by manifest.
1195 silly tarball no local data for semver@https://registry.npmjs.org/semver/-/semver-6.3.1.tgz. Extracting by manifest.
1196 silly tarball no local data for type-fest@https://registry.npmjs.org/type-fest/-/type-fest-0.21.3.tgz. Extracting by manifest.
1197 silly tarball no local data for acorn@https://registry.npmjs.org/acorn/-/acorn-7.4.1.tgz. Extracting by manifest.
1198 silly tarball no local data for json-schema-traverse@https://registry.npmjs.org/json-schema-traverse/-/json-schema-traverse-1.0.0.tgz. Extracting by manifest.
1199 silly tarball no local data for form-data@https://registry.npmjs.org/form-data/-/form-data-4.0.5.tgz. Extracting by manifest.
1200 silly tarball no local data for ajv@https://registry.npmjs.org/ajv/-/ajv-8.17.1.tgz. Extracting by manifest.
1201 silly tarball no local data for negotiator@https://registry.npmjs.org/negotiator/-/negotiator-0.6.3.tgz. Extracting by manifest.
1202 silly tarball no local data for estraverse@https://registry.npmjs.org/estraverse/-/estraverse-4.3.0.tgz. Extracting by manifest.
1203 silly tarball no local data for @types/send@https://registry.npmjs.org/@types/send/-/send-0.17.6.tgz. Extracting by manifest.
1204 silly tarball no local data for eslint-scope@https://registry.npmjs.org/eslint-scope/-/eslint-scope-5.1.1.tgz. Extracting by manifest.
1205 silly tarball no local data for @types/express-serve-static-core@https://registry.npmjs.org/@types/express-serve-static-core/-/express-serve-static-core-4.19.7.tgz. Extracting by manifest.
1206 silly tarball no local data for @types/estree@https://registry.npmjs.org/@types/estree/-/estree-0.0.39.tgz. Extracting by manifest.
1207 silly tarball no local data for dom-accessibility-api@https://registry.npmjs.org/dom-accessibility-api/-/dom-accessibility-api-0.6.3.tgz. Extracting by manifest.
1208 silly tarball no local data for estraverse@https://registry.npmjs.org/estraverse/-/estraverse-4.3.0.tgz. Extracting by manifest.
1209 silly tarball no local data for aria-query@https://registry.npmjs.org/aria-query/-/aria-query-5.3.0.tgz. Extracting by manifest.
1210 silly tarball no local data for eslint-scope@https://registry.npmjs.org/eslint-scope/-/eslint-scope-5.1.1.tgz. Extracting by manifest.
1211 silly tarball no local data for source-map@https://registry.npmjs.org/source-map/-/source-map-0.6.1.tgz. Extracting by manifest.
1212 silly tarball no local data for convert-source-map@https://registry.npmjs.org/convert-source-map/-/convert-source-map-1.9.0.tgz. Extracting by manifest.
1213 silly tarball no local data for source-map@https://registry.npmjs.org/source-map/-/source-map-0.6.1.tgz. Extracting by manifest.
1214 silly tarball no local data for argparse@https://registry.npmjs.org/argparse/-/argparse-2.0.1.tgz. Extracting by manifest.
1215 silly tarball no local data for source-map@https://registry.npmjs.org/source-map/-/source-map-0.6.1.tgz. Extracting by manifest.
1216 silly tarball no local data for camelcase@https://registry.npmjs.org/camelcase/-/camelcase-5.3.1.tgz. Extracting by manifest.
1217 silly tarball no local data for semver@https://registry.npmjs.org/semver/-/semver-6.3.1.tgz. Extracting by manifest.
1218 silly tarball no local data for semver@https://registry.npmjs.org/semver/-/semver-6.3.1.tgz. Extracting by manifest.
1219 silly tarball no local data for semver@https://registry.npmjs.org/semver/-/semver-6.3.1.tgz. Extracting by manifest.
1220 silly tarball no local data for semver@https://registry.npmjs.org/semver/-/semver-6.3.1.tgz. Extracting by manifest.
1221 silly tarball no local data for semver@https://registry.npmjs.org/semver/-/semver-6.3.1.tgz. Extracting by manifest.
1222 silly tarball no local data for semver@https://registry.npmjs.org/semver/-/semver-6.3.1.tgz. Extracting by manifest.
1223 silly tarball no local data for eslint-visitor-keys@https://registry.npmjs.org/eslint-visitor-keys/-/eslint-visitor-keys-2.1.0.tgz. Extracting by manifest.
1224 silly tarball no local data for js-yaml@https://registry.npmjs.org/js-yaml/-/js-yaml-4.1.1.tgz. Extracting by manifest.
1225 silly tarball no local data for semver@https://registry.npmjs.org/semver/-/semver-6.3.1.tgz. Extracting by manifest.
1226 http fetch GET 200 https://registry.npmjs.org/escape-html/-/escape-html-1.0.3.tgz 2648ms (cache miss)
1227 http fetch GET 200 https://registry.npmjs.org/escape-string-regexp/-/escape-string-regexp-4.0.0.tgz 2751ms (cache miss)
1228 http fetch POST 200 https://registry.npmjs.org/-/npm/v1/security/advisories/bulk 3420ms
1229 silly audit report {
1229 silly audit report   '@babel/plugin-transform-modules-systemjs': [
1229 silly audit report     {
1229 silly audit report       id: 1117908,
1229 silly audit report       url: 'https://github.com/advisories/GHSA-fv7c-fp4j-7gwp',
1229 silly audit report       title: '@babel/plugin-transform-modules-systemjs generates arbitrary code when compiling malicious input',
1229 silly audit report       severity: 'high',
1229 silly audit report       vulnerable_versions: '>=7.12.0 <=7.29.3',
1229 silly audit report       cwe: [Array],
1229 silly audit report       cvss: [Object]
1229 silly audit report     }
1229 silly audit report   ],
1229 silly audit report   '@tootallnate/once': [
1229 silly audit report     {
1229 silly audit report       id: 1119438,
1229 silly audit report       url: 'https://github.com/advisories/GHSA-vpq2-c234-7xj6',
1229 silly audit report       title: '@tootallnate/once vulnerable to Incorrect Control Flow Scoping',
1229 silly audit report       severity: 'low',
1229 silly audit report       vulnerable_versions: '<2.0.1',
1229 silly audit report       cwe: [Array],
1229 silly audit report       cvss: [Object]
1229 silly audit report     }
1229 silly audit report   ],
1229 silly audit report   ajv: [
1229 silly audit report     {
1229 silly audit report       id: 1113714,
1229 silly audit report       url: 'https://github.com/advisories/GHSA-2g4f-4pwh-qvx6',
1229 silly audit report       title: 'ajv has ReDoS when using `$data` option',
1229 silly audit report       severity: 'moderate',
1229 silly audit report       vulnerable_versions: '<6.14.0',
1229 silly audit report       cwe: [Array],
1229 silly audit report       cvss: [Object]
1229 silly audit report     },
1229 silly audit report     {
1229 silly audit report       id: 1113715,
1229 silly audit report       url: 'https://github.com/advisories/GHSA-2g4f-4pwh-qvx6',
1229 silly audit report       title: 'ajv has ReDoS when using `$data` option',
1229 silly audit report       severity: 'moderate',
1229 silly audit report       vulnerable_versions: '>=7.0.0-alpha.0 <8.18.0',
1229 silly audit report       cwe: [Array],
1229 silly audit report       cvss: [Object]
1229 silly audit report     }
1229 silly audit report   ],
1229 silly audit report   axios: [
1229 silly audit report     {
1229 silly audit report       id: 1118607,
1229 silly audit report       url: 'https://github.com/advisories/GHSA-q8qp-cvcw-x6jj',
1229 silly audit report       title: 'Axios has prototype pollution read-side gadgets in HTTP adapter that allow credential injection and request hijacking',
1229 silly audit report       severity: 'high',
1229 silly audit report       vulnerable_versions: '>=1.0.0 <1.15.2',
1229 silly audit report       cwe: [Array],
1229 silly audit report       cvss: [Object]
1229 silly audit report     },
1229 silly audit report     {
1229 silly audit report       id: 1119404,
1229 silly audit report       url: 'https://github.com/advisories/GHSA-fvcv-3m26-pcqx',
1229 silly audit report       title: 'Axios has Unrestricted Cloud Metadata Exfiltration via Header Injection Chain',
1229 silly audit report       severity: 'moderate',
1229 silly audit report       vulnerable_versions: '>=1.0.0 <1.15.0',
1229 silly audit report       cwe: [Array],
1229 silly audit report       cvss: [Object]
1229 silly audit report     },
1229 silly audit report     {
1229 silly audit report       id: 1116673,
1229 silly audit report       url: 'https://github.com/advisories/GHSA-3p68-rc4w-qgx5',
1229 silly audit report       title: 'Axios has a NO_PROXY Hostname Normalization Bypass that Leads to SSRF',
1229 silly audit report       severity: 'moderate',
1229 silly audit report       vulnerable_versions: '>=1.0.0 <1.15.0',
1229 silly audit report       cwe: [Array],
1229 silly audit report       cvss: [Object]
1229 silly audit report     },
1229 silly audit report     {
1229 silly audit report       id: 1117574,
1229 silly audit report       url: 'https://github.com/advisories/GHSA-w9j2-pvgh-6h63',
1229 silly audit report       title: 'Axios: Authentication Bypass via Prototype Pollution Gadget in `validateStatus` Merge Strategy',
1229 silly audit report       severity: 'moderate',
1229 silly audit report       vulnerable_versions: '>=1.0.0 <1.15.1',
1229 silly audit report       cwe: [Array],
1229 silly audit report       cvss: [Object]
1229 silly audit report     },
1229 silly audit report     {
1229 silly audit report       id: 1117576,
1229 silly audit report       url: 'https://github.com/advisories/GHSA-pmwg-cvhr-8vh7',
1229 silly audit report       title: 'Axios: Incomplete Fix for CVE-2025-62718 — NO_PROXY Protection Bypassed via RFC 1122 Loopback Subnet (127.0.0.0/8) in Axios 1.15.0',
1229 silly audit report       severity: 'high',
1229 silly audit report       vulnerable_versions: '>=1.0.0 <1.15.1',
1229 silly audit report       cwe: [Array],
1229 silly audit report       cvss: [Object]
1229 silly audit report     },
1229 silly audit report     {
1229 silly audit report       id: 1117577,
1229 silly audit report       url: 'https://github.com/advisories/GHSA-3w6x-2g7m-8v23',
1229 silly audit report       title: 'Axios: Invisible JSON Response Tampering via Prototype Pollution Gadget in `parseReviver`',
1229 silly audit report       severity: 'moderate',
1229 silly audit report       vulnerable_versions: '>=1.0.0 <1.15.2',
1229 silly audit report       cwe: [Array],
1229 silly audit report       cvss: [Object]
1229 silly audit report     },
1229 silly audit report     {
1229 silly audit report       id: 1117580,
1229 silly audit report       url: 'https://github.com/advisories/GHSA-xhjh-pmcv-23jw',
1229 silly audit report       title: 'Axios: Null Byte Injection via Reverse-Encoding in AxiosURLSearchParams',
1229 silly audit report       severity: 'low',
1229 silly audit report       vulnerable_versions: '>=1.0.0 <1.15.1',
1229 silly audit report       cwe: [Array],
1229 silly audit report       cvss: [Object]
1229 silly audit report     },
1229 silly audit report     {
1229 silly audit report       id: 1117581,
1229 silly audit report       url: 'https://github.com/advisories/GHSA-445q-vr5w-6q77',
1229 silly audit report       title: 'Axios: CRLF Injection in multipart/form-data body via unsanitized blob.type in formDataToStream',
1229 silly audit report       severity: 'moderate',
1229 silly audit report       vulnerable_versions: '>=1.0.0 <1.15.1',
1229 silly audit report       cwe: [Array],
1229 silly audit report       cvss: [Object]
1229 silly audit report     },
1229 silly audit report     {
1229 silly audit report       id: 1117583,
1229 silly audit report       url: 'https://github.com/advisories/GHSA-m7pr-hjqh-92cm',
1229 silly audit report       title: 'Axios: no_proxy bypass via IP alias allows SSRF',
1229 silly audit report       severity: 'moderate',
1229 silly audit report       vulnerable_versions: '>=1.0.0 <1.15.1',
1229 silly audit report       cwe: [Array],
1229 silly audit report       cvss: [Object]
1229 silly audit report     },
1229 silly audit report     {
1229 silly audit report       id: 1117585,
1229 silly audit report       url: 'https://github.com/advisories/GHSA-62hf-57xw-28j9',
1229 silly audit report       title: 'Axios: unbounded recursion in toFormData causes DoS via deeply nested request data',
1229 silly audit report       severity: 'moderate',
1229 silly audit report       vulnerable_versions: '>=1.0.0 <1.15.1',
1229 silly audit report       cwe: [Array],
1229 silly audit report       cvss: [Object]
1229 silly audit report     },
1229 silly audit report     {
1229 silly audit report       id: 1117587,
1229 silly audit report       url: 'https://github.com/advisories/GHSA-5c9x-8gcm-mpgx',
1229 silly audit report       title: "Axios' HTTP adapter-streamed uploads bypass maxBodyLength when maxRedirects: 0",
1229 silly audit report       severity: 'moderate',
1229 silly audit report       vulnerable_versions: '>=1.0.0 <1.15.1',
1229 silly audit report       cwe: [Array],
1229 silly audit report       cvss: [Object]
1229 silly audit report     },
1229 silly audit report     {
1229 silly audit report       id: 1117589,
1229 silly audit report       url: 'https://github.com/advisories/GHSA-vf2m-468p-8v99',
1229 silly audit report       title: 'Axios: HTTP adapter streamed responses bypass maxContentLength',
1229 silly audit report       severity: 'moderate',
1229 silly audit report       vulnerable_versions: '>=1.0.0 <1.15.1',
1229 silly audit report       cwe: [Array],
1229 silly audit report       cvss: [Object]
1229 silly audit report     },
1229 silly audit report     {
1229 silly audit report       id: 1117591,
1229 silly audit report       url: 'https://github.com/advisories/GHSA-pf86-5x62-jrwf',
1229 silly audit report       title: 'Axios: Prototype Pollution Gadgets - Response Tampering, Data Exfiltration, and Request Hijacking',
1229 silly audit report       severity: 'high',
1229 silly audit report       vulnerable_versions: '>=1.0.0 <1.15.1',
1229 silly audit report       cwe: [Array],
1229 silly audit report       cvss: [Object]
1229 silly audit report     },
1229 silly audit report     {
1229 silly audit report       id: 1117593,
1229 silly audit report       url: 'https://github.com/advisories/GHSA-6chq-wfr3-2hj9',
1229 silly audit report       title: 'Axios: Header Injection via Prototype Pollution',
1229 silly audit report       severity: 'high',
1229 silly audit report       vulnerable_versions: '>=1.0.0 <1.15.1',
1229 silly audit report       cwe: [Array],
1229 silly audit report       cvss: [Object]
1229 silly audit report     },
1229 silly audit report     {
1229 silly audit report       id: 1117595,
1229 silly audit report       url: 'https://github.com/advisories/GHSA-xx6v-rp6x-q39c',
1229 silly audit report       title: 'Axios: XSRF Token Cross-Origin Leakage via Prototype Pollution Gadget in `withXSRFToken` Boolean Coercion',
1229 silly audit report       severity: 'moderate',
1229 silly audit report       vulnerable_versions: '>=1.0.0 <1.15.1',
1229 silly audit report       cwe: [Array],
1229 silly audit report       cvss: [Object]
1229 silly audit report     },
1229 silly audit report     {
1229 silly audit report       id: 1117858,
1229 silly audit report       url: 'https://github.com/advisories/GHSA-43fc-jf86-j433',
1229 silly audit report       title: 'Axios is Vulnerable to Denial of Service via __proto__ Key in mergeConfig',
1229 silly audit report       severity: 'high',
1229 silly audit report       vulnerable_versions: '>=1.0.0 <=1.13.4',
1229 silly audit report       cwe: [Array],
1229 silly audit report       cvss: [Object]
1229 silly audit report     }
1229 silly audit report   ],
1229 silly audit report   'brace-expansion': [
1229 silly audit report     {
1229 silly audit report       id: 1115540,
1229 silly audit report       url: 'https://github.com/advisories/GHSA-f886-m6hf-6m8v',
1229 silly audit report       title: 'brace-expansion: Zero-step sequence causes process hang and memory exhaustion',
1229 silly audit report       severity: 'moderate',
1229 silly audit report       vulnerable_versions: '<1.1.13',
1229 silly audit report       cwe: [Array],
1229 silly audit report       cvss: [Object]
1229 silly audit report     },
1229 silly audit report     {
1229 silly audit report       id: 1115541,
1229 silly audit report       url: 'https://github.com/advisories/GHSA-f886-m6hf-6m8v',
1229 silly audit report       title: 'brace-expansion: Zero-step sequence causes process hang and memory exhaustion',
1229 silly audit report       severity: 'moderate',
1229 silly audit report       vulnerable_versions: '>=2.0.0 <2.0.3',
1229 silly audit report       cwe: [Array],
1229 silly audit report       cvss: [Object]
1229 silly audit report     }
1229 silly audit report   ],
1229 silly audit report   'fast-uri': [
1229 silly audit report     {
1229 silly audit report       id: 1117884,
1229 silly audit report       url: 'https://github.com/advisories/GHSA-v39h-62p7-jpjc',
1229 silly audit report       title: 'fast-uri vulnerable to host confusion via percent-encoded authority delimiters',
1229 silly audit report       severity: 'high',
1229 silly audit report       vulnerable_versions: '<=3.1.1',
1229 silly audit report       cwe: [Array],
1229 silly audit report       cvss: [Object]
1229 silly audit report     },
1229 silly audit report     {
1229 silly audit report       id: 1117870,
1229 silly audit report       url: 'https://github.com/advisories/GHSA-q3j6-qgpj-74h6',
1229 silly audit report       title: 'fast-uri vulnerable to path traversal via percent-encoded dot segments',
1229 silly audit report       severity: 'high',
1229 silly audit report       vulnerable_versions: '<=3.1.0',
1229 silly audit report       cwe: [Array],
1229 silly audit report       cvss: [Object]
1229 silly audit report     }
1229 silly audit report   ],
1229 silly audit report   minimatch: [
1229 silly audit report     {
1229 silly audit report       id: 1113459,
1229 silly audit report       url: 'https://github.com/advisories/GHSA-3ppc-4f35-3m26',
1229 silly audit report       title: 'minimatch has a ReDoS via repeated wildcards with non-matching literal in pattern',
1229 silly audit report       severity: 'high',
1229 silly audit report       vulnerable_versions: '<3.1.3',
1229 silly audit report       cwe: [Array],
1229 silly audit report       cvss: [Object]
1229 silly audit report     },
1229 silly audit report     {
1229 silly audit report       id: 1113461,
1229 silly audit report       url: 'https://github.com/advisories/GHSA-3ppc-4f35-3m26',
1229 silly audit report       title: 'minimatch has a ReDoS via repeated wildcards with non-matching literal in pattern',
1229 silly audit report       severity: 'high',
1229 silly audit report       vulnerable_versions: '>=5.0.0 <5.1.7',
1229 silly audit report       cwe: [Array],
1229 silly audit report       cvss: [Object]
1229 silly audit report     },
1229 silly audit report     {
1229 silly audit report       id: 1113538,
1229 silly audit report       url: 'https://github.com/advisories/GHSA-7r86-cg39-jmmj',
1229 silly audit report       title: 'minimatch has ReDoS: matchOne() combinatorial backtracking via multiple non-adjacent GLOBSTAR segments',
1229 silly audit report       severity: 'high',
1229 silly audit report       vulnerable_versions: '<3.1.3',
1229 silly audit report       cwe: [Array],
1229 silly audit report       cvss: [Object]
1229 silly audit report     },
1229 silly audit report     {
1229 silly audit report       id: 1113540,
1229 silly audit report       url: 'https://github.com/advisories/GHSA-7r86-cg39-jmmj',
1229 silly audit report       title: 'minimatch has ReDoS: matchOne() combinatorial backtracking via multiple non-adjacent GLOBSTAR segments',
1229 silly audit report       severity: 'high',
1229 silly audit report       vulnerable_versions: '>=5.0.0 <5.1.8',
1229 silly audit report       cwe: [Array],
1229 silly audit report       cvss: [Object]
1229 silly audit report     },
1229 silly audit report     {
1229 silly audit report       id: 1113546,
1229 silly audit report       url: 'https://github.com/advisories/GHSA-23c5-xmqv-rm74',
1229 silly audit report       title: 'minimatch ReDoS: nested *() extglobs generate catastrophically backtracking regular expressions',
1229 silly audit report       severity: 'high',
1229 silly audit report       vulnerable_versions: '<3.1.4',
1229 silly audit report       cwe: [Array],
1229 silly audit report       cvss: [Object]
1229 silly audit report     },
1229 silly audit report     {
1229 silly audit report       id: 1113548,
1229 silly audit report       url: 'https://github.com/advisories/GHSA-23c5-xmqv-rm74',
1229 silly audit report       title: 'minimatch ReDoS: nested *() extglobs generate catastrophically backtracking regular expressions',
1229 silly audit report       severity: 'high',
1229 silly audit report       vulnerable_versions: '>=5.0.0 <5.1.8',
1229 silly audit report       cwe: [Array],
1229 silly audit report       cvss: [Object]
1229 silly audit report     }
1229 silly audit report   ],
1229 silly audit report   flatted: [
1229 silly audit report     {
1229 silly audit report       id: 1114526,
1229 silly audit report       url: 'https://github.com/advisories/GHSA-25h7-pfq9-p65f',
1229 silly audit report       title: 'flatted vulnerable to unbounded recursion DoS in parse() revive phase',
1229 silly audit report       severity: 'high',
1229 silly audit report       vulnerable_versions: '<3.4.0',
1229 silly audit report       cwe: [Array],
1229 silly audit report       cvss: [Object]
1229 silly audit report     },
1229 silly audit report     {
1229 silly audit report       id: 1115357,
1229 silly audit report       url: 'https://github.com/advisories/GHSA-rf6f-7fwh-wjgh',
1229 silly audit report       title: 'Prototype Pollution via parse() in NodeJS flatted',
1229 silly audit report       severity: 'high',
1229 silly audit report       vulnerable_versions: '<=3.4.1',
1229 silly audit report       cwe: [Array],
1229 silly audit report       cvss: [Object]
1229 silly audit report     }
1229 silly audit report   ],
1229 silly audit report   'follow-redirects': [
1229 silly audit report     {
1229 silly audit report       id: 1116560,
1229 silly audit report       url: 'https://github.com/advisories/GHSA-r4q5-vmmm-2653',
1229 silly audit report       title: 'follow-redirects leaks Custom Authentication Headers to Cross-Domain Redirect Targets',
1229 silly audit report       severity: 'moderate',
1229 silly audit report       vulnerable_versions: '<=1.15.11',
1229 silly audit report       cwe: [Array],
1229 silly audit report       cvss: [Object]
1229 silly audit report     }
1229 silly audit report   ],
1229 silly audit report   jsonpath: [
1229 silly audit report     {
1229 silly audit report       id: 1112974,
1229 silly audit report       url: 'https://github.com/advisories/GHSA-6c59-mwgh-r2x6',
1229 silly audit report       title: 'JSONPath vulnerable to Prototype Pollution due to insufficient input validation of object keys in lib/index.js',
1229 silly audit report       severity: 'moderate',
1229 silly audit report       vulnerable_versions: '<1.2.0',
1229 silly audit report       cwe: [Array],
1229 silly audit report       cvss: [Object]
1229 silly audit report     },
1229 silly audit report     {
1229 silly audit report       id: 1114914,
1229 silly audit report       url: 'https://github.com/advisories/GHSA-87r5-mp6g-5w5j',
1229 silly audit report       title: 'jsonpath has Arbitrary Code Injection via Unsafe Evaluation of JSON Path Expressions',
1229 silly audit report       severity: 'high',
1229 silly audit report       vulnerable_versions: '<=1.2.1',
1229 silly audit report       cwe: [Array],
1229 silly audit report       cvss: [Object]
1229 silly audit report     }
1229 silly audit report   ],
1229 silly audit report   lodash: [
1229 silly audit report     {
1229 silly audit report       id: 1112455,
1229 silly audit report       url: 'https://github.com/advisories/GHSA-xxjr-mmjv-4gpg',
1229 silly audit report       title: 'Lodash has Prototype Pollution Vulnerability in `_.unset` and `_.omit` functions',
1229 silly audit report       severity: 'moderate',
1229 silly audit report       vulnerable_versions: '>=4.0.0 <=4.17.22',
1229 silly audit report       cwe: [Array],
1229 silly audit report       cvss: [Object]
1229 silly audit report     },
1229 silly audit report     {
1229 silly audit report       id: 1115806,
1229 silly audit report       url: 'https://github.com/advisories/GHSA-r5fr-rjxr-66jc',
1229 silly audit report       title: 'lodash vulnerable to Code Injection via `_.template` imports key names',
1229 silly audit report       severity: 'high',
1229 silly audit report       vulnerable_versions: '>=4.0.0 <=4.17.23',
1229 silly audit report       cwe: [Array],
1229 silly audit report       cvss: [Object]
1229 silly audit report     },
1229 silly audit report     {
1229 silly audit report       id: 1115810,
1229 silly audit report       url: 'https://github.com/advisories/GHSA-f23m-r3pf-42rh',
1229 silly audit report       title: 'lodash vulnerable to Prototype Pollution via array path bypass in `_.unset` and `_.omit`',
1229 silly audit report       severity: 'moderate',
1229 silly audit report       vulnerable_versions: '<=4.17.23',
1229 silly audit report       cwe: [Array],
1229 silly audit report       cvss: [Object]
1229 silly audit report     }
1229 silly audit report   ],
1229 silly audit report   'node-forge': [
1229 silly audit report     {
1229 silly audit report       id: 1115545,
1229 silly audit report       url: 'https://github.com/advisories/GHSA-2328-f5f3-gj25',
1229 silly audit report       title: 'Forge has a basicConstraints bypass in its certificate chain verification (RFC 5280 violation)',
1229 silly audit report       severity: 'high',
1229 silly audit report       vulnerable_versions: '<=1.3.3',
1229 silly audit report       cwe: [Array],
1229 silly audit report       cvss: [Object]
1229 silly audit report     },
1229 silly audit report     {
1229 silly audit report       id: 1115546,
1229 silly audit report       url: 'https://github.com/advisories/GHSA-q67f-28xg-22rw',
1229 silly audit report       title: 'Forge has signature forgery in Ed25519 due to missing S > L check',
1229 silly audit report       severity: 'high',
1229 silly audit report       vulnerable_versions: '<1.4.0',
1229 silly audit report       cwe: [Array],
1229 silly audit report       cvss: [Object]
1229 silly audit report     },
1229 silly audit report     {
1229 silly audit report       id: 1115548,
1229 silly audit report       url: 'https://github.com/advisories/GHSA-5m6q-g25r-mvwx',
1229 silly audit report       title: 'Forge has Denial of Service via Infinite Loop in BigInteger.modInverse() with Zero Input',
1229 silly audit report       severity: 'high',
1229 silly audit report       vulnerable_versions: '<1.4.0',
1229 silly audit report       cwe: [Array],
1229 silly audit report       cvss: [Object]
1229 silly audit report     },
1229 silly audit report     {
1229 silly audit report       id: 1115612,
1229 silly audit report       url: 'https://github.com/advisories/GHSA-ppp5-5v6c-4jwp',
1229 silly audit report       title: 'Forge has signature forgery in RSA-PKCS due to ASN.1 extra field  ',
1229 silly audit report       severity: 'high',
1229 silly audit report       vulnerable_versions: '<1.4.0',
1229 silly audit report       cwe: [Array],
1229 silly audit report       cvss: [Object]
1229 silly audit report     }
1229 silly audit report   ],
1229 silly audit report   'nth-check': [
1229 silly audit report     {
1229 silly audit report       id: 1095141,
1229 silly audit report       url: 'https://github.com/advisories/GHSA-rp65-9cf3-cjxr',
1229 silly audit report       title: 'Inefficient Regular Expression Complexity in nth-check',
1229 silly audit report       severity: 'high',
1229 silly audit report       vulnerable_versions: '<2.0.1',
1229 silly audit report       cwe: [Array],
1229 silly audit report       cvss: [Object]
1229 silly audit report     }
1229 silly audit report   ],
1229 silly audit report   'path-to-regexp': [
1229 silly audit report     {
1229 silly audit report       id: 1115527,
1229 silly audit report       url: 'https://github.com/advisories/GHSA-37ch-88jc-xwx2',
1229 silly audit report       title: 'path-to-regexp vulnerable to Regular Expression Denial of Service via multiple route parameters',
1229 silly audit report       severity: 'high',
1229 silly audit report       vulnerable_versions: '<0.1.13',
1229 silly audit report       cwe: [Array],
1229 silly audit report       cvss: [Object]
1229 silly audit report     }
1229 silly audit report   ],
1229 silly audit report   picomatch: [
1229 silly audit report     {
1229 silly audit report       id: 1115549,
1229 silly audit report       url: 'https://github.com/advisories/GHSA-3v7f-55p6-f55p',
1229 silly audit report       title: 'Picomatch: Method Injection in POSIX Character Classes causes incorrect Glob Matching',
1229 silly audit report       severity: 'moderate',
1229 silly audit report       vulnerable_versions: '<2.3.2',
1229 silly audit report       cwe: [Array],
1229 silly audit report       cvss: [Object]
1229 silly audit report     },
1229 silly audit report     {
1229 silly audit report       id: 1115551,
1229 silly audit report       url: 'https://github.com/advisories/GHSA-3v7f-55p6-f55p',
1229 silly audit report       title: 'Picomatch: Method Injection in POSIX Character Classes causes incorrect Glob Matching',
1229 silly audit report       severity: 'moderate',
1229 silly audit report       vulnerable_versions: '>=4.0.0 <4.0.4',
1229 silly audit report       cwe: [Array],
1229 silly audit report       cvss: [Object]
1229 silly audit report     },
1229 silly audit report     {
1229 silly audit report       id: 1115552,
1229 silly audit report       url: 'https://github.com/advisories/GHSA-c2c7-rcm5-vvqj',
1229 silly audit report       title: 'Picomatch has a ReDoS vulnerability via extglob quantifiers',
1229 silly audit report       severity: 'high',
1229 silly audit report       vulnerable_versions: '<2.3.2',
1229 silly audit report       cwe: [Array],
1229 silly audit report       cvss: [Object]
1229 silly audit report     },
1229 silly audit report     {
1229 silly audit report       id: 1115554,
1229 silly audit report       url: 'https://github.com/advisories/GHSA-c2c7-rcm5-vvqj',
1229 silly audit report       title: 'Picomatch has a ReDoS vulnerability via extglob quantifiers',
1229 silly audit report       severity: 'high',
1229 silly audit report       vulnerable_versions: '>=4.0.0 <4.0.4',
1229 silly audit report       cwe: [Array],
1229 silly audit report       cvss: [Object]
1229 silly audit report     }
1229 silly audit report   ],
1229 silly audit report   postcss: [
1229 silly audit report     {
1229 silly audit report       id: 1109574,
1229 silly audit report       url: 'https://github.com/advisories/GHSA-7fh5-64p2-3v2j',
1229 silly audit report       title: 'PostCSS line return parsing error',
1229 silly audit report       severity: 'moderate',
1229 silly audit report       vulnerable_versions: '<8.4.31',
1229 silly audit report       cwe: [Array],
1229 silly audit report       cvss: [Object]
1229 silly audit report     },
1229 silly audit report     {
1229 silly audit report       id: 1117015,
1229 silly audit report       url: 'https://github.com/advisories/GHSA-qx2v-qp2m-jg93',
1229 silly audit report       title: 'PostCSS has XSS via Unescaped </style> in its CSS Stringify Output',
1229 silly audit report       severity: 'moderate',
1229 silly audit report       vulnerable_versions: '<8.5.10',
1229 silly audit report       cwe: [Array],
1229 silly audit report       cvss: [Object]
1229 silly audit report     }
1229 silly audit report   ],
1229 silly audit report   svgo: [
1229 silly audit report     {
1229 silly audit report       id: 1114152,
1229 silly audit report       url: 'https://github.com/advisories/GHSA-xpqw-6gx7-v673',
1229 silly audit report       title: 'SVGO DoS through entity expansion in DOCTYPE (Billion Laughs)',
1229 silly audit report       severity: 'high',
1229 silly audit report       vulnerable_versions: '>=2.1.0 <2.8.1',
1229 silly audit report       cwe: [Array],
1229 silly audit report       cvss: [Object]
1229 silly audit report     }
1229 silly audit report   ],
1229 silly audit report   qs: [
1229 silly audit report     {
1229 silly audit report       id: 1119502,
1229 silly audit report       url: 'https://github.com/advisories/GHSA-q8mj-m7cp-5q26',
1229 silly audit report       title: 'qs has a remotely triggerable DoS: qs.stringify crashes with TypeError on null/undefined entries in comma-format arrays when encodeValuesOnly is set',
1229 silly audit report       severity: 'moderate',
1229 silly audit report       vulnerable_versions: '>=6.11.1 <=6.15.1',
1229 silly audit report       cwe: [Array],
1229 silly audit report       cvss: [Object]
1229 silly audit report     },
1229 silly audit report     {
1229 silly audit report       id: 1113161,
1229 silly audit report       url: 'https://github.com/advisories/GHSA-w7fw-mjwx-w883',
1229 silly audit report       title: "qs's arrayLimit bypass in comma parsing allows denial of service",
1229 silly audit report       severity: 'low',
1229 silly audit report       vulnerable_versions: '>=6.7.0 <=6.14.1',
1229 silly audit report       cwe: [Array],
1229 silly audit report       cvss: [Object]
1229 silly audit report     }
1229 silly audit report   ],
1229 silly audit report   rollup: [
1229 silly audit report     {
1229 silly audit report       id: 1113517,
1229 silly audit report       url: 'https://github.com/advisories/GHSA-mw96-cpmx-2vgc',
1229 silly audit report       title: 'Rollup 4 has Arbitrary File Write via Path Traversal',
1229 silly audit report       severity: 'high',
1229 silly audit report       vulnerable_versions: '<2.80.0',
1229 silly audit report       cwe: [Array],
1229 silly audit report       cvss: [Object]
1229 silly audit report     }
1229 silly audit report   ],
1229 silly audit report   'serialize-javascript': [
1229 silly audit report     {
1229 silly audit report       id: 1119440,
1229 silly audit report       url: 'https://github.com/advisories/GHSA-qj8w-gfj5-8c6v',
1229 silly audit report       title: 'Serialize JavaScript has CPU Exhaustion Denial of Service via crafted array-like objects',
1229 silly audit report       severity: 'moderate',
1229 silly audit report       vulnerable_versions: '>=5.0.0 <7.0.5',
1229 silly audit report       cwe: [Array],
1229 silly audit report       cvss: [Object]
1229 silly audit report     },
1229 silly audit report     {
1229 silly audit report       id: 1113686,
1229 silly audit report       url: 'https://github.com/advisories/GHSA-5c6j-r48x-rmvq',
1229 silly audit report       title: 'Serialize JavaScript is Vulnerable to RCE via RegExp.flags and Date.prototype.toISOString()',
1229 silly audit report       severity: 'high',
1229 silly audit report       vulnerable_versions: '<=7.0.2',
1229 silly audit report       cwe: [Array],
1229 silly audit report       cvss: [Object]
1229 silly audit report     }
1229 silly audit report   ],
1229 silly audit report   yaml: [
1229 silly audit report     {
1229 silly audit report       id: 1115555,
1229 silly audit report       url: 'https://github.com/advisories/GHSA-48c2-rrv3-qjmp',
1229 silly audit report       title: 'yaml is vulnerable to Stack Overflow via deeply nested YAML collections',
1229 silly audit report       severity: 'moderate',
1229 silly audit report       vulnerable_versions: '>=1.0.0 <1.10.3',
1229 silly audit report       cwe: [Array],
1229 silly audit report       cvss: [Object]
1229 silly audit report     },
1229 silly audit report     {
1229 silly audit report       id: 1115556,
1229 silly audit report       url: 'https://github.com/advisories/GHSA-48c2-rrv3-qjmp',
1229 silly audit report       title: 'yaml is vulnerable to Stack Overflow via deeply nested YAML collections',
1229 silly audit report       severity: 'moderate',
1229 silly audit report       vulnerable_versions: '>=2.0.0 <2.8.3',
1229 silly audit report       cwe: [Array],
1229 silly audit report       cvss: [Object]
1229 silly audit report     }
1229 silly audit report   ],
1229 silly audit report   underscore: [
1229 silly audit report     {
1229 silly audit report       id: 1117689,
1229 silly audit report       url: 'https://github.com/advisories/GHSA-qpx9-hpmf-5gmw',
1229 silly audit report       title: 'Underscore has unlimited recursion in _.flatten and _.isEqual, potential for DoS attack',
1229 silly audit report       severity: 'high',
1229 silly audit report       vulnerable_versions: '<=1.13.7',
1229 silly audit report       cwe: [Array],
1229 silly audit report       cvss: [Object]
1229 silly audit report     }
1229 silly audit report   ],
1229 silly audit report   uuid: [
1229 silly audit report     {
1229 silly audit report       id: 1119441,
1229 silly audit report       url: 'https://github.com/advisories/GHSA-w5hq-g745-h8pq',
1229 silly audit report       title: 'uuid: Missing buffer bounds check in v3/v5/v6 when buf is provided',
1229 silly audit report       severity: 'moderate',
1229 silly audit report       vulnerable_versions: '<11.1.1',
1229 silly audit report       cwe: [Array],
1229 silly audit report       cvss: [Object]
1229 silly audit report     }
1229 silly audit report   ],
1229 silly audit report   'webpack-dev-server': [
1229 silly audit report     {
1229 silly audit report       id: 1108429,
1229 silly audit report       url: 'https://github.com/advisories/GHSA-9jgg-88mc-972h',
1229 silly audit report       title: "webpack-dev-server users' source code may be stolen when they access a malicious web site with non-Chromium based browser",
1229 silly audit report       severity: 'moderate',
1229 silly audit report       vulnerable_versions: '<=5.2.0',
1229 silly audit report       cwe: [Array],
1229 silly audit report       cvss: [Object]
1229 silly audit report     },
1229 silly audit report     {
1229 silly audit report       id: 1108430,
1229 silly audit report       url: 'https://github.com/advisories/GHSA-4v9v-hfq4-rm2v',
1229 silly audit report       title: "webpack-dev-server users' source code may be stolen when they access a malicious web site",
1229 silly audit report       severity: 'moderate',
1229 silly audit report       vulnerable_versions: '<=5.2.0',
1229 silly audit report       cwe: [Array],
1229 silly audit report       cvss: [Object]
1229 silly audit report     },
1229 silly audit report     {
1229 silly audit report       id: 1119074,
1229 silly audit report       url: 'https://github.com/advisories/GHSA-79cf-xcqc-c78w',
1229 silly audit report       title: 'webpack-dev-server vulnerable to cross-origin source code exposure on non-HTTPS origins',
1229 silly audit report       severity: 'moderate',
1229 silly audit report       vulnerable_versions: '<=5.2.3',
1229 silly audit report       cwe: [Array],
1229 silly audit report       cvss: [Object]
1229 silly audit report     }
1229 silly audit report   ],
1229 silly audit report   ws: [
1229 silly audit report     {
1229 silly audit report       id: 1119108,
1229 silly audit report       url: 'https://github.com/advisories/GHSA-58qx-3vcg-4xpx',
1229 silly audit report       title: 'ws: Uninitialized memory disclosure',
1229 silly audit report       severity: 'moderate',
1229 silly audit report       vulnerable_versions: '>=8.0.0 <8.20.1',
1229 silly audit report       cwe: [Array],
1229 silly audit report       cvss: [Object]
1229 silly audit report     }
1229 silly audit report   ]
1229 silly audit report }
1230 silly packumentCache corgi:https://registry.npmjs.org/@babel%2fplugin-transform-modules-systemjs cache-miss
1231 silly packumentCache corgi:https://registry.npmjs.org/@tootallnate%2fonce cache-miss
1232 silly packumentCache corgi:https://registry.npmjs.org/ajv cache-miss
1233 silly packumentCache corgi:https://registry.npmjs.org/axios cache-miss
1234 silly packumentCache corgi:https://registry.npmjs.org/brace-expansion cache-miss
1235 silly packumentCache corgi:https://registry.npmjs.org/fast-uri cache-miss
1236 silly packumentCache corgi:https://registry.npmjs.org/minimatch cache-miss
1237 silly packumentCache corgi:https://registry.npmjs.org/flatted cache-miss
1238 silly packumentCache corgi:https://registry.npmjs.org/follow-redirects cache-miss
1239 silly packumentCache corgi:https://registry.npmjs.org/jsonpath cache-miss
1240 silly packumentCache corgi:https://registry.npmjs.org/lodash cache-miss
1241 silly packumentCache corgi:https://registry.npmjs.org/node-forge cache-miss
1242 silly packumentCache corgi:https://registry.npmjs.org/nth-check cache-miss
1243 silly packumentCache corgi:https://registry.npmjs.org/path-to-regexp cache-miss
1244 silly packumentCache corgi:https://registry.npmjs.org/picomatch cache-miss
1245 silly packumentCache corgi:https://registry.npmjs.org/postcss cache-miss
1246 silly packumentCache corgi:https://registry.npmjs.org/svgo cache-miss
1247 silly packumentCache corgi:https://registry.npmjs.org/qs cache-miss
1248 silly packumentCache corgi:https://registry.npmjs.org/rollup cache-miss
1249 silly packumentCache corgi:https://registry.npmjs.org/serialize-javascript cache-miss
1250 silly packumentCache corgi:https://registry.npmjs.org/yaml cache-miss
1251 silly packumentCache corgi:https://registry.npmjs.org/underscore cache-miss
1252 silly packumentCache corgi:https://registry.npmjs.org/uuid cache-miss
1253 silly packumentCache corgi:https://registry.npmjs.org/webpack-dev-server cache-miss
1254 silly packumentCache corgi:https://registry.npmjs.org/ws cache-miss
1255 http fetch GET 200 https://registry.npmjs.org/error-ex/-/error-ex-1.3.4.tgz 2990ms (cache miss)
1256 http fetch GET 200 https://registry.npmjs.org/eslint-config-react-app/-/eslint-config-react-app-7.0.1.tgz 3128ms (cache miss)
1257 http fetch GET 200 https://registry.npmjs.org/eslint-import-resolver-node/-/eslint-import-resolver-node-0.3.9.tgz 3267ms (cache miss)
1258 http fetch GET 200 https://registry.npmjs.org/encodeurl/-/encodeurl-2.0.0.tgz 3253ms (cache miss)
1259 http fetch GET 200 https://registry.npmjs.org/ee-first/-/ee-first-1.1.1.tgz 3550ms (cache miss)
1260 http fetch GET 200 https://registry.npmjs.org/es-array-method-boxes-properly/-/es-array-method-boxes-properly-1.0.0.tgz 3598ms (cache miss)
1261 http fetch GET 200 https://registry.npmjs.org/dlv/-/dlv-1.1.3.tgz 4175ms (cache miss)
1262 http fetch GET 200 https://registry.npmjs.org/duplexer/-/duplexer-0.1.2.tgz 4378ms (cache miss)
1263 http fetch GET 200 https://registry.npmjs.org/diff-sequences/-/diff-sequences-27.5.1.tgz 4395ms (cache miss)
1264 http fetch GET 200 https://registry.npmjs.org/es-set-tostringtag/-/es-set-tostringtag-2.1.0.tgz 4483ms (cache miss)
1265 http fetch GET 200 https://registry.npmjs.org/dir-glob/-/dir-glob-3.0.1.tgz 4486ms (cache miss)
1266 http fetch GET 200 https://registry.npmjs.org/delayed-stream/-/delayed-stream-1.0.0.tgz 4491ms (cache miss)
1267 http fetch GET 200 https://registry.npmjs.org/escodegen/-/escodegen-2.1.0.tgz 4590ms (cache miss)
1268 http fetch GET 200 https://registry.npmjs.org/emojis-list/-/emojis-list-3.0.0.tgz 4573ms (cache miss)
1269 http fetch GET 200 https://registry.npmjs.org/dedent/-/dedent-0.7.0.tgz 4715ms (cache miss)
1270 http fetch GET 200 https://registry.npmjs.org/detect-newline/-/detect-newline-3.1.0.tgz 4801ms (cache miss)
1271 http fetch GET 200 https://registry.npmjs.org/emittery/-/emittery-0.8.1.tgz 4886ms (cache miss)
1272 http fetch GET 200 https://registry.npmjs.org/escalade/-/escalade-3.2.0.tgz 4918ms (cache miss)
1273 http fetch GET 200 https://registry.npmjs.org/dotenv-expand/-/dotenv-expand-5.1.0.tgz 4899ms (cache miss)
1274 http fetch GET 200 https://registry.npmjs.org/didyoumean/-/didyoumean-1.2.2.tgz 4899ms (cache miss)
1275 http fetch GET 200 https://registry.npmjs.org/define-lazy-prop/-/define-lazy-prop-2.0.0.tgz 4895ms (cache miss)
1276 http fetch GET 200 https://registry.npmjs.org/destroy/-/destroy-1.2.0.tgz 4998ms (cache miss)
1277 http fetch GET 200 https://registry.npmjs.org/css.escape/-/css.escape-1.5.1.tgz 4992ms (cache miss)
1278 http fetch GET 200 https://registry.npmjs.org/error-stack-parser/-/error-stack-parser-2.1.4.tgz 5111ms (cache miss)
1279 http fetch GET 200 https://registry.npmjs.org/detect-node/-/detect-node-2.1.0.tgz 5166ms (cache miss)
1280 http fetch GET 200 https://registry.npmjs.org/data-urls/-/data-urls-2.0.0.tgz 5186ms (cache miss)
1281 http fetch GET 200 https://registry.npmjs.org/cookie-signature/-/cookie-signature-1.0.7.tgz 5253ms (cache miss)
1282 http fetch GET 200 https://registry.npmjs.org/es-shim-unscopables/-/es-shim-unscopables-1.1.0.tgz 5359ms (cache miss)
1283 http fetch GET 200 https://registry.npmjs.org/core-util-is/-/core-util-is-1.0.3.tgz 5367ms (cache miss)
1284 http fetch GET 200 https://registry.npmjs.org/dom-converter/-/dom-converter-0.2.0.tgz 5439ms (cache miss)
1285 http fetch GET 200 https://registry.npmjs.org/css-minimizer-webpack-plugin/-/css-minimizer-webpack-plugin-3.4.1.tgz 5429ms (cache miss)
1286 http fetch GET 200 https://registry.npmjs.org/convert-source-map/-/convert-source-map-2.0.0.tgz 5423ms (cache miss)
1287 http fetch GET 200 https://registry.npmjs.org/es-define-property/-/es-define-property-1.0.1.tgz 5514ms (cache miss)
1288 http fetch GET 200 https://registry.npmjs.org/crypto-random-string/-/crypto-random-string-2.0.0.tgz 5519ms (cache miss)
1289 http fetch GET 200 https://registry.npmjs.org/confusing-browser-globals/-/confusing-browser-globals-1.0.11.tgz 5511ms (cache miss)
1290 http fetch GET 200 https://registry.npmjs.org/concat-map/-/concat-map-0.0.1.tgz 5512ms (cache miss)
1291 http fetch GET 200 https://registry.npmjs.org/depd/-/depd-2.0.0.tgz 5583ms (cache miss)
1292 http fetch GET 200 https://registry.npmjs.org/combined-stream/-/combined-stream-1.0.8.tgz 5670ms (cache miss)
1293 http fetch GET 200 https://registry.npmjs.org/collect-v8-coverage/-/collect-v8-coverage-1.0.3.tgz 5664ms (cache miss)
1294 http fetch GET 200 https://registry.npmjs.org/connect-history-api-fallback/-/connect-history-api-fallback-2.0.0.tgz 5741ms (cache miss)
1295 http fetch GET 200 https://registry.npmjs.org/compressible/-/compressible-2.0.18.tgz 5739ms (cache miss)
1296 http fetch GET 200 https://registry.npmjs.org/cookie/-/cookie-0.7.2.tgz 5793ms (cache miss)
1297 http fetch GET 200 https://registry.npmjs.org/content-type/-/content-type-1.0.5.tgz 5847ms (cache miss)
1298 http fetch GET 200 https://registry.npmjs.org/domexception/-/domexception-2.0.1.tgz 5939ms (cache miss)
1299 http fetch GET 200 https://registry.npmjs.org/color-name/-/color-name-1.1.4.tgz 5888ms (cache miss)
1300 http fetch GET 200 https://registry.npmjs.org/compression/-/compression-1.8.1.tgz 5943ms (cache miss)
1301 http fetch GET 200 https://registry.npmjs.org/content-disposition/-/content-disposition-0.5.4.tgz 5957ms (cache miss)
1302 http fetch GET 200 https://registry.npmjs.org/char-regex/-/char-regex-1.0.2.tgz 6125ms (cache miss)
1303 http fetch GET 200 https://registry.npmjs.org/co/-/co-4.6.0.tgz 6134ms (cache miss)
1304 http fetch GET 200 https://registry.npmjs.org/camelcase-css/-/camelcase-css-2.0.1.tgz 6121ms (cache miss)
1305 http fetch GET 200 https://registry.npmjs.org/camelcase/-/camelcase-6.3.0.tgz 6121ms (cache miss)
1306 http fetch GET 200 https://registry.npmjs.org/callsites/-/callsites-3.1.0.tgz 6120ms (cache miss)
1307 warn deprecated domexception@2.0.1: Use your platform's native DOMException instead
1308 http fetch GET 200 https://registry.npmjs.org/damerau-levenshtein/-/damerau-levenshtein-1.0.8.tgz 6663ms (cache miss)
1309 http fetch GET 200 https://registry.npmjs.org/builtin-modules/-/builtin-modules-3.3.0.tgz 6804ms (cache miss)
1310 http fetch GET 200 https://registry.npmjs.org/colorette/-/colorette-2.0.20.tgz 7051ms (cache miss)
1311 http fetch GET 200 https://registry.npmjs.org/brace-expansion/-/brace-expansion-1.1.12.tgz 7025ms (cache miss)
1312 http fetch GET 200 https://registry.npmjs.org/boolbase/-/boolbase-1.0.0.tgz 7027ms (cache miss)
1313 http fetch GET 200 https://registry.npmjs.org/browser-process-hrtime/-/browser-process-hrtime-1.0.0.tgz 7033ms (cache miss)
1314 http fetch GET 200 https://registry.npmjs.org/bser/-/bser-2.1.1.tgz 7038ms (cache miss)
1315 http fetch GET 200 https://registry.npmjs.org/cssnano-preset-default/-/cssnano-preset-default-5.2.14.tgz 7163ms (cache miss)
1316 http fetch GET 200 https://registry.npmjs.org/chrome-trace-event/-/chrome-trace-event-1.0.4.tgz 7161ms (cache miss)
1317 http fetch GET 200 https://registry.npmjs.org/define-properties/-/define-properties-1.2.1.tgz 7658ms (cache miss)
1318 http fetch GET 200 https://registry.npmjs.org/cssesc/-/cssesc-3.0.0.tgz 7726ms (cache miss)
1319 http fetch GET 200 https://registry.npmjs.org/buffer-from/-/buffer-from-1.1.2.tgz 7691ms (cache miss)
1320 http fetch GET 200 https://registry.npmjs.org/balanced-match/-/balanced-match-1.0.2.tgz 7689ms (cache miss)
1321 http fetch GET 200 https://registry.npmjs.org/batch/-/batch-0.6.1.tgz 7730ms (cache miss)
1322 http fetch GET 200 https://registry.npmjs.org/commondir/-/commondir-1.0.1.tgz 7800ms (cache miss)
1323 http fetch GET 200 https://registry.npmjs.org/deep-is/-/deep-is-0.1.4.tgz 7863ms (cache miss)
1324 http fetch GET 200 https://registry.npmjs.org/case-sensitive-paths-webpack-plugin/-/case-sensitive-paths-webpack-plugin-2.4.0.tgz 7853ms (cache miss)
1325 http fetch GET 200 https://registry.npmjs.org/binary-extensions/-/binary-extensions-2.3.0.tgz 7838ms (cache miss)
1326 http fetch GET 200 https://registry.npmjs.org/babel-plugin-polyfill-regenerator/-/babel-plugin-polyfill-regenerator-0.6.5.tgz 7838ms (cache miss)
1327 http fetch GET 200 https://registry.npmjs.org/babel-plugin-named-asset-import/-/babel-plugin-named-asset-import-0.3.8.tgz 7855ms (cache miss)
1328 http fetch GET 200 https://registry.npmjs.org/babel-plugin-jest-hoist/-/babel-plugin-jest-hoist-27.5.1.tgz 7856ms (cache miss)
1329 http fetch GET 200 https://registry.npmjs.org/domhandler/-/domhandler-4.3.1.tgz 8022ms (cache miss)
1330 http fetch GET 200 https://registry.npmjs.org/dns-packet/-/dns-packet-5.6.1.tgz 8020ms (cache miss)
1331 http fetch GET 200 https://registry.npmjs.org/bytes/-/bytes-3.1.2.tgz 7974ms (cache miss)
1332 http fetch GET 200 https://registry.npmjs.org/babel-jest/-/babel-jest-27.5.1.tgz 7954ms (cache miss)
1333 http fetch GET 200 https://registry.npmjs.org/css-select-base-adapter/-/css-select-base-adapter-0.1.1.tgz 8024ms (cache miss)
1334 http fetch GET 200 https://registry.npmjs.org/es-module-lexer/-/es-module-lexer-2.0.0.tgz 8079ms (cache miss)
1335 http fetch GET 200 https://registry.npmjs.org/domelementtype/-/domelementtype-2.3.0.tgz 8061ms (cache miss)
1336 http fetch GET 200 https://registry.npmjs.org/dotenv/-/dotenv-10.0.0.tgz 8089ms (cache miss)
1337 http fetch GET 200 https://registry.npmjs.org/babel-preset-jest/-/babel-preset-jest-27.5.1.tgz 8063ms (cache miss)
1338 http fetch GET 200 https://registry.npmjs.org/babel-preset-current-node-syntax/-/babel-preset-current-node-syntax-1.2.0.tgz 8075ms (cache miss)
1339 http fetch GET 200 https://registry.npmjs.org/at-least-node/-/at-least-node-1.0.0.tgz 8063ms (cache miss)
1340 http fetch GET 200 https://registry.npmjs.org/async-function/-/async-function-1.0.0.tgz 8059ms (cache miss)
1341 http fetch GET 200 https://registry.npmjs.org/asynckit/-/asynckit-0.4.0.tgz 8060ms (cache miss)
1342 http fetch GET 200 https://registry.npmjs.org/es-object-atoms/-/es-object-atoms-1.1.1.tgz 8195ms (cache miss)
1343 http fetch GET 200 https://registry.npmjs.org/asap/-/asap-2.0.6.tgz 8061ms (cache miss)
1344 http fetch GET 200 https://registry.npmjs.org/ast-types-flow/-/ast-types-flow-0.0.8.tgz 8067ms (cache miss)
1345 http fetch GET 200 https://registry.npmjs.org/color-convert/-/color-convert-2.0.1.tgz 8132ms (cache miss)
1346 http fetch GET 200 https://registry.npmjs.org/caniuse-api/-/caniuse-api-3.0.0.tgz 8118ms (cache miss)
1347 http fetch GET 200 https://registry.npmjs.org/check-types/-/check-types-11.2.3.tgz 8420ms (cache miss)
1348 http fetch GET 200 https://registry.npmjs.org/array.prototype.tosorted/-/array.prototype.tosorted-1.1.4.tgz 8475ms (cache miss)
1349 http fetch GET 200 https://registry.npmjs.org/array.prototype.reduce/-/array.prototype.reduce-1.0.8.tgz 8476ms (cache miss)
1350 http fetch GET 200 https://registry.npmjs.org/arraybuffer.prototype.slice/-/arraybuffer.prototype.slice-1.0.4.tgz 8477ms (cache miss)
1351 http fetch GET 200 https://registry.npmjs.org/array.prototype.flatmap/-/array.prototype.flatmap-1.3.3.tgz 8492ms (cache miss)
1352 http fetch GET 200 https://registry.npmjs.org/array.prototype.flat/-/array.prototype.flat-1.3.3.tgz 8552ms (cache miss)
1353 http fetch GET 200 https://registry.npmjs.org/array-union/-/array-union-2.1.0.tgz 8553ms (cache miss)
1354 http fetch GET 200 https://registry.npmjs.org/array.prototype.findlast/-/array.prototype.findlast-1.2.5.tgz 8552ms (cache miss)
1355 http fetch GET 200 https://registry.npmjs.org/array-includes/-/array-includes-3.1.9.tgz 8596ms (cache miss)
1356 http fetch GET 200 https://registry.npmjs.org/array-flatten/-/array-flatten-1.1.1.tgz 8596ms (cache miss)
1357 http fetch GET 200 https://registry.npmjs.org/anymatch/-/anymatch-3.1.3.tgz 8657ms (cache miss)
1358 http fetch GET 200 https://registry.npmjs.org/arg/-/arg-5.0.2.tgz 8659ms (cache miss)
1359 http fetch GET 200 https://registry.npmjs.org/ci-info/-/ci-info-3.9.0.tgz 8826ms (cache miss)
1360 http fetch GET 200 https://registry.npmjs.org/cross-spawn/-/cross-spawn-7.0.6.tgz 8884ms (cache miss)
1361 http fetch GET 200 https://registry.npmjs.org/any-promise/-/any-promise-1.3.0.tgz 8797ms (cache miss)
1362 http fetch GET 200 https://registry.npmjs.org/decimal.js/-/decimal.js-10.6.0.tgz 8991ms (cache miss)
1363 http fetch GET 200 https://registry.npmjs.org/cssnano/-/cssnano-5.1.15.tgz 9044ms (cache miss)
1364 http fetch GET 200 https://registry.npmjs.org/ansi-escapes/-/ansi-escapes-4.3.2.tgz 8957ms (cache miss)
1365 http fetch GET 200 https://registry.npmjs.org/ansi-regex/-/ansi-regex-5.0.1.tgz 8960ms (cache miss)
1366 http fetch GET 200 https://registry.npmjs.org/ansi-html/-/ansi-html-0.0.9.tgz 8958ms (cache miss)
1367 http fetch GET 200 https://registry.npmjs.org/address/-/address-1.2.2.tgz 8958ms (cache miss)
1368 http fetch GET 200 https://registry.npmjs.org/define-data-property/-/define-data-property-1.1.4.tgz 9092ms (cache miss)
1369 http fetch GET 200 https://registry.npmjs.org/dequal/-/dequal-2.0.3.tgz 9095ms (cache miss)
1370 http fetch GET 200 https://registry.npmjs.org/chalk/-/chalk-4.1.2.tgz 9052ms (cache miss)
1371 http fetch GET 200 https://registry.npmjs.org/babel-plugin-macros/-/babel-plugin-macros-3.1.0.tgz 9056ms (cache miss)
1372 http fetch GET 200 https://registry.npmjs.org/acorn-jsx/-/acorn-jsx-5.3.2.tgz 9035ms (cache miss)
1373 http fetch GET 200 https://registry.npmjs.org/acorn-globals/-/acorn-globals-6.0.0.tgz 9033ms (cache miss)
1374 http fetch GET 200 https://registry.npmjs.org/data-view-byte-offset/-/data-view-byte-offset-1.0.1.tgz 9157ms (cache miss)
1375 http fetch GET 200 https://registry.npmjs.org/doctrine/-/doctrine-3.0.0.tgz 9175ms (cache miss)
1376 http fetch GET 200 https://registry.npmjs.org/cliui/-/cliui-7.0.4.tgz 9117ms (cache miss)
1377 http fetch GET 200 https://registry.npmjs.org/ansi-styles/-/ansi-styles-4.3.0.tgz 9117ms (cache miss)
1378 http fetch GET 200 https://registry.npmjs.org/abab/-/abab-2.0.6.tgz 9105ms (cache miss)
1379 http fetch GET 200 https://registry.npmjs.org/data-view-buffer/-/data-view-buffer-1.0.2.tgz 9232ms (cache miss)
1380 http fetch GET 200 https://registry.npmjs.org/deepmerge/-/deepmerge-4.3.1.tgz 9242ms (cache miss)
1381 http fetch GET 200 https://registry.npmjs.org/cjs-module-lexer/-/cjs-module-lexer-1.4.3.tgz 9245ms (cache miss)
1382 http fetch GET 200 https://registry.npmjs.org/acorn-import-phases/-/acorn-import-phases-1.0.4.tgz 9241ms (cache miss)
1383 http fetch GET 200 https://registry.npmjs.org/@xtuc/ieee754/-/ieee754-1.2.0.tgz 9242ms (cache miss)
1384 http fetch GET 200 https://registry.npmjs.org/@webassemblyjs/ieee754/-/ieee754-1.13.2.tgz 9238ms (cache miss)
1385 http fetch GET 200 https://registry.npmjs.org/@webassemblyjs/helper-wasm-section/-/helper-wasm-section-1.14.1.tgz 9239ms (cache miss)
1386 http fetch GET 200 https://registry.npmjs.org/@webassemblyjs/wasm-opt/-/wasm-opt-1.14.1.tgz 9242ms (cache miss)
1387 http fetch GET 200 https://registry.npmjs.org/@webassemblyjs/utf8/-/utf8-1.13.2.tgz 9245ms (cache miss)
1388 http fetch GET 200 https://registry.npmjs.org/@webassemblyjs/wasm-edit/-/wasm-edit-1.14.1.tgz 9246ms (cache miss)
1389 http fetch GET 200 https://registry.npmjs.org/babel-plugin-istanbul/-/babel-plugin-istanbul-6.1.1.tgz 9334ms (cache miss)
1390 http fetch GET 200 https://registry.npmjs.org/default-gateway/-/default-gateway-6.0.3.tgz 9450ms (cache miss)
1391 http fetch GET 200 https://registry.npmjs.org/big.js/-/big.js-5.2.2.tgz 9394ms (cache miss)
1392 http fetch GET 200 https://registry.npmjs.org/@webassemblyjs/helper-numbers/-/helper-numbers-1.13.2.tgz 9354ms (cache miss)
1393 http fetch GET 200 https://registry.npmjs.org/@webassemblyjs/helper-api-error/-/helper-api-error-1.13.2.tgz 9355ms (cache miss)
1394 http fetch GET 200 https://registry.npmjs.org/@webassemblyjs/helper-buffer/-/helper-buffer-1.14.1.tgz 9357ms (cache miss)
1395 http fetch GET 200 https://registry.npmjs.org/cssnano-utils/-/cssnano-utils-3.1.0.tgz 9480ms (cache miss)
1396 http fetch GET 200 https://registry.npmjs.org/data-view-byte-length/-/data-view-byte-length-1.0.2.tgz 9503ms (cache miss)
1397 http fetch GET 200 https://registry.npmjs.org/@webassemblyjs/floating-point-hex-parser/-/floating-point-hex-parser-1.13.2.tgz 9378ms (cache miss)
1398 http fetch GET 200 https://registry.npmjs.org/@types/trusted-types/-/trusted-types-2.0.7.tgz 9368ms (cache miss)
1399 http fetch GET 200 https://registry.npmjs.org/@ungap/structured-clone/-/structured-clone-1.3.0.tgz 9382ms (cache miss)
1400 http fetch GET 200 https://registry.npmjs.org/@types/serve-static/-/serve-static-1.15.10.tgz 9369ms (cache miss)
1401 http fetch GET 200 https://registry.npmjs.org/@types/stack-utils/-/stack-utils-2.0.3.tgz 9370ms (cache miss)
1402 http fetch GET 200 https://registry.npmjs.org/@types/serve-index/-/serve-index-1.9.4.tgz 9369ms (cache miss)
1403 http fetch GET 200 https://registry.npmjs.org/ansi-html-community/-/ansi-html-community-0.0.8.tgz 9407ms (cache miss)
1404 http fetch GET 200 https://registry.npmjs.org/@webassemblyjs/leb128/-/leb128-1.13.2.tgz 9390ms (cache miss)
1405 http fetch GET 200 https://registry.npmjs.org/dunder-proto/-/dunder-proto-1.0.1.tgz 9543ms (cache miss)
1406 http fetch GET 200 https://registry.npmjs.org/debug/-/debug-4.4.3.tgz 9606ms (cache miss)
1407 http fetch GET 200 https://registry.npmjs.org/accepts/-/accepts-1.3.8.tgz 9618ms (cache miss)
1408 http fetch GET 200 https://registry.npmjs.org/@types/send/-/send-1.2.1.tgz 9598ms (cache miss)
1409 http fetch GET 200 https://registry.npmjs.org/@typescript-eslint/experimental-utils/-/experimental-utils-5.62.0.tgz 9604ms (cache miss)
1410 http fetch GET 200 https://registry.npmjs.org/@types/resolve/-/resolve-1.17.1.tgz 9601ms (cache miss)
1411 http fetch GET 200 https://registry.npmjs.org/@types/semver/-/semver-7.7.1.tgz 9603ms (cache miss)
1412 http fetch GET 200 https://registry.npmjs.org/@types/range-parser/-/range-parser-1.2.7.tgz 9601ms (cache miss)
1413 http fetch GET 200 https://registry.npmjs.org/@types/retry/-/retry-0.12.0.tgz 9620ms (cache miss)
1414 http fetch GET 200 https://registry.npmjs.org/@types/sockjs/-/sockjs-0.3.36.tgz 9668ms (cache miss)
1415 http fetch GET 200 https://registry.npmjs.org/@types/yargs-parser/-/yargs-parser-21.0.3.tgz 9677ms (cache miss)
1416 http fetch GET 200 https://registry.npmjs.org/@typescript-eslint/visitor-keys/-/visitor-keys-5.62.0.tgz 9689ms (cache miss)
1417 http fetch GET 200 https://registry.npmjs.org/@types/prettier/-/prettier-2.7.3.tgz 9796ms (cache miss)
1418 http fetch GET 200 https://registry.npmjs.org/@types/qs/-/qs-6.14.0.tgz 9906ms (cache miss)
1419 http fetch GET 200 https://registry.npmjs.org/@types/parse-json/-/parse-json-4.0.2.tgz 9903ms (cache miss)
1420 http fetch GET 200 https://registry.npmjs.org/@types/http-proxy/-/http-proxy-1.17.17.tgz 9897ms (cache miss)
1421 http fetch GET 200 https://registry.npmjs.org/@types/json-schema/-/json-schema-7.0.15.tgz 9899ms (cache miss)
1422 http fetch GET 200 https://registry.npmjs.org/@types/istanbul-lib-coverage/-/istanbul-lib-coverage-2.0.6.tgz 9907ms (cache miss)
1423 http fetch GET 200 https://registry.npmjs.org/@types/json5/-/json5-0.0.29.tgz 9966ms (cache miss)
1424 http fetch GET 200 https://registry.npmjs.org/@types/q/-/q-1.5.8.tgz 10002ms (cache miss)
1425 http fetch GET 200 https://registry.npmjs.org/@types/estree/-/estree-1.0.8.tgz 9989ms (cache miss)
1426 http fetch GET 200 https://registry.npmjs.org/@types/connect/-/connect-3.4.38.tgz 9984ms (cache miss)
1427 http fetch GET 200 https://registry.npmjs.org/@types/http-errors/-/http-errors-2.0.5.tgz 9994ms (cache miss)
1428 http fetch GET 200 https://registry.npmjs.org/@types/babel__template/-/babel__template-7.4.4.tgz 9982ms (cache miss)
1429 http fetch GET 200 https://registry.npmjs.org/@types/eslint-scope/-/eslint-scope-3.7.7.tgz 9991ms (cache miss)
1430 http fetch GET 200 https://registry.npmjs.org/@types/express/-/express-4.17.25.tgz 9994ms (cache miss)
1431 http fetch GET 200 https://registry.npmjs.org/@types/bonjour/-/bonjour-3.5.13.tgz 9999ms (cache miss)
1432 http fetch GET 200 https://registry.npmjs.org/@types/connect-history-api-fallback/-/connect-history-api-fallback-1.5.4.tgz 10004ms (cache miss)
1433 http fetch GET 200 https://registry.npmjs.org/@types/body-parser/-/body-parser-1.19.6.tgz 10001ms (cache miss)
1434 http fetch GET 200 https://registry.npmjs.org/dot-case/-/dot-case-3.0.4.tgz 10205ms (cache miss)
1435 http fetch GET 200 https://registry.npmjs.org/@webassemblyjs/wast-printer/-/wast-printer-1.14.1.tgz 10079ms (cache miss)
1436 http fetch GET 200 https://registry.npmjs.org/@types/ws/-/ws-8.18.1.tgz 10060ms (cache miss)
1437 http fetch GET 200 https://registry.npmjs.org/electron-to-chromium/-/electron-to-chromium-1.5.267.tgz 10244ms (cache miss)
1438 http fetch GET 200 https://registry.npmjs.org/@types/html-minifier-terser/-/html-minifier-terser-6.1.0.tgz 10059ms (cache miss)
1439 http fetch GET 200 https://registry.npmjs.org/@types/babel__core/-/babel__core-7.20.5.tgz 10047ms (cache miss)
1440 http fetch GET 200 https://registry.npmjs.org/@types/babel__generator/-/babel__generator-7.27.0.tgz 10084ms (cache miss)
1441 http fetch GET 200 https://registry.npmjs.org/emoji-regex/-/emoji-regex-9.2.2.tgz 10310ms (cache miss)
1442 http fetch GET 200 https://registry.npmjs.org/@types/node-forge/-/node-forge-1.3.14.tgz 10137ms (cache miss)
1443 http fetch GET 200 https://registry.npmjs.org/@types/istanbul-lib-report/-/istanbul-lib-report-3.0.3.tgz 10134ms (cache miss)
1444 http fetch GET 200 https://registry.npmjs.org/@types/istanbul-reports/-/istanbul-reports-3.0.4.tgz 10137ms (cache miss)
1445 http fetch GET 200 https://registry.npmjs.org/@tootallnate/once/-/once-1.1.2.tgz 10121ms (cache miss)
1446 http fetch GET 200 https://registry.npmjs.org/@types/aria-query/-/aria-query-5.0.4.tgz 10125ms (cache miss)
1447 http fetch GET 200 https://registry.npmjs.org/@types/mime/-/mime-1.3.5.tgz 10144ms (cache miss)
1448 http fetch GET 200 https://registry.npmjs.org/cssdb/-/cssdb-7.11.2.tgz 10318ms (cache miss)
1449 http fetch GET 200 https://registry.npmjs.org/css-declaration-sorter/-/css-declaration-sorter-6.4.1.tgz 10465ms (cache miss)
1450 http fetch GET 200 https://registry.npmjs.org/@types/express-serve-static-core/-/express-serve-static-core-5.1.0.tgz 10321ms (cache miss)
1451 http fetch GET 200 https://registry.npmjs.org/@svgr/babel-plugin-transform-svg-component/-/babel-plugin-transform-svg-component-5.5.0.tgz 10296ms (cache miss)
1452 http fetch GET 200 https://registry.npmjs.org/@svgr/babel-preset/-/babel-preset-5.5.0.tgz 10298ms (cache miss)
1453 http fetch GET 200 https://registry.npmjs.org/chokidar/-/chokidar-3.6.0.tgz 10556ms (cache miss)
1454 http fetch GET 200 https://registry.npmjs.org/babel-preset-react-app/-/babel-preset-react-app-10.1.0.tgz 10536ms (cache miss)
1455 http fetch GET 200 https://registry.npmjs.org/es-errors/-/es-errors-1.3.0.tgz 10656ms (cache miss)
1456 http fetch GET 200 https://registry.npmjs.org/@webassemblyjs/helper-wasm-bytecode/-/helper-wasm-bytecode-1.13.2.tgz 10489ms (cache miss)
1457 http fetch GET 200 https://registry.npmjs.org/call-bound/-/call-bound-1.0.4.tgz 10611ms (cache miss)
1458 http fetch GET 200 https://registry.npmjs.org/@svgr/plugin-jsx/-/plugin-jsx-5.5.0.tgz 10488ms (cache miss)
1459 http fetch GET 200 https://registry.npmjs.org/@svgr/babel-plugin-svg-em-dimensions/-/babel-plugin-svg-em-dimensions-5.4.0.tgz 10491ms (cache miss)
1460 http fetch GET 200 https://registry.npmjs.org/@types/babel__traverse/-/babel__traverse-7.28.0.tgz 10509ms (cache miss)
1461 http fetch GET 200 https://registry.npmjs.org/@svgr/webpack/-/webpack-5.5.0.tgz 10564ms (cache miss)
1462 http fetch GET 200 https://registry.npmjs.org/@trysound/sax/-/sax-0.2.0.tgz 10590ms (cache miss)
1463 http fetch GET 200 https://registry.npmjs.org/@types/yargs/-/yargs-16.0.11.tgz 10643ms (cache miss)
1464 warn deprecated abab@2.0.6: Use your platform's native atob() and btoa() methods instead
1465 http fetch GET 200 https://registry.npmjs.org/ejs/-/ejs-3.1.10.tgz 10846ms (cache miss)
1466 http fetch GET 200 https://registry.npmjs.org/@svgr/babel-plugin-remove-jsx-empty-expression/-/babel-plugin-remove-jsx-empty-expression-5.0.1.tgz 10661ms (cache miss)
1467 http fetch GET 200 https://registry.npmjs.org/@svgr/babel-plugin-replace-jsx-attribute-value/-/babel-plugin-replace-jsx-attribute-value-5.0.1.tgz 10663ms (cache miss)
1468 http fetch GET 200 https://registry.npmjs.org/babel-loader/-/babel-loader-8.4.1.tgz 10777ms (cache miss)
1469 http fetch GET 200 https://registry.npmjs.org/@svgr/babel-plugin-transform-react-native-svg/-/babel-plugin-transform-react-native-svg-5.4.0.tgz 11020ms (cache miss)
1470 http fetch GET 200 https://registry.npmjs.org/@types/graceful-fs/-/graceful-fs-4.1.9.tgz 11019ms (cache miss)
1471 http fetch GET 200 https://registry.npmjs.org/@rollup/pluginutils/-/pluginutils-3.1.0.tgz 11016ms (cache miss)
1472 http fetch GET 200 https://registry.npmjs.org/@svgr/babel-plugin-svg-dynamic-title/-/babel-plugin-svg-dynamic-title-5.4.0.tgz 11023ms (cache miss)
1473 http fetch GET 200 https://registry.npmjs.org/babel-plugin-polyfill-corejs2/-/babel-plugin-polyfill-corejs2-0.4.14.tgz 11156ms (cache miss)
1474 http fetch GET 200 https://registry.npmjs.org/dom-serializer/-/dom-serializer-1.4.1.tgz 11283ms (cache miss)
1475 http fetch GET 200 https://registry.npmjs.org/call-bind/-/call-bind-1.0.8.tgz 11253ms (cache miss)
1476 http fetch GET 200 https://registry.npmjs.org/body-parser/-/body-parser-1.20.4.tgz 11248ms (cache miss)
1477 http fetch GET 200 https://registry.npmjs.org/@webassemblyjs/wasm-gen/-/wasm-gen-1.14.1.tgz 11209ms (cache miss)
1478 http fetch GET 200 https://registry.npmjs.org/@svgr/babel-plugin-remove-jsx-attribute/-/babel-plugin-remove-jsx-attribute-5.4.0.tgz 11177ms (cache miss)
1479 http fetch GET 200 https://registry.npmjs.org/@nodelib/fs.scandir/-/fs.scandir-2.1.5.tgz 11173ms (cache miss)
1480 http fetch GET 200 https://registry.npmjs.org/@svgr/plugin-svgo/-/plugin-svgo-5.5.0.tgz 11178ms (cache miss)
1481 http fetch GET 200 https://registry.npmjs.org/entities/-/entities-2.2.0.tgz 11497ms (cache miss)
1482 http fetch GET 200 https://registry.npmjs.org/@rtsao/scc/-/scc-1.1.0.tgz 11280ms (cache miss)
1483 http fetch GET 200 https://registry.npmjs.org/browserslist/-/browserslist-4.28.1.tgz 11439ms (cache miss)
1484 http fetch GET 200 https://registry.npmjs.org/@svgr/babel-plugin-add-jsx-attribute/-/babel-plugin-add-jsx-attribute-5.4.0.tgz 11315ms (cache miss)
1485 http fetch GET 200 https://registry.npmjs.org/detect-port-alt/-/detect-port-alt-1.1.6.tgz 11520ms (cache miss)
1486 http fetch GET 200 https://registry.npmjs.org/available-typed-arrays/-/available-typed-arrays-1.0.7.tgz 11438ms (cache miss)
1487 http fetch GET 200 https://registry.npmjs.org/@leichtgewicht/ip-codec/-/ip-codec-2.0.5.tgz 11329ms (cache miss)
1488 http fetch GET 200 https://registry.npmjs.org/@jridgewell/source-map/-/source-map-0.3.11.tgz 11328ms (cache miss)
1489 http fetch GET 200 https://registry.npmjs.org/@rollup/plugin-babel/-/plugin-babel-5.3.1.tgz 11333ms (cache miss)
1490 http fetch GET 200 https://registry.npmjs.org/@jest/types/-/types-27.5.1.tgz 11326ms (cache miss)
1491 http fetch GET 200 https://registry.npmjs.org/@jest/test-sequencer/-/test-sequencer-27.5.1.tgz 11323ms (cache miss)
1492 http fetch GET 200 https://registry.npmjs.org/@jest/schemas/-/schemas-28.1.3.tgz 11322ms (cache miss)
1493 http fetch GET 200 https://registry.npmjs.org/@jest/test-result/-/test-result-27.5.1.tgz 11323ms (cache miss)
1494 http fetch GET 200 https://registry.npmjs.org/@nodelib/fs.stat/-/fs.stat-2.0.5.tgz 11479ms (cache miss)
1495 http fetch GET 200 https://registry.npmjs.org/@jest/source-map/-/source-map-27.5.1.tgz 11528ms (cache miss)
1496 http fetch GET 200 https://registry.npmjs.org/@eslint/js/-/js-8.57.1.tgz 11603ms (cache miss)
1497 http fetch GET 200 https://registry.npmjs.org/es-to-primitive/-/es-to-primitive-1.3.0.tgz 11871ms (cache miss)
1498 http fetch GET 200 https://registry.npmjs.org/@nicolo-ribaudo/eslint-scope-5-internals/-/eslint-scope-5-internals-5.1.1-v1.tgz 11656ms (cache miss)
1499 http fetch GET 200 https://registry.npmjs.org/acorn-walk/-/acorn-walk-7.2.0.tgz 11814ms (cache miss)
1500 http fetch GET 200 https://registry.npmjs.org/@jest/fake-timers/-/fake-timers-27.5.1.tgz 11775ms (cache miss)
1501 http fetch GET 200 https://registry.npmjs.org/array-buffer-byte-length/-/array-buffer-byte-length-1.0.2.tgz 11879ms (cache miss)
1502 http fetch GET 200 https://registry.npmjs.org/@istanbuljs/load-nyc-config/-/load-nyc-config-1.1.0.tgz 11784ms (cache miss)
1503 http fetch GET 200 https://registry.npmjs.org/@istanbuljs/schema/-/schema-0.1.3.tgz 11785ms (cache miss)
1504 http fetch GET 200 https://registry.npmjs.org/css-has-pseudo/-/css-has-pseudo-3.0.4.tgz 11985ms (cache miss)
1505 http fetch GET 200 https://registry.npmjs.org/baseline-browser-mapping/-/baseline-browser-mapping-2.9.11.tgz 11927ms (cache miss)
1506 http fetch GET 200 https://registry.npmjs.org/agent-base/-/agent-base-6.0.2.tgz 11917ms (cache miss)
1507 http fetch GET 200 https://registry.npmjs.org/@jest/globals/-/globals-27.5.1.tgz 11822ms (cache miss)
1508 http fetch GET 200 https://registry.npmjs.org/css-blank-pseudo/-/css-blank-pseudo-3.0.3.tgz 12015ms (cache miss)
1509 http fetch GET 200 https://registry.npmjs.org/commander/-/commander-8.3.0.tgz 12021ms (cache miss)
1510 http fetch GET 200 https://registry.npmjs.org/braces/-/braces-3.0.3.tgz 12058ms (cache miss)
1511 http fetch GET 200 https://registry.npmjs.org/babel-plugin-transform-react-remove-prop-types/-/babel-plugin-transform-react-remove-prop-types-0.4.24.tgz 12051ms (cache miss)
1512 http fetch GET 200 https://registry.npmjs.org/@csstools/selector-specificity/-/selector-specificity-2.2.0.tgz 11976ms (cache miss)
1513 http fetch GET 200 https://registry.npmjs.org/@jest/environment/-/environment-27.5.1.tgz 12039ms (cache miss)
1514 http fetch GET 200 https://registry.npmjs.org/@jest/console/-/console-27.5.1.tgz 12040ms (cache miss)
1515 http fetch GET 200 https://registry.npmjs.org/@humanwhocodes/module-importer/-/module-importer-1.0.1.tgz 12037ms (cache miss)
1516 http fetch GET 200 https://registry.npmjs.org/@humanwhocodes/config-array/-/config-array-0.13.0.tgz 12327ms (cache miss)
1517 http fetch GET 200 https://registry.npmjs.org/@csstools/postcss-stepped-value-functions/-/postcss-stepped-value-functions-1.0.1.tgz 12386ms (cache miss)
1518 http fetch GET 200 https://registry.npmjs.org/@sinonjs/fake-timers/-/fake-timers-8.1.0.tgz 12544ms (cache miss)
1519 http fetch GET 200 https://registry.npmjs.org/coa/-/coa-2.0.2.tgz 12701ms (cache miss)
1520 http fetch GET 200 https://registry.npmjs.org/camel-case/-/camel-case-4.1.2.tgz 12693ms (cache miss)
1521 http fetch GET 200 https://registry.npmjs.org/@webassemblyjs/wasm-parser/-/wasm-parser-1.14.1.tgz 12691ms (cache miss)
1522 warn deprecated @humanwhocodes/config-array@0.13.0: Use @eslint/config-array instead
1523 http fetch GET 200 https://registry.npmjs.org/@csstools/postcss-ic-unit/-/postcss-ic-unit-1.0.1.tgz 12727ms (cache miss)
1524 http fetch GET 200 https://registry.npmjs.org/@csstools/postcss-cascade-layers/-/postcss-cascade-layers-1.1.1.tgz 12832ms (cache miss)
1525 http fetch GET 200 https://registry.npmjs.org/@csstools/postcss-nested-calc/-/postcss-nested-calc-1.0.0.tgz 12835ms (cache miss)
1526 http fetch GET 200 https://registry.npmjs.org/@csstools/postcss-oklab-function/-/postcss-oklab-function-1.1.1.tgz 12836ms (cache miss)
1527 http fetch GET 200 https://registry.npmjs.org/@csstools/postcss-normalize-display-values/-/postcss-normalize-display-values-1.0.1.tgz 12835ms (cache miss)
1528 http fetch GET 200 https://registry.npmjs.org/@csstools/postcss-is-pseudo-class/-/postcss-is-pseudo-class-2.0.7.tgz 12835ms (cache miss)
1529 http fetch GET 200 https://registry.npmjs.org/@xtuc/long/-/long-4.2.2.tgz 12943ms (cache miss)
1530 http fetch GET 200 https://registry.npmjs.org/@csstools/postcss-unset-value/-/postcss-unset-value-1.0.2.tgz 12990ms (cache miss)
1531 http fetch GET 200 https://registry.npmjs.org/@csstools/postcss-color-function/-/postcss-color-function-1.1.1.tgz 12985ms (cache miss)
1532 http fetch GET 200 https://registry.npmjs.org/@csstools/normalize.css/-/normalize.css-12.1.1.tgz 12986ms (cache miss)
1533 http fetch GET 200 https://registry.npmjs.org/@csstools/postcss-hwb-function/-/postcss-hwb-function-1.0.2.tgz 12989ms (cache miss)
1534 http fetch GET 200 https://registry.npmjs.org/@csstools/postcss-text-decoration-shorthand/-/postcss-text-decoration-shorthand-1.0.0.tgz 13069ms (cache miss)
1535 http fetch GET 200 https://registry.npmjs.org/@babel/preset-react/-/preset-react-7.28.5.tgz 13257ms (cache miss)
1536 http fetch GET 200 https://registry.npmjs.org/@svgr/core/-/core-5.5.0.tgz 13336ms (cache miss)
1537 http fetch GET 200 https://registry.npmjs.org/@babel/plugin-transform-sticky-regex/-/plugin-transform-sticky-regex-7.27.1.tgz 13380ms (cache miss)
1538 http fetch GET 200 https://registry.npmjs.org/@babel/plugin-transform-unicode-sets-regex/-/plugin-transform-unicode-sets-regex-7.27.1.tgz 13957ms (cache miss)
1539 http fetch GET 200 https://registry.npmjs.org/@babel/plugin-transform-unicode-regex/-/plugin-transform-unicode-regex-7.27.1.tgz 13957ms (cache miss)
1540 http fetch GET 200 https://registry.npmjs.org/@babel/plugin-transform-unicode-property-regex/-/plugin-transform-unicode-property-regex-7.27.1.tgz 13960ms (cache miss)
1541 http fetch GET 200 https://registry.npmjs.org/@babel/plugin-transform-unicode-escapes/-/plugin-transform-unicode-escapes-7.27.1.tgz 13997ms (cache miss)
1542 http fetch GET 200 https://registry.npmjs.org/css-prefers-color-scheme/-/css-prefers-color-scheme-6.0.3.tgz 14269ms (cache miss)
1543 http fetch GET 200 https://registry.npmjs.org/@rollup/plugin-replace/-/plugin-replace-2.4.2.tgz 14090ms (cache miss)
1544 http fetch GET 200 https://registry.npmjs.org/@babel/plugin-transform-react-pure-annotations/-/plugin-transform-react-pure-annotations-7.27.1.tgz 14120ms (cache miss)
1545 http fetch GET 200 https://registry.npmjs.org/@babel/plugin-transform-reserved-words/-/plugin-transform-reserved-words-7.27.1.tgz 14131ms (cache miss)
1546 http fetch GET 200 https://registry.npmjs.org/@babel/plugin-transform-typeof-symbol/-/plugin-transform-typeof-symbol-7.27.1.tgz 14134ms (cache miss)
1547 http fetch GET 200 https://registry.npmjs.org/@babel/preset-typescript/-/preset-typescript-7.28.5.tgz 14144ms (cache miss)
1548 http fetch GET 200 https://registry.npmjs.org/@babel/plugin-transform-spread/-/plugin-transform-spread-7.27.1.tgz 14299ms (cache miss)
1549 http fetch GET 200 https://registry.npmjs.org/@babel/plugin-transform-shorthand-properties/-/plugin-transform-shorthand-properties-7.27.1.tgz 14300ms (cache miss)
1550 http fetch GET 200 https://registry.npmjs.org/@babel/plugin-transform-regexp-modifiers/-/plugin-transform-regexp-modifiers-7.27.1.tgz 14476ms (cache miss)
1551 http fetch GET 200 https://registry.npmjs.org/@babel/plugin-transform-react-display-name/-/plugin-transform-react-display-name-7.28.0.tgz 14473ms (cache miss)
1552 http fetch GET 200 https://registry.npmjs.org/@babel/plugin-transform-react-jsx-development/-/plugin-transform-react-jsx-development-7.27.1.tgz 14476ms (cache miss)
1553 http fetch GET 200 https://registry.npmjs.org/@babel/plugin-transform-private-property-in-object/-/plugin-transform-private-property-in-object-7.27.1.tgz 14507ms (cache miss)
1554 http fetch GET 200 https://registry.npmjs.org/@babel/plugin-transform-private-methods/-/plugin-transform-private-methods-7.27.1.tgz 14509ms (cache miss)
1555 http fetch GET 200 https://registry.npmjs.org/@typescript-eslint/parser/-/parser-5.62.0.tgz 14625ms (cache miss)
1556 http fetch GET 200 https://registry.npmjs.org/@babel/plugin-transform-react-constant-elements/-/plugin-transform-react-constant-elements-7.27.1.tgz 14590ms (cache miss)
1557 http fetch GET 200 https://registry.npmjs.org/@babel/plugin-transform-template-literals/-/plugin-transform-template-literals-7.27.1.tgz 14660ms (cache miss)
1558 http fetch GET 200 https://registry.npmjs.org/@babel/plugin-transform-nullish-coalescing-operator/-/plugin-transform-nullish-coalescing-operator-7.27.1.tgz 14660ms (cache miss)
1559 http fetch GET 200 https://registry.npmjs.org/@babel/plugin-transform-object-super/-/plugin-transform-object-super-7.27.1.tgz 14675ms (cache miss)
1560 http fetch GET 200 https://registry.npmjs.org/@babel/plugin-transform-optional-catch-binding/-/plugin-transform-optional-catch-binding-7.27.1.tgz 14676ms (cache miss)
1561 http fetch GET 200 https://registry.npmjs.org/@babel/plugin-transform-modules-amd/-/plugin-transform-modules-amd-7.27.1.tgz 14679ms (cache miss)
1562 http fetch GET 200 https://registry.npmjs.org/@babel/plugin-transform-for-of/-/plugin-transform-for-of-7.27.1.tgz 14689ms (cache miss)
1563 http fetch GET 200 https://registry.npmjs.org/@babel/plugin-transform-function-name/-/plugin-transform-function-name-7.27.1.tgz 14689ms (cache miss)
1564 http fetch GET 200 https://registry.npmjs.org/@babel/plugin-transform-numeric-separator/-/plugin-transform-numeric-separator-7.27.1.tgz 14695ms (cache miss)
1565 http fetch GET 200 https://registry.npmjs.org/@babel/plugin-transform-flow-strip-types/-/plugin-transform-flow-strip-types-7.27.1.tgz 14696ms (cache miss)
1566 http fetch GET 200 https://registry.npmjs.org/@babel/plugin-transform-dynamic-import/-/plugin-transform-dynamic-import-7.27.1.tgz 14697ms (cache miss)
1567 http fetch GET 200 https://registry.npmjs.org/@babel/plugin-transform-named-capturing-groups-regex/-/plugin-transform-named-capturing-groups-regex-7.27.1.tgz 14703ms (cache miss)
1568 http fetch GET 200 https://registry.npmjs.org/@babel/plugin-transform-json-strings/-/plugin-transform-json-strings-7.27.1.tgz 14730ms (cache miss)
1569 http fetch GET 200 https://registry.npmjs.org/@babel/plugin-transform-new-target/-/plugin-transform-new-target-7.27.1.tgz 14732ms (cache miss)
1570 http fetch GET 200 https://registry.npmjs.org/@babel/plugin-transform-property-literals/-/plugin-transform-property-literals-7.27.1.tgz 14740ms (cache miss)
1571 http fetch GET 200 https://registry.npmjs.org/@babel/plugin-transform-export-namespace-from/-/plugin-transform-export-namespace-from-7.27.1.tgz 14733ms (cache miss)
1572 http fetch GET 200 https://registry.npmjs.org/@rollup/plugin-node-resolve/-/plugin-node-resolve-11.2.1.tgz 15343ms (cache miss)
1573 http fetch GET 200 https://registry.npmjs.org/@babel/plugin-transform-member-expression-literals/-/plugin-transform-member-expression-literals-7.27.1.tgz 15279ms (cache miss)
1574 http fetch GET 200 https://registry.npmjs.org/@babel/plugin-transform-class-properties/-/plugin-transform-class-properties-7.27.1.tgz 15269ms (cache miss)
1575 http fetch GET 200 https://registry.npmjs.org/array.prototype.findlastindex/-/array.prototype.findlastindex-1.2.6.tgz 15442ms (cache miss)
1576 http fetch GET 200 https://registry.npmjs.org/@babel/plugin-transform-block-scoped-functions/-/plugin-transform-block-scoped-functions-7.27.1.tgz 15268ms (cache miss)
1577 http fetch GET 200 https://registry.npmjs.org/@babel/plugin-transform-dotall-regex/-/plugin-transform-dotall-regex-7.27.1.tgz 15325ms (cache miss)
1578 http fetch GET 200 https://registry.npmjs.org/@babel/plugin-transform-explicit-resource-management/-/plugin-transform-explicit-resource-management-7.28.0.tgz 15328ms (cache miss)
1579 http fetch GET 200 https://registry.npmjs.org/ajv-formats/-/ajv-formats-2.1.1.tgz 15485ms (cache miss)
1580 http fetch GET 200 https://registry.npmjs.org/@babel/plugin-transform-modules-umd/-/plugin-transform-modules-umd-7.27.1.tgz 15337ms (cache miss)
1581 http fetch GET 200 https://registry.npmjs.org/@babel/plugin-transform-duplicate-named-capturing-groups-regex/-/plugin-transform-duplicate-named-capturing-groups-regex-7.27.1.tgz 15495ms (cache miss)
1582 http fetch GET 200 https://registry.npmjs.org/@babel/plugin-transform-logical-assignment-operators/-/plugin-transform-logical-assignment-operators-7.28.5.tgz 15550ms (cache miss)
1583 http fetch GET 200 https://registry.npmjs.org/@jridgewell/resolve-uri/-/resolve-uri-3.1.2.tgz 15670ms (cache miss)
1584 http fetch GET 200 https://registry.npmjs.org/@babel/plugin-transform-exponentiation-operator/-/plugin-transform-exponentiation-operator-7.28.5.tgz 15667ms (cache miss)
1585 http fetch GET 200 https://registry.npmjs.org/@csstools/postcss-font-format-keywords/-/postcss-font-format-keywords-1.0.1.tgz 15703ms (cache miss)
1586 http fetch GET 200 https://registry.npmjs.org/@babel/plugin-syntax-typescript/-/plugin-syntax-typescript-7.27.1.tgz 15778ms (cache miss)
1587 http fetch GET 200 https://registry.npmjs.org/@babel/plugin-syntax-optional-catch-binding/-/plugin-syntax-optional-catch-binding-7.8.3.tgz 15777ms (cache miss)
1588 http fetch GET 200 https://registry.npmjs.org/@babel/plugin-transform-arrow-functions/-/plugin-transform-arrow-functions-7.27.1.tgz 15782ms (cache miss)
1589 http fetch GET 200 https://registry.npmjs.org/@babel/plugin-syntax-object-rest-spread/-/plugin-syntax-object-rest-spread-7.8.3.tgz 15779ms (cache miss)
1590 http fetch GET 200 https://registry.npmjs.org/@babel/plugin-syntax-top-level-await/-/plugin-syntax-top-level-await-7.14.5.tgz 15781ms (cache miss)
1591 http fetch GET 200 https://registry.npmjs.org/@babel/plugin-syntax-numeric-separator/-/plugin-syntax-numeric-separator-7.10.4.tgz 15782ms (cache miss)
1592 http fetch GET 200 https://registry.npmjs.org/@babel/plugin-transform-async-generator-functions/-/plugin-transform-async-generator-functions-7.28.0.tgz 15788ms (cache miss)
1593 http fetch GET 200 https://registry.npmjs.org/@babel/plugin-syntax-unicode-sets-regex/-/plugin-syntax-unicode-sets-regex-7.18.6.tgz 15787ms (cache miss)
1594 http fetch GET 200 https://registry.npmjs.org/@babel/plugin-transform-class-static-block/-/plugin-transform-class-static-block-7.28.3.tgz 15795ms (cache miss)
1595 http fetch GET 200 https://registry.npmjs.org/@babel/plugin-transform-async-to-generator/-/plugin-transform-async-to-generator-7.27.1.tgz 15793ms (cache miss)
1596 http fetch GET 200 https://registry.npmjs.org/@svgr/hast-util-to-babel-ast/-/hast-util-to-babel-ast-5.5.0.tgz 15914ms (cache miss)
1597 http fetch GET 200 https://registry.npmjs.org/@babel/plugin-transform-optional-chaining/-/plugin-transform-optional-chaining-7.28.5.tgz 15844ms (cache miss)
1598 http fetch GET 200 https://registry.npmjs.org/css-loader/-/css-loader-6.11.0.tgz 16148ms (cache miss)
1599 http fetch GET 200 https://registry.npmjs.org/@babel/plugin-syntax-optional-chaining/-/plugin-syntax-optional-chaining-7.8.3.tgz 15929ms (cache miss)
1600 http fetch GET 200 https://registry.npmjs.org/@babel/plugin-syntax-import-meta/-/plugin-syntax-import-meta-7.10.4.tgz 16043ms (cache miss)
1601 http fetch GET 200 https://registry.npmjs.org/@babel/plugin-syntax-json-strings/-/plugin-syntax-json-strings-7.8.3.tgz 16044ms (cache miss)
1602 http fetch GET 200 https://registry.npmjs.org/@babel/plugin-syntax-logical-assignment-operators/-/plugin-syntax-logical-assignment-operators-7.10.4.tgz 16046ms (cache miss)
1603 http fetch GET 200 https://registry.npmjs.org/@babel/plugin-transform-literals/-/plugin-transform-literals-7.27.1.tgz 16066ms (cache miss)
1604 http fetch GET 200 https://registry.npmjs.org/@babel/plugin-proposal-private-property-in-object/-/plugin-proposal-private-property-in-object-7.21.0-placeholder-for-preset-env.2.tgz 16083ms (cache miss)
1605 http fetch GET 200 https://registry.npmjs.org/babel-plugin-polyfill-corejs3/-/babel-plugin-polyfill-corejs3-0.13.0.tgz 16425ms (cache miss)
1606 http fetch GET 200 https://registry.npmjs.org/@babel/plugin-transform-computed-properties/-/plugin-transform-computed-properties-7.27.1.tgz 16287ms (cache miss)
1607 http fetch GET 200 https://registry.npmjs.org/@babel/plugin-transform-modules-systemjs/-/plugin-transform-modules-systemjs-7.28.5.tgz 16329ms (cache miss)
1608 http fetch GET 200 https://registry.npmjs.org/@babel/plugin-syntax-nullish-coalescing-operator/-/plugin-syntax-nullish-coalescing-operator-7.8.3.tgz 16308ms (cache miss)
1609 http fetch GET 200 https://registry.npmjs.org/@babel/plugin-syntax-import-attributes/-/plugin-syntax-import-attributes-7.27.1.tgz 16308ms (cache miss)
1610 http fetch GET 200 https://registry.npmjs.org/@babel/plugin-syntax-class-static-block/-/plugin-syntax-class-static-block-7.14.5.tgz 16303ms (cache miss)
1611 http fetch GET 200 https://registry.npmjs.org/@babel/plugin-syntax-import-assertions/-/plugin-syntax-import-assertions-7.27.1.tgz 16310ms (cache miss)
1612 http fetch GET 200 https://registry.npmjs.org/@babel/plugin-syntax-bigint/-/plugin-syntax-bigint-7.8.3.tgz 16306ms (cache miss)
1613 http fetch GET 200 https://registry.npmjs.org/@babel/plugin-syntax-class-properties/-/plugin-syntax-class-properties-7.12.13.tgz 16307ms (cache miss)
1614 http fetch GET 200 https://registry.npmjs.org/@babel/plugin-syntax-decorators/-/plugin-syntax-decorators-7.27.1.tgz 16309ms (cache miss)
1615 http fetch GET 200 https://registry.npmjs.org/@babel/plugin-syntax-flow/-/plugin-syntax-flow-7.27.1.tgz 16311ms (cache miss)
1616 http fetch GET 200 https://registry.npmjs.org/@babel/plugin-syntax-async-generators/-/plugin-syntax-async-generators-7.8.4.tgz 16308ms (cache miss)
1617 http fetch GET 200 https://registry.npmjs.org/@babel/plugin-syntax-jsx/-/plugin-syntax-jsx-7.27.1.tgz 16316ms (cache miss)
1618 http fetch GET 200 https://registry.npmjs.org/@babel/plugin-transform-object-rest-spread/-/plugin-transform-object-rest-spread-7.28.4.tgz 16376ms (cache miss)
1619 http fetch GET 200 https://registry.npmjs.org/@babel/plugin-proposal-private-methods/-/plugin-proposal-private-methods-7.18.6.tgz 16384ms (cache miss)
1620 http fetch GET 200 https://registry.npmjs.org/@babel/plugin-bugfix-safari-id-destructuring-collision-in-function-expression/-/plugin-bugfix-safari-id-destructuring-collision-in-function-expression-7.27.1.tgz 16378ms (cache miss)
1621 http fetch GET 200 https://registry.npmjs.org/@babel/plugin-proposal-decorators/-/plugin-proposal-decorators-7.28.0.tgz 16380ms (cache miss)
1622 http fetch GET 200 https://registry.npmjs.org/@babel/plugin-proposal-nullish-coalescing-operator/-/plugin-proposal-nullish-coalescing-operator-7.18.6.tgz 16381ms (cache miss)
1623 http fetch GET 200 https://registry.npmjs.org/@babel/plugin-proposal-numeric-separator/-/plugin-proposal-numeric-separator-7.18.6.tgz 16382ms (cache miss)
1624 http fetch GET 200 https://registry.npmjs.org/@babel/plugin-bugfix-firefox-class-in-computed-class-key/-/plugin-bugfix-firefox-class-in-computed-class-key-7.28.5.tgz 16380ms (cache miss)
1625 http fetch GET 200 https://registry.npmjs.org/@babel/helper-validator-option/-/helper-validator-option-7.27.1.tgz 16382ms (cache miss)
1626 http fetch GET 200 https://registry.npmjs.org/@babel/helper-optimise-call-expression/-/helper-optimise-call-expression-7.27.1.tgz 16378ms (cache miss)
1627 http fetch GET 200 https://registry.npmjs.org/@babel/helper-globals/-/helper-globals-7.28.0.tgz 16376ms (cache miss)
1628 http fetch GET 200 https://registry.npmjs.org/@babel/helper-wrap-function/-/helper-wrap-function-7.28.3.tgz 16385ms (cache miss)
1629 http fetch GET 200 https://registry.npmjs.org/@babel/plugin-proposal-class-properties/-/plugin-proposal-class-properties-7.18.6.tgz 16388ms (cache miss)
1630 http fetch GET 200 https://registry.npmjs.org/@babel/plugin-bugfix-v8-static-class-fields-redefine-readonly/-/plugin-bugfix-v8-static-class-fields-redefine-readonly-7.28.3.tgz 16390ms (cache miss)
1631 http fetch GET 200 https://registry.npmjs.org/@babel/plugin-bugfix-v8-spread-parameters-in-optional-chaining/-/plugin-bugfix-v8-spread-parameters-in-optional-chaining-7.27.1.tgz 16402ms (cache miss)
1632 http fetch GET 200 https://registry.npmjs.org/@babel/plugin-bugfix-safari-class-field-initializer-scope/-/plugin-bugfix-safari-class-field-initializer-scope-7.27.1.tgz 16405ms (cache miss)
1633 http fetch GET 200 https://registry.npmjs.org/@babel/helper-annotate-as-pure/-/helper-annotate-as-pure-7.27.3.tgz 16408ms (cache miss)
1634 http fetch GET 200 https://registry.npmjs.org/@babel/plugin-syntax-private-property-in-object/-/plugin-syntax-private-property-in-object-7.14.5.tgz 16457ms (cache miss)
1635 http fetch GET 200 https://registry.npmjs.org/@babel/helper-remap-async-to-generator/-/helper-remap-async-to-generator-7.27.1.tgz 16454ms (cache miss)
1636 http fetch GET 200 https://registry.npmjs.org/@babel/helper-plugin-utils/-/helper-plugin-utils-7.27.1.tgz 16456ms (cache miss)
1637 http fetch GET 200 https://registry.npmjs.org/call-bind-apply-helpers/-/call-bind-apply-helpers-1.0.2.tgz 16717ms (cache miss)
1638 http fetch GET 200 https://registry.npmjs.org/@babel/helper-skip-transparent-expression-wrappers/-/helper-skip-transparent-expression-wrappers-7.27.1.tgz 16488ms (cache miss)
1639 http fetch GET 200 https://registry.npmjs.org/@babel/plugin-transform-destructuring/-/plugin-transform-destructuring-7.28.5.tgz 16714ms (cache miss)
1640 http fetch GET 200 https://registry.npmjs.org/@babel/plugin-transform-duplicate-keys/-/plugin-transform-duplicate-keys-7.27.1.tgz 16717ms (cache miss)
1641 http fetch GET 200 https://registry.npmjs.org/@alloc/quick-lru/-/quick-lru-5.2.0.tgz 16826ms (cache miss)
1642 http fetch GET 200 https://registry.npmjs.org/cssom/-/cssom-0.4.4.tgz 17172ms (cache miss)
1643 warn deprecated @babel/plugin-proposal-private-methods@7.18.6: This proposal has been merged to the ECMAScript standard and thus this plugin is no longer maintained. Please use @babel/plugin-transform-private-methods instead.
1644 warn deprecated @babel/plugin-proposal-numeric-separator@7.18.6: This proposal has been merged to the ECMAScript standard and thus this plugin is no longer maintained. Please use @babel/plugin-transform-numeric-separator instead.
1645 warn deprecated @babel/plugin-proposal-nullish-coalescing-operator@7.18.6: This proposal has been merged to the ECMAScript standard and thus this plugin is no longer maintained. Please use @babel/plugin-transform-nullish-coalescing-operator instead.
1646 warn deprecated @babel/plugin-proposal-class-properties@7.18.6: This proposal has been merged to the ECMAScript standard and thus this plugin is no longer maintained. Please use @babel/plugin-transform-class-properties instead.
1647 http fetch GET 200 https://registry.npmjs.org/which/-/which-2.0.2.tgz 16995ms (cache miss)
1648 http fetch GET 200 https://registry.npmjs.org/@babel/helper-create-regexp-features-plugin/-/helper-create-regexp-features-plugin-7.28.5.tgz 17019ms (cache miss)
1649 http fetch GET 200 https://registry.npmjs.org/@babel/compat-data/-/compat-data-7.28.5.tgz 17155ms (cache miss)
1650 http fetch GET 200 https://registry.npmjs.org/@babel/plugin-proposal-optional-chaining/-/plugin-proposal-optional-chaining-7.21.0.tgz 17199ms (cache miss)
1651 http fetch GET 200 https://registry.npmjs.org/@babel/helper-replace-supers/-/helper-replace-supers-7.27.1.tgz 17230ms (cache miss)
1652 http fetch GET 200 https://registry.npmjs.org/update-browserslist-db/-/update-browserslist-db-1.2.3.tgz 17251ms (cache miss)
1653 http fetch GET 200 https://registry.npmjs.org/@babel/helper-string-parser/-/helper-string-parser-7.27.1.tgz 17332ms (cache miss)
1654 http fetch GET 200 https://registry.npmjs.org/rimraf/-/rimraf-3.0.2.tgz 17390ms (cache miss)
1655 http fetch GET 200 https://registry.npmjs.org/multicast-dns/-/multicast-dns-7.2.5.tgz 17348ms (cache miss)
1656 http fetch GET 200 https://registry.npmjs.org/nanoid/-/nanoid-3.3.11.tgz 17429ms (cache miss)
1657 http fetch GET 200 https://registry.npmjs.org/mime/-/mime-1.6.0.tgz 17398ms (cache miss)
1658 http fetch GET 200 https://registry.npmjs.org/loose-envify/-/loose-envify-1.4.0.tgz 17383ms (cache miss)
1659 warn deprecated @babel/plugin-proposal-optional-chaining@7.21.0: This proposal has been merged to the ECMAScript standard and thus this plugin is no longer maintained. Please use @babel/plugin-transform-optional-chaining instead.
1660 http fetch GET 200 https://registry.npmjs.org/@babel/helper-member-expression-to-functions/-/helper-member-expression-to-functions-7.28.5.tgz 17903ms (cache miss)
1661 http fetch GET 200 https://registry.npmjs.org/domutils/-/domutils-2.8.0.tgz 18261ms (cache miss)
1662 http fetch GET 200 https://registry.npmjs.org/@humanwhocodes/object-schema/-/object-schema-2.0.3.tgz 18005ms (cache miss)
1663 http fetch GET 200 https://registry.npmjs.org/mkdirp/-/mkdirp-0.5.6.tgz 17952ms (cache miss)
1664 http fetch GET 200 https://registry.npmjs.org/import-local/-/import-local-3.2.0.tgz 18040ms (cache miss)
1665 http fetch GET 200 https://registry.npmjs.org/is-docker/-/is-docker-2.2.1.tgz 18068ms (cache miss)
1666 http fetch GET 200 https://registry.npmjs.org/@csstools/postcss-progressive-custom-properties/-/postcss-progressive-custom-properties-1.3.0.tgz 18214ms (cache miss)
1667 http fetch GET 200 https://registry.npmjs.org/@babel/code-frame/-/code-frame-7.27.1.tgz 18172ms (cache miss)
1668 warn deprecated @humanwhocodes/object-schema@2.0.3: Use @eslint/object-schema instead
1669 http fetch GET 200 https://registry.npmjs.org/@types/eslint/-/eslint-8.56.12.tgz 18508ms (cache miss)
1670 http fetch GET 200 https://registry.npmjs.org/jest-cli/-/jest-cli-27.5.1.tgz 18304ms (cache miss)
1671 http fetch GET 200 https://registry.npmjs.org/jest/-/jest-27.5.1.tgz 18302ms (cache miss)
1672 http fetch GET 200 https://registry.npmjs.org/@babel/plugin-transform-react-jsx/-/plugin-transform-react-jsx-7.27.1.tgz 18431ms (cache miss)
1673 http fetch GET 200 https://registry.npmjs.org/p-locate/-/p-locate-5.0.0.tgz 18310ms (cache miss)
1674 http fetch GET 200 https://registry.npmjs.org/p-limit/-/p-limit-3.1.0.tgz 18313ms (cache miss)
1675 http fetch GET 200 https://registry.npmjs.org/locate-path/-/locate-path-6.0.0.tgz 18314ms (cache miss)
1676 http fetch GET 200 https://registry.npmjs.org/find-up/-/find-up-5.0.0.tgz 18312ms (cache miss)
1677 http fetch GET 200 https://registry.npmjs.org/acorn/-/acorn-8.15.0.tgz 18644ms (cache miss)
1678 http fetch GET 200 https://registry.npmjs.org/webidl-conversions/-/webidl-conversions-5.0.0.tgz 18483ms (cache miss)
1679 http fetch GET 200 https://registry.npmjs.org/ms/-/ms-2.0.0.tgz 18486ms (cache miss)
1680 http fetch GET 200 https://registry.npmjs.org/he/-/he-1.2.0.tgz 18560ms (cache miss)
1681 http fetch GET 200 https://registry.npmjs.org/@jest/transform/-/transform-27.5.1.tgz 18788ms (cache miss)
1682 http fetch GET 200 https://registry.npmjs.org/escape-string-regexp/-/escape-string-regexp-1.0.5.tgz 18967ms (cache miss)
1683 http fetch GET 200 https://registry.npmjs.org/@eslint-community/regexpp/-/regexpp-4.12.2.tgz 19139ms (cache miss)
1684 http fetch GET 200 https://registry.npmjs.org/supports-color/-/supports-color-5.5.0.tgz 18969ms (cache miss)
1685 warn deprecated rimraf@3.0.2: Rimraf versions prior to v4 are no longer supported
1686 http fetch GET 200 https://registry.npmjs.org/fast-uri 16611ms (cache revalidated)
1687 silly packumentCache corgi:https://registry.npmjs.org/fast-uri set size:21110 disposed:false
1688 http fetch GET 200 https://registry.npmjs.org/ms/-/ms-2.0.0.tgz 19051ms (cache miss)
1689 http fetch GET 200 https://registry.npmjs.org/ms/-/ms-2.0.0.tgz 19070ms (cache miss)
1690 http fetch GET 200 https://registry.npmjs.org/color-name/-/color-name-1.1.3.tgz 19072ms (cache miss)
1691 http fetch GET 200 https://registry.npmjs.org/ajv 16696ms (cache revalidated)
1692 silly packumentCache corgi:https://registry.npmjs.org/ajv set size:467559 disposed:false
1693 http fetch GET 200 https://registry.npmjs.org/@tootallnate%2fonce 16710ms (cache revalidated)
1694 silly packumentCache corgi:https://registry.npmjs.org/@tootallnate%2fonce set size:11748 disposed:false
1695 http fetch GET 200 https://registry.npmjs.org/@babel%2fplugin-transform-modules-systemjs 16713ms (cache revalidated)
1696 silly packumentCache corgi:https://registry.npmjs.org/@babel%2fplugin-transform-modules-systemjs set size:166931 disposed:false
1697 http fetch GET 200 https://registry.npmjs.org/flatted 16699ms (cache revalidated)
1698 silly packumentCache corgi:https://registry.npmjs.org/flatted set size:57858 disposed:false
1699 http fetch GET 200 https://registry.npmjs.org/minimatch 16712ms (cache revalidated)
1700 silly packumentCache corgi:https://registry.npmjs.org/minimatch set size:168441 disposed:false
1701 http fetch GET 200 https://registry.npmjs.org/axios 16726ms (cache revalidated)
1702 silly packumentCache corgi:https://registry.npmjs.org/axios set size:290630 disposed:false
1703 http fetch GET 200 https://registry.npmjs.org/regjsparser/-/regjsparser-0.13.0.tgz 19345ms (cache miss)
1704 http fetch GET 200 https://registry.npmjs.org/has-flag/-/has-flag-3.0.0.tgz 19271ms (cache miss)
1705 http fetch GET 200 https://registry.npmjs.org/@babel/plugin-proposal-private-property-in-object/-/plugin-proposal-private-property-in-object-7.21.11.tgz 19259ms (cache miss)
1706 http fetch GET 200 https://registry.npmjs.org/glob-parent/-/glob-parent-5.1.2.tgz 19264ms (cache miss)
1707 http fetch GET 200 https://registry.npmjs.org/ansi-styles/-/ansi-styles-3.2.1.tgz 19262ms (cache miss)
1708 http fetch GET 200 https://registry.npmjs.org/brace-expansion 16826ms (cache revalidated)
1709 silly packumentCache corgi:https://registry.npmjs.org/brace-expansion set size:23348 disposed:false
1710 http fetch GET 200 https://registry.npmjs.org/@babel/plugin-transform-classes/-/plugin-transform-classes-7.28.4.tgz 19404ms (cache miss)
1711 http fetch GET 200 https://registry.npmjs.org/lodash 16851ms (cache revalidated)
1712 silly packumentCache corgi:https://registry.npmjs.org/lodash set size:69555 disposed:false
1713 http fetch GET 200 https://registry.npmjs.org/nth-check 16851ms (cache revalidated)
1714 silly packumentCache corgi:https://registry.npmjs.org/nth-check set size:12198 disposed:false
1715 http fetch GET 200 https://registry.npmjs.org/picomatch 16851ms (cache revalidated)
1716 silly packumentCache corgi:https://registry.npmjs.org/picomatch set size:44414 disposed:false
1717 http fetch GET 200 https://registry.npmjs.org/jsonpath 16862ms (cache revalidated)
1718 silly packumentCache corgi:https://registry.npmjs.org/jsonpath set size:24482 disposed:false
1719 http fetch GET 200 https://registry.npmjs.org/svgo 16856ms (cache revalidated)
1720 silly packumentCache corgi:https://registry.npmjs.org/svgo set size:138618 disposed:false
1721 http fetch GET 200 https://registry.npmjs.org/path-to-regexp 16873ms (cache revalidated)
1722 silly packumentCache corgi:https://registry.npmjs.org/path-to-regexp set size:66575 disposed:false
1723 http fetch GET 200 https://registry.npmjs.org/@babel/plugin-transform-parameters/-/plugin-transform-parameters-7.27.7.tgz 19485ms (cache miss)
1724 http fetch GET 200 https://registry.npmjs.org/@babel/plugin-transform-modules-commonjs/-/plugin-transform-modules-commonjs-7.27.1.tgz 19497ms (cache miss)
1725 http fetch GET 200 https://registry.npmjs.org/jsesc/-/jsesc-3.1.0.tgz 19392ms (cache miss)
1726 http fetch GET 200 https://registry.npmjs.org/qs 16920ms (cache revalidated)
1727 silly packumentCache corgi:https://registry.npmjs.org/qs set size:146581 disposed:false
1728 http fetch GET 200 https://registry.npmjs.org/postcss 16926ms (cache revalidated)
1729 silly packumentCache corgi:https://registry.npmjs.org/postcss set size:344717 disposed:false
1730 http fetch GET 200 https://registry.npmjs.org/rollup 16949ms (cache revalidated)
1731 silly packumentCache corgi:https://registry.npmjs.org/rollup set size:2568527 disposed:false
1732 http fetch GET 200 https://registry.npmjs.org/serialize-javascript 17068ms (cache revalidated)
1733 silly packumentCache corgi:https://registry.npmjs.org/serialize-javascript set size:36142 disposed:false
1734 http fetch GET 200 https://registry.npmjs.org/yaml 17070ms (cache revalidated)
1735 silly packumentCache corgi:https://registry.npmjs.org/yaml set size:163878 disposed:false
1736 http fetch GET 200 https://registry.npmjs.org/estraverse/-/estraverse-4.3.0.tgz 19626ms (cache miss)
1737 http fetch GET 200 https://registry.npmjs.org/@types/express-serve-static-core/-/express-serve-static-core-4.19.7.tgz 19624ms (cache miss)
1738 http fetch GET 200 https://registry.npmjs.org/json-schema-traverse/-/json-schema-traverse-1.0.0.tgz 19635ms (cache miss)
1739 http fetch GET 200 https://registry.npmjs.org/uuid 17180ms (cache revalidated)
1740 silly packumentCache corgi:https://registry.npmjs.org/uuid set size:81812 disposed:false
1741 http fetch GET 200 https://registry.npmjs.org/underscore 17184ms (cache revalidated)
1742 silly packumentCache corgi:https://registry.npmjs.org/underscore set size:54625 disposed:false
1743 http fetch GET 200 https://registry.npmjs.org/ws 17184ms (cache revalidated)
1744 silly packumentCache corgi:https://registry.npmjs.org/ws set size:199711 disposed:false
1745 http fetch GET 200 https://registry.npmjs.org/node-forge 17200ms (cache revalidated)
1746 silly packumentCache corgi:https://registry.npmjs.org/node-forge set size:106633 disposed:false
1747 http fetch GET 200 https://registry.npmjs.org/follow-redirects 17216ms (cache revalidated)
1748 silly packumentCache corgi:https://registry.npmjs.org/follow-redirects set size:88479 disposed:false
1749 http fetch GET 200 https://registry.npmjs.org/convert-source-map/-/convert-source-map-1.9.0.tgz 19655ms (cache miss)
1750 http fetch GET 200 https://registry.npmjs.org/camelcase/-/camelcase-5.3.1.tgz 19659ms (cache miss)
1751 http fetch GET 200 https://registry.npmjs.org/@types/estree/-/estree-0.0.39.tgz 19705ms (cache miss)
1752 http fetch GET 200 https://registry.npmjs.org/@babel/helper-validator-identifier/-/helper-validator-identifier-7.28.5.tgz 19844ms (cache miss)
1753 http fetch GET 200 https://registry.npmjs.org/@types/send/-/send-0.17.6.tgz 19735ms (cache miss)
1754 http fetch GET 200 https://registry.npmjs.org/eslint-visitor-keys/-/eslint-visitor-keys-2.1.0.tgz 19778ms (cache miss)
1755 http fetch GET 200 https://registry.npmjs.org/css-what/-/css-what-6.2.2.tgz 20212ms (cache miss)
1756 http fetch GET 200 https://registry.npmjs.org/webpack-dev-server 17429ms (cache revalidated)
1757 silly packumentCache corgi:https://registry.npmjs.org/webpack-dev-server set size:461568 disposed:false
1758 silly packumentCache corgi:https://registry.npmjs.org/@babel%2fpreset-env cache-miss
1759 http fetch GET 200 https://registry.npmjs.org/@csstools/postcss-trigonometric-functions/-/postcss-trigonometric-functions-1.0.2.tgz 20120ms (cache miss)
1760 http fetch GET 200 https://registry.npmjs.org/core-js-compat/-/core-js-compat-3.47.0.tgz 20334ms (cache miss)
1761 http fetch GET 200 https://registry.npmjs.org/eslint-module-utils/-/eslint-module-utils-2.12.1.tgz 20429ms (cache miss)
1762 http fetch GET 200 https://registry.npmjs.org/estraverse/-/estraverse-4.3.0.tgz 20037ms (cache miss)
1763 warn deprecated @babel/plugin-proposal-private-property-in-object@7.21.11: This proposal has been merged to the ECMAScript standard and thus this plugin is no longer maintained. Please use @babel/plugin-transform-private-property-in-object instead.
1764 http fetch GET 200 https://registry.npmjs.org/@eslint-community/eslint-utils/-/eslint-utils-4.9.1.tgz 20457ms (cache miss)
1765 http fetch GET 200 https://registry.npmjs.org/@babel/plugin-transform-block-scoping/-/plugin-transform-block-scoping-7.28.5.tgz 20555ms (cache miss)
1766 http fetch GET 200 https://registry.npmjs.org/@babel/plugin-transform-typescript/-/plugin-transform-typescript-7.28.5.tgz 20650ms (cache miss)
1767 http fetch GET 200 https://registry.npmjs.org/color-convert/-/color-convert-1.9.3.tgz 20568ms (cache miss)
1768 http fetch GET 200 https://registry.npmjs.org/@babel/helper-module-imports/-/helper-module-imports-7.27.1.tgz 20671ms (cache miss)
1769 http fetch GET 200 https://registry.npmjs.org/chalk/-/chalk-2.4.2.tgz 20681ms (cache miss)
1770 http fetch GET 200 https://registry.npmjs.org/semver/-/semver-6.3.1.tgz 20671ms (cache miss)
1771 http fetch GET 200 https://registry.npmjs.org/argparse/-/argparse-2.0.1.tgz 20792ms (cache miss)
1772 http fetch GET 200 https://registry.npmjs.org/semver/-/semver-6.3.1.tgz 20749ms (cache miss)
1773 http fetch GET 200 https://registry.npmjs.org/semver/-/semver-6.3.1.tgz 20750ms (cache miss)
1774 http fetch GET 200 https://registry.npmjs.org/html-minifier-terser/-/html-minifier-terser-6.1.0.tgz 20811ms (cache miss)
1775 http fetch GET 200 https://registry.npmjs.org/semver/-/semver-6.3.1.tgz 20759ms (cache miss)
1776 http fetch GET 200 https://registry.npmjs.org/semver/-/semver-6.3.1.tgz 20764ms (cache miss)
1777 http fetch GET 200 https://registry.npmjs.org/debug/-/debug-3.2.7.tgz 20818ms (cache miss)
1778 http fetch GET 200 https://registry.npmjs.org/debug/-/debug-3.2.7.tgz 20826ms (cache miss)
1779 http fetch GET 200 https://registry.npmjs.org/semver/-/semver-6.3.1.tgz 20777ms (cache miss)
1780 http fetch GET 200 https://registry.npmjs.org/semver/-/semver-6.3.1.tgz 20784ms (cache miss)
1781 http fetch GET 200 https://registry.npmjs.org/semver/-/semver-6.3.1.tgz 20776ms (cache miss)
1782 http fetch GET 200 https://registry.npmjs.org/@babel/plugin-transform-runtime/-/plugin-transform-runtime-7.28.5.tgz 21120ms (cache miss)
1783 http fetch GET 200 https://registry.npmjs.org/form-data/-/form-data-4.0.5.tgz 21041ms (cache miss)
1784 http fetch GET 200 https://registry.npmjs.org/negotiator/-/negotiator-0.6.3.tgz 21303ms (cache miss)
1785 http fetch GET 200 https://registry.npmjs.org/esprima/-/esprima-4.0.1.tgz 21447ms (cache miss)
1786 http fetch GET 200 https://registry.npmjs.org/argparse/-/argparse-2.0.1.tgz 21401ms (cache miss)
1787 http fetch GET 200 https://registry.npmjs.org/@babel/template/-/template-7.27.2.tgz 21682ms (cache miss)
1788 http fetch GET 200 https://registry.npmjs.org/argparse/-/argparse-1.0.10.tgz 22003ms (cache miss)
1789 http fetch GET 200 https://registry.npmjs.org/@babel%2fpreset-env 2466ms (cache revalidated)
1790 silly packumentCache corgi:https://registry.npmjs.org/@babel%2fpreset-env set size:943497 disposed:false
1791 silly packumentCache corgi:https://registry.npmjs.org/http-proxy-agent cache-miss
1792 http fetch GET 200 https://registry.npmjs.org/@babel/helper-compilation-targets/-/helper-compilation-targets-7.27.2.tgz 23639ms (cache miss)
1793 http fetch GET 200 https://registry.npmjs.org/@nodelib/fs.walk/-/fs.walk-1.2.8.tgz 23756ms (cache miss)
1794 http fetch GET 200 https://registry.npmjs.org/eslint-scope/-/eslint-scope-5.1.1.tgz 23544ms (cache miss)
1795 http fetch GET 200 https://registry.npmjs.org/eslint-scope/-/eslint-scope-5.1.1.tgz 23910ms (cache miss)
1796 http fetch GET 200 https://registry.npmjs.org/@babel/helper-module-transforms/-/helper-module-transforms-7.28.3.tgz 24331ms (cache miss)
1797 http fetch GET 200 https://registry.npmjs.org/@jridgewell/sourcemap-codec/-/sourcemap-codec-1.5.5.tgz 24509ms (cache miss)
1798 http fetch GET 200 https://registry.npmjs.org/@babel/plugin-transform-regenerator/-/plugin-transform-regenerator-7.28.4.tgz 24448ms (cache miss)
1799 http fetch GET 200 https://registry.npmjs.org/adjust-sourcemap-loader/-/adjust-sourcemap-loader-4.0.0.tgz 24602ms (cache miss)
1800 http fetch GET 200 https://registry.npmjs.org/@testing-library/react/-/react-16.3.1.tgz 24571ms (cache miss)
1801 http fetch GET 200 https://registry.npmjs.org/ajv-keywords/-/ajv-keywords-3.5.2.tgz 24659ms (cache miss)
1802 http fetch GET 200 https://registry.npmjs.org/@typescript-eslint/types/-/types-5.62.0.tgz 24636ms (cache miss)
1803 http fetch GET 200 https://registry.npmjs.org/debug/-/debug-2.6.9.tgz 24399ms (cache miss)
1804 http fetch GET 200 https://registry.npmjs.org/@adobe/css-tools/-/css-tools-4.4.4.tgz 24473ms (cache miss)
1805 http fetch GET 200 https://registry.npmjs.org/debug/-/debug-2.6.9.tgz 24642ms (cache miss)
1806 http fetch GET 200 https://registry.npmjs.org/css-select/-/css-select-4.3.0.tgz 25134ms (cache miss)
1807 http fetch GET 200 https://registry.npmjs.org/debug/-/debug-2.6.9.tgz 24809ms (cache miss)
1808 http fetch GET 200 https://registry.npmjs.org/lz-string/-/lz-string-1.5.0.tgz 24940ms (cache miss)
1809 http fetch GET 200 https://registry.npmjs.org/http-proxy-agent 2723ms (cache revalidated)
1810 silly packumentCache corgi:https://registry.npmjs.org/http-proxy-agent set size:24577 disposed:false
1811 silly packumentCache corgi:https://registry.npmjs.org/@eslint%2feslintrc cache-miss
1812 silly packumentCache corgi:https://registry.npmjs.org/ajv-keywords cache-miss
1813 silly packumentCache corgi:https://registry.npmjs.org/schema-utils cache-miss
1814 silly packumentCache corgi:https://registry.npmjs.org/eslint cache-miss
1815 http fetch GET 200 https://registry.npmjs.org/@babel/helper-create-class-features-plugin/-/helper-create-class-features-plugin-7.28.5.tgz 25379ms (cache miss)
1816 http fetch GET 200 https://registry.npmjs.org/@jridgewell/remapping/-/remapping-2.3.5.tgz 25598ms (cache miss)
1817 http fetch GET 200 https://registry.npmjs.org/@jridgewell/gen-mapping/-/gen-mapping-0.3.13.tgz 25603ms (cache miss)
1818 http fetch GET 200 https://registry.npmjs.org/@babel/preset-modules/-/preset-modules-0.1.6-no-external-plugins.tgz 25895ms (cache miss)
1819 http fetch GET 200 https://registry.npmjs.org/schema-utils/-/schema-utils-2.7.1.tgz 25735ms (cache miss)
1820 http fetch GET 200 https://registry.npmjs.org/bonjour-service/-/bonjour-service-1.3.0.tgz 26135ms (cache miss)
1821 http fetch GET 200 https://registry.npmjs.org/@babel/helper-define-polyfill-provider/-/helper-define-polyfill-provider-0.6.5.tgz 25925ms (cache miss)
1822 http fetch GET 200 https://registry.npmjs.org/cosmiconfig/-/cosmiconfig-7.1.0.tgz 26205ms (cache miss)
1823 http fetch GET 200 https://registry.npmjs.org/json5/-/json5-2.2.3.tgz 25903ms (cache miss)
1824 http fetch GET 200 https://registry.npmjs.org/colord/-/colord-2.9.3.tgz 26336ms (cache miss)
1825 http fetch GET 200 https://registry.npmjs.org/cssom/-/cssom-0.3.8.tgz 26173ms (cache miss)
1826 http fetch GET 200 https://registry.npmjs.org/@jest/reporters/-/reporters-27.5.1.tgz 26359ms (cache miss)
1827 http fetch GET 200 https://registry.npmjs.org/bfj/-/bfj-7.1.0.tgz 26592ms (cache miss)
1828 http fetch GET 200 https://registry.npmjs.org/ajv-keywords 1265ms (cache revalidated)
1829 silly packumentCache corgi:https://registry.npmjs.org/ajv-keywords set size:53509 disposed:false
1830 http fetch GET 200 https://registry.npmjs.org/schema-utils 1278ms (cache revalidated)
1831 silly packumentCache corgi:https://registry.npmjs.org/schema-utils set size:76871 disposed:false
1832 http fetch GET 200 https://registry.npmjs.org/eslint 1300ms (cache revalidated)
1833 silly packumentCache corgi:https://registry.npmjs.org/eslint set size:1157219 disposed:false
1834 http fetch GET 200 https://registry.npmjs.org/react-scripts/-/react-scripts-5.0.1.tgz 26555ms (cache miss)
1835 http fetch GET 200 https://registry.npmjs.org/@webassemblyjs/ast/-/ast-1.14.1.tgz 26985ms (cache miss)
1836 http fetch GET 200 https://registry.npmjs.org/@eslint%2feslintrc 1680ms (cache revalidated)
1837 silly packumentCache corgi:https://registry.npmjs.org/@eslint%2feslintrc set size:83205 disposed:false
1838 silly packumentCache corgi:https://registry.npmjs.org/ajv-formats cache-miss
1839 silly packumentCache corgi:https://registry.npmjs.org/workbox-build cache-miss
1840 silly packumentCache corgi:https://registry.npmjs.org/@apideck%2fbetter-ajv-errors cache-miss
1841 http fetch GET 200 https://registry.npmjs.org/enhanced-resolve/-/enhanced-resolve-5.18.4.tgz 27294ms (cache miss)
1842 http fetch GET 200 https://registry.npmjs.org/@eslint/eslintrc/-/eslintrc-2.1.4.tgz 27338ms (cache miss)
1843 http fetch GET 200 https://registry.npmjs.org/mdn-data/-/mdn-data-2.0.14.tgz 27261ms (cache miss)
1844 http fetch GET 200 https://registry.npmjs.org/iconv-lite/-/iconv-lite-0.4.24.tgz 27405ms (cache miss)
1845 http fetch GET 200 https://registry.npmjs.org/acorn/-/acorn-7.4.1.tgz 27495ms (cache miss)
1846 http fetch GET 200 https://registry.npmjs.org/@testing-library/jest-dom/-/jest-dom-6.9.1.tgz 27773ms (cache miss)
1847 http fetch GET 200 https://registry.npmjs.org/source-map/-/source-map-0.6.1.tgz 27828ms (cache miss)
1848 http fetch GET 200 https://registry.npmjs.org/workbox-build 1095ms (cache revalidated)
1849 silly packumentCache corgi:https://registry.npmjs.org/workbox-build set size:194410 disposed:false
1850 http fetch GET 200 https://registry.npmjs.org/ajv-formats 1102ms (cache revalidated)
1851 silly packumentCache corgi:https://registry.npmjs.org/ajv-formats set size:63554 disposed:false
1852 http fetch GET 200 https://registry.npmjs.org/source-map/-/source-map-0.6.1.tgz 27964ms (cache miss)
1853 http fetch GET 200 https://registry.npmjs.org/source-map/-/source-map-0.6.1.tgz 27958ms (cache miss)
1854 http fetch GET 200 https://registry.npmjs.org/source-map/-/source-map-0.6.1.tgz 27967ms (cache miss)
1855 http fetch GET 200 https://registry.npmjs.org/source-map/-/source-map-0.6.1.tgz 27958ms (cache miss)
1856 http fetch GET 200 https://registry.npmjs.org/source-map/-/source-map-0.6.1.tgz 28062ms (cache miss)
1857 http fetch GET 200 https://registry.npmjs.org/source-map/-/source-map-0.6.1.tgz 28066ms (cache miss)
1858 http fetch GET 200 https://registry.npmjs.org/source-map/-/source-map-0.6.1.tgz 28066ms (cache miss)
1859 http fetch GET 200 https://registry.npmjs.org/@babel/parser/-/parser-7.28.5.tgz 28316ms (cache miss)
1860 http fetch GET 200 https://registry.npmjs.org/bluebird/-/bluebird-3.7.2.tgz 28582ms (cache miss)
1861 http fetch GET 200 https://registry.npmjs.org/@babel/preset-env/-/preset-env-7.28.5.tgz 28903ms (cache miss)
1862 http fetch GET 200 https://registry.npmjs.org/csso/-/csso-4.2.0.tgz 29141ms (cache miss)
1863 http fetch GET 200 https://registry.npmjs.org/@sinclair/typebox/-/typebox-0.24.51.tgz 29084ms (cache miss)
1864 http fetch GET 200 https://registry.npmjs.org/@apideck%2fbetter-ajv-errors 2120ms (cache revalidated)
1865 silly packumentCache corgi:https://registry.npmjs.org/@apideck%2fbetter-ajv-errors set size:26424 disposed:false
1866 http fetch GET 200 https://registry.npmjs.org/js-yaml/-/js-yaml-4.1.1.tgz 29056ms (cache miss)
1867 http fetch GET 200 https://registry.npmjs.org/@babel/eslint-parser/-/eslint-parser-7.28.5.tgz 29224ms (cache miss)
1868 http fetch GET 200 https://registry.npmjs.org/js-yaml/-/js-yaml-4.1.1.tgz 29173ms (cache miss)
1869 http fetch GET 200 https://registry.npmjs.org/@jridgewell/trace-mapping/-/trace-mapping-0.3.31.tgz 29456ms (cache miss)
1870 http fetch GET 200 https://registry.npmjs.org/js-yaml/-/js-yaml-3.14.2.tgz 29616ms (cache miss)
1871 http fetch GET 200 https://registry.npmjs.org/dom-accessibility-api/-/dom-accessibility-api-0.5.16.tgz 30068ms (cache miss)
1872 http fetch GET 200 https://registry.npmjs.org/@sinonjs/commons/-/commons-1.8.6.tgz 29855ms (cache miss)
1873 http fetch GET 200 https://registry.npmjs.org/jake/-/jake-10.9.4.tgz 29959ms (cache miss)
1874 http fetch GET 200 https://registry.npmjs.org/jiti/-/jiti-1.21.7.tgz 30061ms (cache miss)
1875 silly packumentCache corgi:https://registry.npmjs.org/@humanwhocodes%2fconfig-array cache-miss
1876 silly packumentCache corgi:https://registry.npmjs.org/eslint-plugin-import cache-miss
1877 silly packumentCache corgi:https://registry.npmjs.org/eslint-plugin-jsx-a11y cache-miss
1878 silly packumentCache corgi:https://registry.npmjs.org/eslint-plugin-react cache-miss
1879 silly packumentCache corgi:https://registry.npmjs.org/fork-ts-checker-webpack-plugin cache-miss
1880 silly packumentCache corgi:https://registry.npmjs.org/glob cache-miss
1881 silly packumentCache corgi:https://registry.npmjs.org/recursive-readdir cache-miss
1882 silly packumentCache corgi:https://registry.npmjs.org/test-exclude cache-miss
1883 http fetch GET 200 https://registry.npmjs.org/type-fest/-/type-fest-0.21.3.tgz 30451ms (cache miss)
1884 http fetch GET 200 https://registry.npmjs.org/semver/-/semver-7.7.3.tgz 30838ms (cache miss)
1885 http fetch GET 200 https://registry.npmjs.org/webpack-dev-server/-/webpack-dev-server-4.15.2.tgz 30957ms (cache miss)
1886 http fetch GET 200 https://registry.npmjs.org/@bcoe/v8-coverage/-/v8-coverage-0.2.3.tgz 31059ms (cache miss)
1887 http fetch GET 200 https://registry.npmjs.org/@babel/generator/-/generator-7.28.5.tgz 30991ms (cache miss)
1888 http fetch GET 200 https://registry.npmjs.org/test-exclude 905ms (cache revalidated)
1889 silly packumentCache corgi:https://registry.npmjs.org/test-exclude set size:42527 disposed:false
1890 http fetch GET 200 https://registry.npmjs.org/fork-ts-checker-webpack-plugin 918ms (cache revalidated)
1891 silly packumentCache corgi:https://registry.npmjs.org/fork-ts-checker-webpack-plugin set size:592540 disposed:false
1892 http fetch GET 200 https://registry.npmjs.org/eslint-plugin-jsx-a11y 987ms (cache revalidated)
1893 silly packumentCache corgi:https://registry.npmjs.org/eslint-plugin-jsx-a11y set size:108835 disposed:false
1894 http fetch GET 200 https://registry.npmjs.org/eslint-plugin-import 992ms (cache revalidated)
1895 silly packumentCache corgi:https://registry.npmjs.org/eslint-plugin-import set size:238396 disposed:false
1896 http fetch GET 200 https://registry.npmjs.org/eslint-plugin-react 1003ms (cache revalidated)
1897 silly packumentCache corgi:https://registry.npmjs.org/eslint-plugin-react set size:309843 disposed:false
1898 http fetch GET 200 https://registry.npmjs.org/glob 1020ms (cache revalidated)
1899 silly packumentCache corgi:https://registry.npmjs.org/glob set size:199194 disposed:false
1900 http fetch GET 200 https://registry.npmjs.org/recursive-readdir 1017ms (cache revalidated)
1901 silly packumentCache corgi:https://registry.npmjs.org/recursive-readdir set size:10486 disposed:false
1902 http fetch GET 200 https://registry.npmjs.org/@pmmmwh/react-refresh-webpack-plugin/-/react-refresh-webpack-plugin-0.5.17.tgz 31482ms (cache miss)
1903 http fetch GET 200 https://registry.npmjs.org/@humanwhocodes%2fconfig-array 1202ms (cache revalidated)
1904 silly packumentCache corgi:https://registry.npmjs.org/@humanwhocodes%2fconfig-array set size:69299 disposed:false
1905 silly packumentCache corgi:https://registry.npmjs.org/filelist cache-miss
1906 http fetch GET 200 https://registry.npmjs.org/axe-core/-/axe-core-4.11.0.tgz 31860ms (cache miss)
1907 http fetch GET 200 https://registry.npmjs.org/@typescript-eslint/type-utils/-/type-utils-5.62.0.tgz 32330ms (cache miss)
1908 http fetch GET 200 https://registry.npmjs.org/uuid/-/uuid-8.3.2.tgz 32683ms (cache miss)
1909 http fetch GET 200 https://registry.npmjs.org/filelist 1281ms (cache revalidated)
1910 silly packumentCache corgi:https://registry.npmjs.org/filelist set size:11409 disposed:false
1911 silly packumentCache corgi:https://registry.npmjs.org/flat-cache cache-miss
1912 http fetch GET 200 https://registry.npmjs.org/autoprefixer/-/autoprefixer-10.4.23.tgz 33083ms (cache miss)
1913 http fetch GET 200 https://registry.npmjs.org/@babel/traverse/-/traverse-7.28.5.tgz 32938ms (cache miss)
1914 http fetch GET 200 https://registry.npmjs.org/dom-accessibility-api/-/dom-accessibility-api-0.6.3.tgz 33098ms (cache miss)
1915 http fetch GET 200 https://registry.npmjs.org/cssstyle/-/cssstyle-2.3.0.tgz 33527ms (cache miss)
1916 http fetch GET 200 https://registry.npmjs.org/flat-cache 646ms (cache revalidated)
1917 silly packumentCache corgi:https://registry.npmjs.org/flat-cache set size:50282 disposed:false
1918 silly packumentCache corgi:https://registry.npmjs.org/http-proxy cache-miss
1919 http fetch GET 200 https://registry.npmjs.org/@testing-library/dom/-/dom-10.4.1.tgz 33604ms (cache miss)
1920 http fetch GET 200 https://registry.npmjs.org/svgo/-/svgo-1.3.2.tgz 33673ms (cache miss)
1921 http fetch GET 200 https://registry.npmjs.org/terser/-/terser-5.44.1.tgz 33718ms (cache miss)
1922 warn deprecated svgo@1.3.2: This SVGO version is no longer supported. Upgrade to v2.x.x.
1923 http fetch GET 200 https://registry.npmjs.org/@rushstack/eslint-patch/-/eslint-patch-1.15.0.tgz 34298ms (cache miss)
1924 http fetch GET 200 https://registry.npmjs.org/http-proxy 837ms (cache revalidated)
1925 silly packumentCache corgi:https://registry.npmjs.org/http-proxy set size:66005 disposed:false
1926 silly packumentCache corgi:https://registry.npmjs.org/bfj cache-miss
1927 http fetch GET 200 https://registry.npmjs.org/@jest/core/-/core-27.5.1.tgz 34685ms (cache miss)
1928 http fetch GET 200 https://registry.npmjs.org/bfj 641ms (cache revalidated)
1929 silly packumentCache corgi:https://registry.npmjs.org/bfj set size:39803 disposed:false
1930 silly packumentCache corgi:https://registry.npmjs.org/eslint-plugin-flowtype cache-miss
1931 silly packumentCache corgi:https://registry.npmjs.org/html-webpack-plugin cache-miss
1932 silly packumentCache corgi:https://registry.npmjs.org/pretty-error cache-miss
1933 silly packumentCache corgi:https://registry.npmjs.org/renderkid cache-miss
1934 silly packumentCache corgi:https://registry.npmjs.org/whatwg-url cache-miss
1935 http fetch GET 200 https://registry.npmjs.org/ajv/-/ajv-6.12.6.tgz 35300ms (cache miss)
1936 http fetch GET 200 https://registry.npmjs.org/whatwg-url 824ms (cache revalidated)
1937 silly packumentCache corgi:https://registry.npmjs.org/whatwg-url set size:68126 disposed:false
1938 http fetch GET 200 https://registry.npmjs.org/pretty-error 828ms (cache revalidated)
1939 silly packumentCache corgi:https://registry.npmjs.org/pretty-error set size:27665 disposed:false
1940 http fetch GET 200 https://registry.npmjs.org/eslint-plugin-flowtype 850ms (cache revalidated)
1941 silly packumentCache corgi:https://registry.npmjs.org/eslint-plugin-flowtype set size:279887 disposed:false
1942 http fetch GET 200 https://registry.npmjs.org/html-webpack-plugin 861ms (cache revalidated)
1943 silly packumentCache corgi:https://registry.npmjs.org/html-webpack-plugin set size:237382 disposed:false
1944 http fetch GET 200 https://registry.npmjs.org/renderkid 1309ms (cache revalidated)
1945 silly packumentCache corgi:https://registry.npmjs.org/renderkid set size:28799 disposed:false
1946 silly packumentCache corgi:https://registry.npmjs.org/selfsigned cache-miss
1947 http fetch GET 200 https://registry.npmjs.org/@testing-library/user-event/-/user-event-13.5.0.tgz 36709ms (cache miss)
1948 http fetch GET 200 https://registry.npmjs.org/es-iterator-helpers/-/es-iterator-helpers-1.2.2.tgz 37187ms (cache miss)
1949 http fetch GET 200 https://registry.npmjs.org/common-tags/-/common-tags-1.8.2.tgz 37228ms (cache miss)
1950 http fetch GET 200 https://registry.npmjs.org/axobject-query/-/axobject-query-4.1.0.tgz 37384ms (cache miss)
1951 http fetch GET 200 https://registry.npmjs.org/selfsigned 928ms (cache revalidated)
1952 silly packumentCache corgi:https://registry.npmjs.org/selfsigned set size:37003 disposed:false
1953 silly packumentCache corgi:https://registry.npmjs.org/css-select cache-miss
1954 http fetch GET 200 https://registry.npmjs.org/axios/-/axios-1.13.2.tgz 37558ms (cache miss)
1955 http fetch GET 200 https://registry.npmjs.org/@types/node/-/node-25.0.3.tgz 37552ms (cache miss)
1956 http fetch GET 200 https://registry.npmjs.org/@surma/rollup-plugin-off-main-thread/-/rollup-plugin-off-main-thread-2.2.3.tgz 37558ms (cache miss)
1957 http fetch GET 200 https://registry.npmjs.org/resolve/-/resolve-1.22.11.tgz 37437ms (cache miss)
1958 http fetch GET 200 https://registry.npmjs.org/clean-css/-/clean-css-5.3.3.tgz 37886ms (cache miss)
1959 http fetch GET 200 https://registry.npmjs.org/rollup/-/rollup-2.79.2.tgz 37648ms (cache miss)
1960 http fetch GET 200 https://registry.npmjs.org/css-select 1055ms (cache revalidated)
1961 silly packumentCache corgi:https://registry.npmjs.org/css-select set size:49649 disposed:false
1962 silly packumentCache corgi:https://registry.npmjs.org/express cache-miss
1963 http fetch GET 200 https://registry.npmjs.org/async/-/async-3.2.6.tgz 38569ms (cache miss)
1964 http fetch GET 200 https://registry.npmjs.org/css-tree/-/css-tree-1.0.0-alpha.37.tgz 38713ms (cache miss)
1965 http fetch GET 200 https://registry.npmjs.org/@babel/core/-/core-7.28.5.tgz 38601ms (cache miss)
1966 http fetch GET 200 https://registry.npmjs.org/express 491ms (cache revalidated)
1967 silly packumentCache corgi:https://registry.npmjs.org/express set size:339376 disposed:false
1968 silly packumentCache corgi:https://registry.npmjs.org/@rollup%2fpluginutils cache-miss
1969 silly packumentCache corgi:https://registry.npmjs.org/anymatch cache-miss
1970 silly packumentCache corgi:https://registry.npmjs.org/jest-util cache-miss
1971 silly packumentCache corgi:https://registry.npmjs.org/micromatch cache-miss
1972 silly packumentCache corgi:https://registry.npmjs.org/readdirp cache-miss
1973 http fetch GET 200 https://registry.npmjs.org/aria-query/-/aria-query-5.3.2.tgz 39012ms (cache miss)
1974 http fetch GET 200 https://registry.npmjs.org/readdirp 325ms (cache revalidated)
1975 silly packumentCache corgi:https://registry.npmjs.org/readdirp set size:47123 disposed:false
1976 http fetch GET 200 https://registry.npmjs.org/jest-util 328ms (cache revalidated)
1977 silly packumentCache corgi:https://registry.npmjs.org/jest-util set size:315897 disposed:false
1978 http fetch GET 200 https://registry.npmjs.org/micromatch 341ms (cache revalidated)
1979 silly packumentCache corgi:https://registry.npmjs.org/micromatch set size:71776 disposed:false
1980 http fetch GET 200 https://registry.npmjs.org/anymatch 346ms (cache revalidated)
1981 silly packumentCache corgi:https://registry.npmjs.org/anymatch set size:18345 disposed:false
1982 http fetch GET 200 https://registry.npmjs.org/css-tree/-/css-tree-1.1.3.tgz 39075ms (cache miss)
1983 http fetch GET 200 https://registry.npmjs.org/@rollup%2fpluginutils 854ms (cache revalidated)
1984 silly packumentCache corgi:https://registry.npmjs.org/@rollup%2fpluginutils set size:47240 disposed:false
1985 silly packumentCache corgi:https://registry.npmjs.org/tinyglobby cache-miss
1986 silly packumentCache corgi:https://registry.npmjs.org/fdir cache-miss
1987 http fetch GET 200 https://registry.npmjs.org/@typescript-eslint/typescript-estree/-/typescript-estree-5.62.0.tgz 39919ms (cache miss)
1988 http fetch GET 200 https://registry.npmjs.org/aria-query/-/aria-query-5.3.0.tgz 39695ms (cache miss)
1989 http fetch GET 200 https://registry.npmjs.org/tinyglobby 505ms (cache revalidated)
1990 silly packumentCache corgi:https://registry.npmjs.org/tinyglobby set size:18884 disposed:false
1991 http fetch GET 200 https://registry.npmjs.org/fdir 652ms (cache revalidated)
1992 silly packumentCache corgi:https://registry.npmjs.org/fdir set size:76905 disposed:false
1993 silly packumentCache corgi:https://registry.npmjs.org/resolve-url-loader cache-miss
1994 http fetch GET 200 https://registry.npmjs.org/resolve-url-loader 984ms (cache revalidated)
1995 silly packumentCache corgi:https://registry.npmjs.org/resolve-url-loader set size:61938 disposed:false
1996 silly packumentCache corgi:https://registry.npmjs.org/@csstools%2fpostcss-cascade-layers cache-miss
1997 silly packumentCache corgi:https://registry.npmjs.org/@csstools%2fpostcss-color-function cache-miss
1998 silly packumentCache corgi:https://registry.npmjs.org/@csstools%2fpostcss-font-format-keywords cache-miss
1999 silly packumentCache corgi:https://registry.npmjs.org/@csstools%2fpostcss-hwb-function cache-miss
2000 silly packumentCache corgi:https://registry.npmjs.org/@csstools%2fpostcss-ic-unit cache-miss
2001 silly packumentCache corgi:https://registry.npmjs.org/@csstools%2fpostcss-is-pseudo-class cache-miss
2002 silly packumentCache corgi:https://registry.npmjs.org/@csstools%2fpostcss-nested-calc cache-miss
2003 silly packumentCache corgi:https://registry.npmjs.org/@csstools%2fpostcss-normalize-display-values cache-miss
2004 silly packumentCache corgi:https://registry.npmjs.org/@csstools%2fpostcss-oklab-function cache-miss
2005 silly packumentCache corgi:https://registry.npmjs.org/@csstools%2fpostcss-progressive-custom-properties cache-miss
2006 silly packumentCache corgi:https://registry.npmjs.org/@csstools%2fpostcss-stepped-value-functions cache-miss
2007 silly packumentCache corgi:https://registry.npmjs.org/@csstools%2fpostcss-text-decoration-shorthand cache-miss
2008 silly packumentCache corgi:https://registry.npmjs.org/@csstools%2fpostcss-trigonometric-functions cache-miss
2009 silly packumentCache corgi:https://registry.npmjs.org/@csstools%2fpostcss-unset-value cache-miss
2010 silly packumentCache corgi:https://registry.npmjs.org/autoprefixer cache-miss
2011 silly packumentCache corgi:https://registry.npmjs.org/css-blank-pseudo cache-miss
2012 silly packumentCache corgi:https://registry.npmjs.org/css-declaration-sorter cache-miss
2013 silly packumentCache corgi:https://registry.npmjs.org/css-has-pseudo cache-miss
2014 silly packumentCache corgi:https://registry.npmjs.org/css-loader cache-miss
2015 silly packumentCache corgi:https://registry.npmjs.org/css-minimizer-webpack-plugin cache-miss
2016 silly packumentCache corgi:https://registry.npmjs.org/css-prefers-color-scheme cache-miss
2017 silly packumentCache corgi:https://registry.npmjs.org/cssnano cache-miss
2018 silly packumentCache corgi:https://registry.npmjs.org/cssnano-preset-default cache-miss
2019 silly packumentCache corgi:https://registry.npmjs.org/cssnano-utils cache-miss
2020 silly packumentCache corgi:https://registry.npmjs.org/icss-utils cache-miss
2021 silly packumentCache corgi:https://registry.npmjs.org/postcss-attribute-case-insensitive cache-miss
2022 silly packumentCache corgi:https://registry.npmjs.org/postcss-browser-comments cache-miss
2023 silly packumentCache corgi:https://registry.npmjs.org/postcss-calc cache-miss
2024 silly packumentCache corgi:https://registry.npmjs.org/postcss-clamp cache-miss
2025 silly packumentCache corgi:https://registry.npmjs.org/postcss-color-functional-notation cache-miss
2026 silly packumentCache corgi:https://registry.npmjs.org/postcss-color-hex-alpha cache-miss
2027 silly packumentCache corgi:https://registry.npmjs.org/postcss-color-rebeccapurple cache-miss
2028 silly packumentCache corgi:https://registry.npmjs.org/postcss-colormin cache-miss
2029 silly packumentCache corgi:https://registry.npmjs.org/postcss-convert-values cache-miss
2030 silly packumentCache corgi:https://registry.npmjs.org/postcss-custom-media cache-miss
2031 silly packumentCache corgi:https://registry.npmjs.org/postcss-custom-properties cache-miss
2032 silly packumentCache corgi:https://registry.npmjs.org/postcss-custom-selectors cache-miss
2033 silly packumentCache corgi:https://registry.npmjs.org/postcss-dir-pseudo-class cache-miss
2034 silly packumentCache corgi:https://registry.npmjs.org/postcss-discard-comments cache-miss
2035 silly packumentCache corgi:https://registry.npmjs.org/postcss-discard-duplicates cache-miss
2036 silly packumentCache corgi:https://registry.npmjs.org/postcss-discard-empty cache-miss
2037 silly packumentCache corgi:https://registry.npmjs.org/postcss-discard-overridden cache-miss
2038 silly packumentCache corgi:https://registry.npmjs.org/postcss-double-position-gradients cache-miss
2039 silly packumentCache corgi:https://registry.npmjs.org/postcss-env-function cache-miss
2040 silly packumentCache corgi:https://registry.npmjs.org/postcss-flexbugs-fixes cache-miss
2041 silly packumentCache corgi:https://registry.npmjs.org/postcss-focus-visible cache-miss
2042 silly packumentCache corgi:https://registry.npmjs.org/postcss-focus-within cache-miss
2043 silly packumentCache corgi:https://registry.npmjs.org/postcss-font-variant cache-miss
2044 silly packumentCache corgi:https://registry.npmjs.org/postcss-gap-properties cache-miss
2045 silly packumentCache corgi:https://registry.npmjs.org/postcss-image-set-function cache-miss
2046 silly packumentCache corgi:https://registry.npmjs.org/postcss-import cache-miss
2047 silly packumentCache corgi:https://registry.npmjs.org/postcss-initial cache-miss
2048 silly packumentCache corgi:https://registry.npmjs.org/postcss-js cache-miss
2049 silly packumentCache corgi:https://registry.npmjs.org/postcss-lab-function cache-miss
2050 silly packumentCache corgi:https://registry.npmjs.org/postcss-loader cache-miss
2051 silly packumentCache corgi:https://registry.npmjs.org/postcss-logical cache-miss
2052 silly packumentCache corgi:https://registry.npmjs.org/postcss-media-minmax cache-miss
2053 silly packumentCache corgi:https://registry.npmjs.org/postcss-merge-longhand cache-miss
2054 silly packumentCache corgi:https://registry.npmjs.org/postcss-merge-rules cache-miss
2055 silly packumentCache corgi:https://registry.npmjs.org/postcss-minify-font-values cache-miss
2056 silly packumentCache corgi:https://registry.npmjs.org/postcss-minify-gradients cache-miss
2057 silly packumentCache corgi:https://registry.npmjs.org/postcss-minify-params cache-miss
2058 silly packumentCache corgi:https://registry.npmjs.org/postcss-minify-selectors cache-miss
2059 silly packumentCache corgi:https://registry.npmjs.org/postcss-modules-extract-imports cache-miss
2060 silly packumentCache corgi:https://registry.npmjs.org/postcss-modules-local-by-default cache-miss
2061 silly packumentCache corgi:https://registry.npmjs.org/postcss-modules-scope cache-miss
2062 silly packumentCache corgi:https://registry.npmjs.org/postcss-modules-values cache-miss
2063 silly packumentCache corgi:https://registry.npmjs.org/postcss-nested cache-miss
2064 silly packumentCache corgi:https://registry.npmjs.org/postcss-nesting cache-miss
2065 silly packumentCache corgi:https://registry.npmjs.org/postcss-normalize cache-miss
2066 silly packumentCache corgi:https://registry.npmjs.org/postcss-normalize-charset cache-miss
2067 silly packumentCache corgi:https://registry.npmjs.org/postcss-normalize-display-values cache-miss
2068 silly packumentCache corgi:https://registry.npmjs.org/postcss-normalize-positions cache-miss
2069 silly packumentCache corgi:https://registry.npmjs.org/postcss-normalize-repeat-style cache-miss
2070 silly packumentCache corgi:https://registry.npmjs.org/postcss-normalize-string cache-miss
2071 silly packumentCache corgi:https://registry.npmjs.org/postcss-normalize-timing-functions cache-miss
2072 silly packumentCache corgi:https://registry.npmjs.org/postcss-normalize-unicode cache-miss
2073 silly packumentCache corgi:https://registry.npmjs.org/postcss-normalize-url cache-miss
2074 silly packumentCache corgi:https://registry.npmjs.org/postcss-normalize-whitespace cache-miss
2075 silly packumentCache corgi:https://registry.npmjs.org/postcss-opacity-percentage cache-miss
2076 silly packumentCache corgi:https://registry.npmjs.org/postcss-ordered-values cache-miss
2077 silly packumentCache corgi:https://registry.npmjs.org/postcss-overflow-shorthand cache-miss
2078 silly packumentCache corgi:https://registry.npmjs.org/postcss-page-break cache-miss
2079 silly packumentCache corgi:https://registry.npmjs.org/postcss-place cache-miss
2080 silly packumentCache corgi:https://registry.npmjs.org/postcss-preset-env cache-miss
2081 silly packumentCache corgi:https://registry.npmjs.org/postcss-pseudo-class-any-link cache-miss
2082 silly packumentCache corgi:https://registry.npmjs.org/postcss-reduce-initial cache-miss
2083 silly packumentCache corgi:https://registry.npmjs.org/postcss-reduce-transforms cache-miss
2084 silly packumentCache corgi:https://registry.npmjs.org/postcss-replace-overflow-wrap cache-miss
2085 silly packumentCache corgi:https://registry.npmjs.org/postcss-selector-not cache-miss
2086 silly packumentCache corgi:https://registry.npmjs.org/postcss-svgo cache-miss
2087 silly packumentCache corgi:https://registry.npmjs.org/postcss-unique-selectors cache-miss
2088 silly packumentCache corgi:https://registry.npmjs.org/react-scripts cache-miss
2089 silly packumentCache corgi:https://registry.npmjs.org/stylehacks cache-miss
2090 silly packumentCache corgi:https://registry.npmjs.org/tailwindcss cache-miss
2091 silly packumentCache corgi:https://registry.npmjs.org/postcss-load-config cache-miss
2092 http fetch GET 200 https://registry.npmjs.org/autoprefixer 1791ms (cache revalidated)
2093 silly packumentCache corgi:https://registry.npmjs.org/autoprefixer set size:298545 disposed:false
2094 http fetch GET 200 https://registry.npmjs.org/css-declaration-sorter 1798ms (cache revalidated)
2095 silly packumentCache corgi:https://registry.npmjs.org/css-declaration-sorter set size:58247 disposed:false
2096 http fetch GET 200 https://registry.npmjs.org/css-loader 1800ms (cache revalidated)
2097 silly packumentCache corgi:https://registry.npmjs.org/css-loader set size:243401 disposed:false
2098 http fetch GET 200 https://registry.npmjs.org/css-has-pseudo 1806ms (cache revalidated)
2099 silly packumentCache corgi:https://registry.npmjs.org/css-has-pseudo set size:51534 disposed:false
2100 http fetch GET 200 https://registry.npmjs.org/css-blank-pseudo 1820ms (cache revalidated)
2101 silly packumentCache corgi:https://registry.npmjs.org/css-blank-pseudo set size:35734 disposed:false
2102 http fetch GET 200 https://registry.npmjs.org/css-minimizer-webpack-plugin 1999ms (cache revalidated)
2103 silly packumentCache corgi:https://registry.npmjs.org/css-minimizer-webpack-plugin set size:92918 disposed:false
2104 http fetch GET 200 https://registry.npmjs.org/@csstools%2fpostcss-nested-calc 2026ms (cache revalidated)
2105 silly packumentCache corgi:https://registry.npmjs.org/@csstools%2fpostcss-nested-calc set size:11317 disposed:false
2106 http fetch GET 200 https://registry.npmjs.org/@csstools%2fpostcss-unset-value 2010ms (cache revalidated)
2107 silly packumentCache corgi:https://registry.npmjs.org/@csstools%2fpostcss-unset-value set size:11613 disposed:false
2108 http fetch GET 200 https://registry.npmjs.org/@csstools%2fpostcss-color-function 2035ms (cache revalidated)
2109 silly packumentCache corgi:https://registry.npmjs.org/@csstools%2fpostcss-color-function set size:61013 disposed:false
2110 http fetch GET 200 https://registry.npmjs.org/@csstools%2fpostcss-ic-unit 2035ms (cache revalidated)
2111 silly packumentCache corgi:https://registry.npmjs.org/@csstools%2fpostcss-ic-unit set size:24263 disposed:false
2112 http fetch GET 200 https://registry.npmjs.org/@csstools%2fpostcss-cascade-layers 2041ms (cache revalidated)
2113 silly packumentCache corgi:https://registry.npmjs.org/@csstools%2fpostcss-cascade-layers set size:32222 disposed:false
2114 http fetch GET 200 https://registry.npmjs.org/@csstools%2fpostcss-oklab-function 2033ms (cache revalidated)
2115 silly packumentCache corgi:https://registry.npmjs.org/@csstools%2fpostcss-oklab-function set size:58508 disposed:false
2116 http fetch GET 200 https://registry.npmjs.org/@csstools%2fpostcss-font-format-keywords 2042ms (cache revalidated)
2117 silly packumentCache corgi:https://registry.npmjs.org/@csstools%2fpostcss-font-format-keywords set size:13193 disposed:false
2118 http fetch GET 200 https://registry.npmjs.org/css-prefers-color-scheme 3223ms (cache revalidated)
2119 silly packumentCache corgi:https://registry.npmjs.org/css-prefers-color-scheme set size:30626 disposed:false
2120 http fetch GET 200 https://registry.npmjs.org/@csstools%2fpostcss-hwb-function 3254ms (cache revalidated)
2121 silly packumentCache corgi:https://registry.npmjs.org/@csstools%2fpostcss-hwb-function set size:53483 disposed:false
2122 http fetch GET 200 https://registry.npmjs.org/@csstools%2fpostcss-normalize-display-values 3250ms (cache revalidated)
2123 silly packumentCache corgi:https://registry.npmjs.org/@csstools%2fpostcss-normalize-display-values set size:13211 disposed:false
2124 http fetch GET 200 https://registry.npmjs.org/@csstools%2fpostcss-stepped-value-functions 3249ms (cache revalidated)
2125 silly packumentCache corgi:https://registry.npmjs.org/@csstools%2fpostcss-stepped-value-functions set size:34436 disposed:false
2126 http fetch GET 200 https://registry.npmjs.org/cssnano-utils 3231ms (cache revalidated)
2127 silly packumentCache corgi:https://registry.npmjs.org/cssnano-utils set size:53706 disposed:false
2128 http fetch GET 200 https://registry.npmjs.org/postcss-color-functional-notation 3231ms (cache revalidated)
2129 silly packumentCache corgi:https://registry.npmjs.org/postcss-color-functional-notation set size:69067 disposed:false
2130 http fetch GET 200 https://registry.npmjs.org/icss-utils 3236ms (cache revalidated)
2131 silly packumentCache corgi:https://registry.npmjs.org/icss-utils set size:13079 disposed:false
2132 http fetch GET 200 https://registry.npmjs.org/cssnano-preset-default 3239ms (cache revalidated)
2133 silly packumentCache corgi:https://registry.npmjs.org/cssnano-preset-default set size:212514 disposed:false
2134 http fetch GET 200 https://registry.npmjs.org/@csstools%2fpostcss-text-decoration-shorthand 3264ms (cache revalidated)
2135 silly packumentCache corgi:https://registry.npmjs.org/@csstools%2fpostcss-text-decoration-shorthand set size:30581 disposed:false
2136 http fetch GET 200 https://registry.npmjs.org/@csstools%2fpostcss-trigonometric-functions 3259ms (cache revalidated)
2137 silly packumentCache corgi:https://registry.npmjs.org/@csstools%2fpostcss-trigonometric-functions set size:36243 disposed:false
2138 http fetch GET 200 https://registry.npmjs.org/cssnano 3248ms (cache revalidated)
2139 silly packumentCache corgi:https://registry.npmjs.org/cssnano set size:249021 disposed:false
2140 http fetch GET 200 https://registry.npmjs.org/postcss-browser-comments 3253ms (cache revalidated)
2141 silly packumentCache corgi:https://registry.npmjs.org/postcss-browser-comments set size:11280 disposed:false
2142 http fetch GET 200 https://registry.npmjs.org/postcss-calc 3256ms (cache revalidated)
2143 silly packumentCache corgi:https://registry.npmjs.org/postcss-calc set size:45697 disposed:false
2144 http fetch GET 200 https://registry.npmjs.org/postcss-color-rebeccapurple 3250ms (cache revalidated)
2145 silly packumentCache corgi:https://registry.npmjs.org/postcss-color-rebeccapurple set size:30583 disposed:false
2146 http fetch GET 200 https://registry.npmjs.org/postcss-color-hex-alpha 3258ms (cache revalidated)
2147 silly packumentCache corgi:https://registry.npmjs.org/postcss-color-hex-alpha set size:32873 disposed:false
2148 http fetch GET 200 https://registry.npmjs.org/postcss-attribute-case-insensitive 3263ms (cache revalidated)
2149 silly packumentCache corgi:https://registry.npmjs.org/postcss-attribute-case-insensitive set size:25828 disposed:false
2150 http fetch GET 200 https://registry.npmjs.org/postcss-clamp 3262ms (cache revalidated)
2151 silly packumentCache corgi:https://registry.npmjs.org/postcss-clamp set size:12419 disposed:false
2152 http fetch GET 200 https://registry.npmjs.org/postcss-custom-media 3253ms (cache revalidated)
2153 silly packumentCache corgi:https://registry.npmjs.org/postcss-custom-media set size:59469 disposed:false
2154 http fetch GET 200 https://registry.npmjs.org/postcss-custom-properties 3258ms (cache revalidated)
2155 silly packumentCache corgi:https://registry.npmjs.org/postcss-custom-properties set size:120876 disposed:false
2156 http fetch GET 200 https://registry.npmjs.org/postcss-colormin 3264ms (cache revalidated)
2157 silly packumentCache corgi:https://registry.npmjs.org/postcss-colormin set size:91306 disposed:false
2158 http fetch GET 200 https://registry.npmjs.org/postcss-convert-values 3266ms (cache revalidated)
2159 silly packumentCache corgi:https://registry.npmjs.org/postcss-convert-values set size:92448 disposed:false
2160 http fetch GET 200 https://registry.npmjs.org/postcss-dir-pseudo-class 3266ms (cache revalidated)
2161 silly packumentCache corgi:https://registry.npmjs.org/postcss-dir-pseudo-class set size:26189 disposed:false
2162 http fetch GET 200 https://registry.npmjs.org/postcss-discard-comments 3266ms (cache revalidated)
2163 silly packumentCache corgi:https://registry.npmjs.org/postcss-discard-comments set size:71663 disposed:false
2164 http fetch GET 200 https://registry.npmjs.org/postcss-double-position-gradients 3266ms (cache revalidated)
2165 silly packumentCache corgi:https://registry.npmjs.org/postcss-double-position-gradients set size:39755 disposed:false
2166 http fetch GET 200 https://registry.npmjs.org/postcss-custom-selectors 3272ms (cache revalidated)
2167 silly packumentCache corgi:https://registry.npmjs.org/postcss-custom-selectors set size:47804 disposed:false
2168 http fetch GET 200 https://registry.npmjs.org/postcss-env-function 3273ms (cache revalidated)
2169 silly packumentCache corgi:https://registry.npmjs.org/postcss-env-function set size:25195 disposed:false
2170 http fetch GET 200 https://registry.npmjs.org/postcss-discard-duplicates 3276ms (cache revalidated)
2171 silly packumentCache corgi:https://registry.npmjs.org/postcss-discard-duplicates set size:63402 disposed:false
2172 http fetch GET 200 https://registry.npmjs.org/postcss-discard-empty 3277ms (cache revalidated)
2173 silly packumentCache corgi:https://registry.npmjs.org/postcss-discard-empty set size:57298 disposed:false
2174 http fetch GET 200 https://registry.npmjs.org/postcss-focus-visible 3298ms (cache revalidated)
2175 silly packumentCache corgi:https://registry.npmjs.org/postcss-focus-visible set size:24915 disposed:false
2176 http fetch GET 200 https://registry.npmjs.org/postcss-flexbugs-fixes 3341ms (cache revalidated)
2177 silly packumentCache corgi:https://registry.npmjs.org/postcss-flexbugs-fixes set size:21877 disposed:false
2178 http fetch GET 200 https://registry.npmjs.org/postcss-js 3614ms (cache revalidated)
2179 silly packumentCache corgi:https://registry.npmjs.org/postcss-js set size:25314 disposed:false
2180 http fetch GET 200 https://registry.npmjs.org/postcss-discard-overridden 3630ms (cache revalidated)
2181 silly packumentCache corgi:https://registry.npmjs.org/postcss-discard-overridden set size:54177 disposed:false
2182 http fetch GET 200 https://registry.npmjs.org/postcss-focus-within 3630ms (cache revalidated)
2183 silly packumentCache corgi:https://registry.npmjs.org/postcss-focus-within set size:26330 disposed:false
2184 http fetch GET 200 https://registry.npmjs.org/postcss-initial 3685ms (cache revalidated)
2185 silly packumentCache corgi:https://registry.npmjs.org/postcss-initial set size:17055 disposed:false
2186 http fetch GET 200 https://registry.npmjs.org/postcss-image-set-function 3693ms (cache revalidated)
2187 silly packumentCache corgi:https://registry.npmjs.org/postcss-image-set-function set size:30186 disposed:false
2188 http fetch GET 200 https://registry.npmjs.org/postcss-logical 3687ms (cache revalidated)
2189 silly packumentCache corgi:https://registry.npmjs.org/postcss-logical set size:28962 disposed:false
2190 http fetch GET 200 https://registry.npmjs.org/postcss-merge-longhand 3689ms (cache revalidated)
2191 silly packumentCache corgi:https://registry.npmjs.org/postcss-merge-longhand set size:93426 disposed:false
2192 http fetch GET 200 https://registry.npmjs.org/postcss-lab-function 3694ms (cache revalidated)
2193 silly packumentCache corgi:https://registry.npmjs.org/postcss-lab-function set size:82837 disposed:false
2194 http fetch GET 200 https://registry.npmjs.org/postcss-modules-values 3689ms (cache revalidated)
2195 silly packumentCache corgi:https://registry.npmjs.org/postcss-modules-values set size:22165 disposed:false
2196 http fetch GET 200 https://registry.npmjs.org/postcss-loader 3698ms (cache revalidated)
2197 silly packumentCache corgi:https://registry.npmjs.org/postcss-loader set size:134258 disposed:false
2198 http fetch GET 200 https://registry.npmjs.org/postcss-modules-extract-imports 4028ms (cache revalidated)
2199 silly packumentCache corgi:https://registry.npmjs.org/postcss-modules-extract-imports set size:20843 disposed:false
2200 http fetch GET 200 https://registry.npmjs.org/postcss-modules-scope 4029ms (cache revalidated)
2201 silly packumentCache corgi:https://registry.npmjs.org/postcss-modules-scope set size:31384 disposed:false
2202 http fetch GET 200 https://registry.npmjs.org/postcss-media-minmax 4036ms (cache revalidated)
2203 silly packumentCache corgi:https://registry.npmjs.org/postcss-media-minmax set size:7881 disposed:false
2204 http fetch GET 200 https://registry.npmjs.org/postcss-minify-font-values 4035ms (cache revalidated)
2205 silly packumentCache corgi:https://registry.npmjs.org/postcss-minify-font-values set size:61173 disposed:false
2206 http fetch GET 200 https://registry.npmjs.org/postcss-nested 4034ms (cache revalidated)
2207 silly packumentCache corgi:https://registry.npmjs.org/postcss-nested set size:41645 disposed:false
2208 http fetch GET 200 https://registry.npmjs.org/postcss-minify-selectors 4040ms (cache revalidated)
2209 silly packumentCache corgi:https://registry.npmjs.org/postcss-minify-selectors set size:86941 disposed:false
2210 http fetch GET 200 https://registry.npmjs.org/postcss-minify-gradients 4046ms (cache revalidated)
2211 silly packumentCache corgi:https://registry.npmjs.org/postcss-minify-gradients set size:68938 disposed:false
2212 http fetch GET 200 https://registry.npmjs.org/postcss-font-variant 4060ms (cache revalidated)
2213 silly packumentCache corgi:https://registry.npmjs.org/postcss-font-variant set size:9720 disposed:false
2214 http fetch GET 200 https://registry.npmjs.org/postcss-merge-rules 4052ms (cache revalidated)
2215 silly packumentCache corgi:https://registry.npmjs.org/postcss-merge-rules set size:104211 disposed:false
2216 http fetch GET 200 https://registry.npmjs.org/postcss-minify-params 4054ms (cache revalidated)
2217 silly packumentCache corgi:https://registry.npmjs.org/postcss-minify-params set size:81363 disposed:false
2218 http fetch GET 200 https://registry.npmjs.org/postcss-normalize-repeat-style 4141ms (cache revalidated)
2219 silly packumentCache corgi:https://registry.npmjs.org/postcss-normalize-repeat-style set size:58607 disposed:false
2220 http fetch GET 200 https://registry.npmjs.org/postcss-nesting 4146ms (cache revalidated)
2221 silly packumentCache corgi:https://registry.npmjs.org/postcss-nesting set size:76475 disposed:false
2222 http fetch GET 200 https://registry.npmjs.org/postcss-import 4157ms (cache revalidated)
2223 silly packumentCache corgi:https://registry.npmjs.org/postcss-import set size:52251 disposed:false
2224 http fetch GET 200 https://registry.npmjs.org/postcss-modules-local-by-default 4152ms (cache revalidated)
2225 silly packumentCache corgi:https://registry.npmjs.org/postcss-modules-local-by-default set size:48451 disposed:false
2226 http fetch GET 200 https://registry.npmjs.org/postcss-normalize 4152ms (cache revalidated)
2227 silly packumentCache corgi:https://registry.npmjs.org/postcss-normalize set size:27537 disposed:false
2228 http fetch GET 200 https://registry.npmjs.org/postcss-preset-env 4142ms (cache revalidated)
2229 silly packumentCache corgi:https://registry.npmjs.org/postcss-preset-env set size:464642 disposed:false
2230 http fetch GET 200 https://registry.npmjs.org/postcss-normalize-display-values 4222ms (cache revalidated)
2231 silly packumentCache corgi:https://registry.npmjs.org/postcss-normalize-display-values set size:55277 disposed:false
2232 http fetch GET 200 https://registry.npmjs.org/postcss-normalize-charset 4242ms (cache revalidated)
2233 silly packumentCache corgi:https://registry.npmjs.org/postcss-normalize-charset set size:52584 disposed:false
2234 http fetch GET 200 https://registry.npmjs.org/postcss-normalize-timing-functions 4245ms (cache revalidated)
2235 silly packumentCache corgi:https://registry.npmjs.org/postcss-normalize-timing-functions set size:55509 disposed:false
2236 http fetch GET 200 https://registry.npmjs.org/postcss-normalize-positions 4255ms (cache revalidated)
2237 silly packumentCache corgi:https://registry.npmjs.org/postcss-normalize-positions set size:57777 disposed:false
2238 http fetch GET 200 https://registry.npmjs.org/postcss-normalize-url 4249ms (cache revalidated)
2239 silly packumentCache corgi:https://registry.npmjs.org/postcss-normalize-url set size:73085 disposed:false
2240 http fetch GET 200 https://registry.npmjs.org/postcss-normalize-unicode 4252ms (cache revalidated)
2241 silly packumentCache corgi:https://registry.npmjs.org/postcss-normalize-unicode set size:62851 disposed:false
2242 http fetch GET 200 https://registry.npmjs.org/postcss-normalize-string 4255ms (cache revalidated)
2243 silly packumentCache corgi:https://registry.npmjs.org/postcss-normalize-string set size:55524 disposed:false
2244 http fetch GET 200 https://registry.npmjs.org/postcss-normalize-whitespace 4257ms (cache revalidated)
2245 silly packumentCache corgi:https://registry.npmjs.org/postcss-normalize-whitespace set size:57396 disposed:false
2246 http fetch GET 200 https://registry.npmjs.org/postcss-ordered-values 4259ms (cache revalidated)
2247 silly packumentCache corgi:https://registry.npmjs.org/postcss-ordered-values set size:76556 disposed:false
2248 http fetch GET 200 https://registry.npmjs.org/@typescript-eslint/utils/-/utils-5.62.0.tgz 45930ms (cache miss)
2249 http fetch GET 200 https://registry.npmjs.org/sucrase/-/sucrase-3.35.1.tgz 45757ms (cache miss)
2250 http fetch GET 200 https://registry.npmjs.org/@babel/types/-/types-7.28.5.tgz 45965ms (cache miss)
2251 http fetch GET 200 https://registry.npmjs.org/postcss-gap-properties 4795ms (cache revalidated)
2252 silly packumentCache corgi:https://registry.npmjs.org/postcss-gap-properties set size:19023 disposed:false
2253 http fetch GET 200 https://registry.npmjs.org/postcss-overflow-shorthand 4768ms (cache revalidated)
2254 silly packumentCache corgi:https://registry.npmjs.org/postcss-overflow-shorthand set size:19703 disposed:false
2255 http fetch GET 200 https://registry.npmjs.org/postcss-selector-not 4766ms (cache revalidated)
2256 silly packumentCache corgi:https://registry.npmjs.org/postcss-selector-not set size:21595 disposed:false
2257 http fetch GET 200 https://registry.npmjs.org/postcss-reduce-transforms 4771ms (cache revalidated)
2258 silly packumentCache corgi:https://registry.npmjs.org/postcss-reduce-transforms set size:60219 disposed:false
2259 http fetch GET 200 https://registry.npmjs.org/postcss-page-break 4775ms (cache revalidated)
2260 silly packumentCache corgi:https://registry.npmjs.org/postcss-page-break set size:10950 disposed:false
2261 http fetch GET 200 https://registry.npmjs.org/postcss-replace-overflow-wrap 4774ms (cache revalidated)
2262 silly packumentCache corgi:https://registry.npmjs.org/postcss-replace-overflow-wrap set size:5243 disposed:false
2263 http fetch GET 200 https://registry.npmjs.org/postcss-place 4777ms (cache revalidated)
2264 silly packumentCache corgi:https://registry.npmjs.org/postcss-place set size:27729 disposed:false
2265 http fetch GET 200 https://registry.npmjs.org/postcss-svgo 4775ms (cache revalidated)
2266 silly packumentCache corgi:https://registry.npmjs.org/postcss-svgo set size:72080 disposed:false
2267 http fetch GET 200 https://registry.npmjs.org/tailwindcss 4802ms (cache revalidated)
2268 silly packumentCache corgi:https://registry.npmjs.org/tailwindcss set size:4711447 disposed:false
2269 http fetch GET 200 https://registry.npmjs.org/postcss-reduce-initial 4943ms (cache revalidated)
2270 silly packumentCache corgi:https://registry.npmjs.org/postcss-reduce-initial set size:68268 disposed:false
2271 http fetch GET 200 https://registry.npmjs.org/postcss-pseudo-class-any-link 4946ms (cache revalidated)
2272 silly packumentCache corgi:https://registry.npmjs.org/postcss-pseudo-class-any-link set size:36043 disposed:false
2273 http fetch GET 200 https://registry.npmjs.org/postcss-opacity-percentage 5136ms (cache revalidated)
2274 silly packumentCache corgi:https://registry.npmjs.org/postcss-opacity-percentage set size:13019 disposed:false
2275 http fetch GET 200 https://registry.npmjs.org/react-scripts 5264ms (cache revalidated)
2276 silly packumentCache corgi:https://registry.npmjs.org/react-scripts set size:342451 disposed:false
2277 http fetch GET 200 https://registry.npmjs.org/postcss-load-config 5273ms (cache revalidated)
2278 silly packumentCache corgi:https://registry.npmjs.org/postcss-load-config set size:37999 disposed:false
2279 http fetch GET 200 https://registry.npmjs.org/stylehacks 5280ms (cache revalidated)
2280 silly packumentCache corgi:https://registry.npmjs.org/stylehacks set size:71589 disposed:false
2281 http fetch GET 200 https://registry.npmjs.org/postcss-unique-selectors 5309ms (cache revalidated)
2282 silly packumentCache corgi:https://registry.npmjs.org/postcss-unique-selectors set size:64482 disposed:false
2283 http fetch GET 200 https://registry.npmjs.org/@csstools%2fpostcss-is-pseudo-class 5392ms (cache revalidated)
2284 silly packumentCache corgi:https://registry.npmjs.org/@csstools%2fpostcss-is-pseudo-class set size:40612 disposed:false
2285 http fetch GET 200 https://registry.npmjs.org/@babel/runtime/-/runtime-7.28.4.tgz 46767ms (cache miss)
2286 http fetch GET 200 https://registry.npmjs.org/@csstools%2fpostcss-progressive-custom-properties 5480ms (cache revalidated)
2287 silly packumentCache corgi:https://registry.npmjs.org/@csstools%2fpostcss-progressive-custom-properties set size:29133 disposed:false
2288 silly packumentCache corgi:https://registry.npmjs.org/body-parser cache-miss
2289 http fetch GET 200 https://registry.npmjs.org/@babel/helpers/-/helpers-7.28.4.tgz 47202ms (cache miss)
2290 http fetch GET 200 https://registry.npmjs.org/body-parser 466ms (cache revalidated)
2291 silly packumentCache corgi:https://registry.npmjs.org/body-parser set size:78944 disposed:false
2292 silly packumentCache corgi:https://registry.npmjs.org/@rollup%2fplugin-babel cache-miss
2293 silly packumentCache corgi:https://registry.npmjs.org/@rollup%2fplugin-node-resolve cache-miss
2294 silly packumentCache corgi:https://registry.npmjs.org/@rollup%2fplugin-replace cache-miss
2295 silly packumentCache corgi:https://registry.npmjs.org/rollup-plugin-terser cache-miss
2296 http fetch GET 200 https://registry.npmjs.org/rollup-plugin-terser 885ms (cache revalidated)
2297 silly packumentCache corgi:https://registry.npmjs.org/rollup-plugin-terser set size:47323 disposed:false
2298 http fetch GET 200 https://registry.npmjs.org/@rollup%2fplugin-replace 1232ms (cache revalidated)
2299 silly packumentCache corgi:https://registry.npmjs.org/@rollup%2fplugin-replace set size:38369 disposed:false
2300 http fetch GET 200 https://registry.npmjs.org/@rollup%2fplugin-node-resolve 1246ms (cache revalidated)
2301 silly packumentCache corgi:https://registry.npmjs.org/@rollup%2fplugin-node-resolve set size:91698 disposed:false
2302 http fetch GET 200 https://registry.npmjs.org/@rollup%2fplugin-babel 1248ms (cache revalidated)
2303 silly packumentCache corgi:https://registry.npmjs.org/@rollup%2fplugin-babel set size:35533 disposed:false
2304 silly packumentCache corgi:https://registry.npmjs.org/terser-webpack-plugin cache-miss
2305 http fetch GET 200 https://registry.npmjs.org/terser-webpack-plugin 582ms (cache revalidated)
2306 silly packumentCache corgi:https://registry.npmjs.org/terser-webpack-plugin set size:211133 disposed:false
2307 silly packumentCache corgi:https://registry.npmjs.org/cosmiconfig cache-miss
2308 http fetch GET 200 https://registry.npmjs.org/cosmiconfig 297ms (cache revalidated)
2309 silly packumentCache corgi:https://registry.npmjs.org/cosmiconfig set size:83406 disposed:false
2310 silly packumentCache corgi:https://registry.npmjs.org/sockjs cache-miss
2311 http fetch GET 200 https://registry.npmjs.org/tailwindcss/-/tailwindcss-3.4.19.tgz 49817ms (cache miss)
2312 http fetch GET 200 https://registry.npmjs.org/eslint/-/eslint-8.57.1.tgz 53565ms (cache miss)
2313 warn deprecated eslint@8.57.1: This version is no longer supported. Please see https://eslint.org/version-support for other options.
2314 http fetch GET 200 https://registry.npmjs.org/ajv/-/ajv-8.17.1.tgz 53664ms (cache miss)
2315 http fetch GET 200 https://registry.npmjs.org/@typescript-eslint/eslint-plugin/-/eslint-plugin-5.62.0.tgz 54101ms (cache miss)
2316 http fetch GET 200 https://registry.npmjs.org/@typescript-eslint/scope-manager/-/scope-manager-5.62.0.tgz 54328ms (cache miss)
2317 http fetch GET 200 https://registry.npmjs.org/sockjs 5135ms (cache revalidated)
2318 silly packumentCache corgi:https://registry.npmjs.org/sockjs set size:25891 disposed:false
2319 silly packumentCache corgi:https://registry.npmjs.org/@pmmmwh%2freact-refresh-webpack-plugin cache-miss
2320 http fetch GET 200 https://registry.npmjs.org/@pmmmwh%2freact-refresh-webpack-plugin 1785ms (cache revalidated)
2321 silly packumentCache corgi:https://registry.npmjs.org/@pmmmwh%2freact-refresh-webpack-plugin set size:206166 disposed:false
2322 silly packumentCache corgi:https://registry.npmjs.org/jsdom cache-miss
2323 http fetch GET 200 https://registry.npmjs.org/jsdom 1022ms (cache revalidated)
2324 silly packumentCache corgi:https://registry.npmjs.org/jsdom set size:383595 disposed:false
2325 silly packumentCache corgi:https://registry.npmjs.org/webpack cache-miss
2326 http fetch GET 200 https://registry.npmjs.org/webpack 483ms (cache revalidated)
2327 silly packumentCache corgi:https://registry.npmjs.org/webpack set size:2018037 disposed:false
2328 silly packumentCache corgi:https://registry.npmjs.org/jest-environment-jsdom cache-miss
2329 http fetch GET 200 https://registry.npmjs.org/webpack/-/webpack-5.104.1.tgz 59144ms (cache miss)
2330 http fetch GET 200 https://registry.npmjs.org/caniuse-lite/-/caniuse-lite-1.0.30001762.tgz 60099ms (cache miss)
2331 http fetch GET 200 https://registry.npmjs.org/typescript/-/typescript-4.9.5.tgz 62273ms (cache miss)
2332 http fetch GET 200 https://registry.npmjs.org/jest-environment-jsdom 4622ms (cache revalidated)
2333 silly packumentCache corgi:https://registry.npmjs.org/jest-environment-jsdom set size:347321 disposed:false
2334 silly packumentCache corgi:https://registry.npmjs.org/@svgr%2fplugin-svgo cache-miss
2335 http fetch GET 200 https://registry.npmjs.org/@svgr%2fplugin-svgo 921ms (cache revalidated)
2336 silly packumentCache corgi:https://registry.npmjs.org/@svgr%2fplugin-svgo set size:36570 disposed:false
2337 silly packumentCache corgi:https://registry.npmjs.org/workbox-webpack-plugin cache-miss
2338 http fetch GET 200 https://registry.npmjs.org/workbox-webpack-plugin 370ms (cache revalidated)
2339 silly packumentCache corgi:https://registry.npmjs.org/workbox-webpack-plugin set size:136237 disposed:false
2340 silly packumentCache corgi:https://registry.npmjs.org/jest-config cache-miss
2341 silly packumentCache corgi:https://registry.npmjs.org/jest-runner cache-miss
2342 http fetch GET 200 https://registry.npmjs.org/jest-config 145ms (cache revalidated)
2343 silly packumentCache corgi:https://registry.npmjs.org/jest-config set size:529999 disposed:false
2344 http fetch GET 200 https://registry.npmjs.org/jest-runner 412ms (cache revalidated)
2345 silly packumentCache corgi:https://registry.npmjs.org/jest-runner set size:451040 disposed:false
2346 silly packumentCache corgi:https://registry.npmjs.org/@svgr%2fwebpack cache-miss
2347 http fetch GET 200 https://registry.npmjs.org/@svgr%2fwebpack 1393ms (cache revalidated)
2348 silly packumentCache corgi:https://registry.npmjs.org/@svgr%2fwebpack set size:85201 disposed:false
2349 silly packumentCache corgi:https://registry.npmjs.org/@jest%2fcore cache-miss
2350 silly packumentCache corgi:https://registry.npmjs.org/jest-cli cache-miss
2351 http fetch GET 200 https://registry.npmjs.org/@jest%2fcore 1322ms (cache revalidated)
2352 silly packumentCache corgi:https://registry.npmjs.org/@jest%2fcore set size:388923 disposed:false
2353 http fetch GET 200 https://registry.npmjs.org/jest-cli 1465ms (cache revalidated)
2354 silly packumentCache corgi:https://registry.npmjs.org/jest-cli set size:642191 disposed:false
2355 silly packumentCache corgi:https://registry.npmjs.org/jest cache-miss
2356 http fetch GET 200 https://registry.npmjs.org/jest 490ms (cache revalidated)
2357 silly packumentCache corgi:https://registry.npmjs.org/jest set size:408741 disposed:false
2358 silly packumentCache corgi:https://registry.npmjs.org/jest-watch-typeahead cache-miss
2359 http fetch GET 200 https://registry.npmjs.org/jest-watch-typeahead 348ms (cache revalidated)
2360 silly packumentCache corgi:https://registry.npmjs.org/jest-watch-typeahead set size:69801 disposed:false
2361 http fetch GET 200 https://registry.npmjs.org/es-abstract/-/es-abstract-1.24.1.tgz 76372ms (cache miss)
2362 http fetch GET 200 https://registry.npmjs.org/core-js-pure/-/core-js-pure-3.47.0.tgz 79972ms (cache miss)
2363 http fetch GET 200 https://registry.npmjs.org/core-js/-/core-js-3.47.0.tgz 80180ms (cache miss)
2364 info run core-js@3.47.0 postinstall node_modules/core-js node -e "try{require('./postinstall')}catch(e){}"
2365 info run core-js-pure@3.47.0 postinstall node_modules/core-js-pure node -e "try{require('./postinstall')}catch(e){}"
2366 info run core-js@3.47.0 postinstall { code: 'ERR_INVALID_ARG_TYPE', signal: undefined }
2367 info run core-js-pure@3.47.0 postinstall { code: 'ERR_INVALID_ARG_TYPE', signal: undefined }
2368 warn cleanup Failed to remove some directories [
2368 warn cleanup   [
2368 warn cleanup     '\\\\?\\E:\\Abhivyakti\\frontend\\node_modules\\webpack',
2368 warn cleanup     [Error: EPERM: operation not permitted, rmdir 'E:\Abhivyakti\frontend\node_modules\webpack\lib'] {
2368 warn cleanup       errno: -4048,
2368 warn cleanup       code: 'EPERM',
2368 warn cleanup       syscall: 'rmdir',
2368 warn cleanup       path: 'E:\\Abhivyakti\\frontend\\node_modules\\webpack\\lib'
2368 warn cleanup     }
2368 warn cleanup   ],
2368 warn cleanup   [
2368 warn cleanup     '\\\\?\\E:\\Abhivyakti\\frontend\\node_modules\\js-yaml',
2368 warn cleanup     [Error: EPERM: operation not permitted, rmdir 'E:\Abhivyakti\frontend\node_modules\js-yaml\lib'] {
2368 warn cleanup       errno: -4048,
2368 warn cleanup       code: 'EPERM',
2368 warn cleanup       syscall: 'rmdir',
2368 warn cleanup       path: 'E:\\Abhivyakti\\frontend\\node_modules\\js-yaml\\lib'
2368 warn cleanup     }
2368 warn cleanup   ]
2368 warn cleanup ]
2369 verbose stack TypeError [ERR_INVALID_ARG_TYPE]: The "file" argument must be of type string. Received undefined
2369 verbose stack     at normalizeSpawnArguments (node:child_process:567:3)
2369 verbose stack     at spawn (node:child_process:780:13)
2369 verbose stack     at promiseSpawn (C:\Program Files\nodejs\node_modules\npm\node_modules\@npmcli\promise-spawn\lib\index.js:39:16)
2369 verbose stack     at spawnWithShell (C:\Program Files\nodejs\node_modules\npm\node_modules\@npmcli\promise-spawn\lib\index.js:124:10)
2369 verbose stack     at promiseSpawn (C:\Program Files\nodejs\node_modules\npm\node_modules\@npmcli\promise-spawn\lib\index.js:12:12)
2369 verbose stack     at runScriptPkg (C:\Program Files\nodejs\node_modules\npm\node_modules\@npmcli\run-script\lib\run-script-pkg.js:79:13)
2369 verbose stack     at runScript (C:\Program Files\nodejs\node_modules\npm\node_modules\@npmcli\run-script\lib\run-script.js:9:12)
2369 verbose stack     at C:\Program Files\nodejs\node_modules\npm\node_modules\@npmcli\arborist\lib\arborist\rebuild.js:329:17
2369 verbose stack     at run (C:\Program Files\nodejs\node_modules\npm\node_modules\promise-call-limit\dist\commonjs\index.js:67:22)
2369 verbose stack     at C:\Program Files\nodejs\node_modules\npm\node_modules\promise-call-limit\dist\commonjs\index.js:84:9
2370 error code ERR_INVALID_ARG_TYPE
2371 error The "file" argument must be of type string. Received undefined
2372 silly unfinished npm timer reify 1779559252106
2373 silly unfinished npm timer reify:build 1779559342323
2374 silly unfinished npm timer build 1779559342329
2375 silly unfinished npm timer build:deps 1779559342330
2376 silly unfinished npm timer build:run:postinstall 1779559342721
2377 silly unfinished npm timer build:run:postinstall:node_modules/core-js 1779559342722
2378 silly unfinished npm timer build:run:postinstall:node_modules/core-js-pure 1779559342730
2379 verbose cwd E:\Abhivyakti\frontend
2380 verbose os Windows_NT 10.0.26200
2381 verbose node v22.20.0
2382 verbose npm  v10.9.3
2383 verbose exit 1
2384 verbose code 1
2385 error A complete log of this run can be found in: E:\Abhivyakti\frontend\.npm-cache\_logs\2026-05-23T18_00_50_879Z-debug-0.log
