0 verbose cli C:\Program Files\nodejs\node.exe C:\Program Files\nodejs\node_modules\npm\bin\npm-cli.js
1 info using npm@10.9.3
2 info using node@v22.20.0
3 silly config load:file:C:\Program Files\nodejs\node_modules\npm\npmrc
4 silly config load:file:E:\Abhivyakti\frontend\.npmrc
5 silly config load:file:C:\Users\user\.npmrc
6 silly config load:file:E:\npm-global\etc\npmrc
7 verbose title npm install
8 verbose argv "install"
9 verbose logfile logs-max:10 dir:E:\Abhivyakti\frontend\.npm-cache\_logs\2026-05-23T17_54_58_969Z-
10 verbose logfile E:\Abhivyakti\frontend\.npm-cache\_logs\2026-05-23T17_54_58_969Z-debug-0.log
11 silly logfile done cleaning log files
12 silly packumentCache heap:2197815296 maxSize:549453824 maxEntrySize:274726912
13 silly idealTree buildDeps
14 silly reify moves {}
15 silly audit bulk request {
15 silly audit   '@adobe/css-tools': [ '4.4.4' ],
15 silly audit   '@alloc/quick-lru': [ '5.2.0' ],
15 silly audit   '@babel/code-frame': [ '7.27.1' ],
15 silly audit   '@babel/compat-data': [ '7.28.5' ],
15 silly audit   '@babel/core': [ '7.28.5' ],
15 silly audit   semver: [ '6.3.1', '7.7.3' ],
15 silly audit   '@babel/eslint-parser': [ '7.28.5' ],
15 silly audit   'eslint-visitor-keys': [ '2.1.0', '3.4.3' ],
15 silly audit   '@babel/generator': [ '7.28.5' ],
15 silly audit   '@babel/helper-annotate-as-pure': [ '7.27.3' ],
15 silly audit   '@babel/helper-compilation-targets': [ '7.27.2' ],
15 silly audit   '@babel/helper-create-class-features-plugin': [ '7.28.5' ],
15 silly audit   '@babel/helper-create-regexp-features-plugin': [ '7.28.5' ],
15 silly audit   '@babel/helper-define-polyfill-provider': [ '0.6.5' ],
15 silly audit   '@babel/helper-globals': [ '7.28.0' ],
15 silly audit   '@babel/helper-member-expression-to-functions': [ '7.28.5' ],
15 silly audit   '@babel/helper-module-imports': [ '7.27.1' ],
15 silly audit   '@babel/helper-module-transforms': [ '7.28.3' ],
15 silly audit   '@babel/helper-optimise-call-expression': [ '7.27.1' ],
15 silly audit   '@babel/helper-plugin-utils': [ '7.27.1' ],
15 silly audit   '@babel/helper-remap-async-to-generator': [ '7.27.1' ],
15 silly audit   '@babel/helper-replace-supers': [ '7.27.1' ],
15 silly audit   '@babel/helper-skip-transparent-expression-wrappers': [ '7.27.1' ],
15 silly audit   '@babel/helper-string-parser': [ '7.27.1' ],
15 silly audit   '@babel/helper-validator-identifier': [ '7.28.5' ],
15 silly audit   '@babel/helper-validator-option': [ '7.27.1' ],
15 silly audit   '@babel/helper-wrap-function': [ '7.28.3' ],
15 silly audit   '@babel/helpers': [ '7.28.4' ],
15 silly audit   '@babel/parser': [ '7.28.5' ],
15 silly audit   '@babel/plugin-bugfix-firefox-class-in-computed-class-key': [ '7.28.5' ],
15 silly audit   '@babel/plugin-bugfix-safari-class-field-initializer-scope': [ '7.27.1' ],
15 silly audit   '@babel/plugin-bugfix-safari-id-destructuring-collision-in-function-expression': [ '7.27.1' ],
15 silly audit   '@babel/plugin-bugfix-v8-spread-parameters-in-optional-chaining': [ '7.27.1' ],
15 silly audit   '@babel/plugin-bugfix-v8-static-class-fields-redefine-readonly': [ '7.28.3' ],
15 silly audit   '@babel/plugin-proposal-class-properties': [ '7.18.6' ],
15 silly audit   '@babel/plugin-proposal-decorators': [ '7.28.0' ],
15 silly audit   '@babel/plugin-proposal-nullish-coalescing-operator': [ '7.18.6' ],
15 silly audit   '@babel/plugin-proposal-numeric-separator': [ '7.18.6' ],
15 silly audit   '@babel/plugin-proposal-optional-chaining': [ '7.21.0' ],
15 silly audit   '@babel/plugin-proposal-private-methods': [ '7.18.6' ],
15 silly audit   '@babel/plugin-proposal-private-property-in-object': [ '7.21.0-placeholder-for-preset-env.2', '7.21.11' ],
15 silly audit   '@babel/plugin-syntax-async-generators': [ '7.8.4' ],
15 silly audit   '@babel/plugin-syntax-bigint': [ '7.8.3' ],
15 silly audit   '@babel/plugin-syntax-class-properties': [ '7.12.13' ],
15 silly audit   '@babel/plugin-syntax-class-static-block': [ '7.14.5' ],
15 silly audit   '@babel/plugin-syntax-decorators': [ '7.27.1' ],
15 silly audit   '@babel/plugin-syntax-flow': [ '7.27.1' ],
15 silly audit   '@babel/plugin-syntax-import-assertions': [ '7.27.1' ],
15 silly audit   '@babel/plugin-syntax-import-attributes': [ '7.27.1' ],
15 silly audit   '@babel/plugin-syntax-import-meta': [ '7.10.4' ],
15 silly audit   '@babel/plugin-syntax-json-strings': [ '7.8.3' ],
15 silly audit   '@babel/plugin-syntax-jsx': [ '7.27.1' ],
15 silly audit   '@babel/plugin-syntax-logical-assignment-operators': [ '7.10.4' ],
15 silly audit   '@babel/plugin-syntax-nullish-coalescing-operator': [ '7.8.3' ],
15 silly audit   '@babel/plugin-syntax-numeric-separator': [ '7.10.4' ],
15 silly audit   '@babel/plugin-syntax-object-rest-spread': [ '7.8.3' ],
15 silly audit   '@babel/plugin-syntax-optional-catch-binding': [ '7.8.3' ],
15 silly audit   '@babel/plugin-syntax-optional-chaining': [ '7.8.3' ],
15 silly audit   '@babel/plugin-syntax-private-property-in-object': [ '7.14.5' ],
15 silly audit   '@babel/plugin-syntax-top-level-await': [ '7.14.5' ],
15 silly audit   '@babel/plugin-syntax-typescript': [ '7.27.1' ],
15 silly audit   '@babel/plugin-syntax-unicode-sets-regex': [ '7.18.6' ],
15 silly audit   '@babel/plugin-transform-arrow-functions': [ '7.27.1' ],
15 silly audit   '@babel/plugin-transform-async-generator-functions': [ '7.28.0' ],
15 silly audit   '@babel/plugin-transform-async-to-generator': [ '7.27.1' ],
15 silly audit   '@babel/plugin-transform-block-scoped-functions': [ '7.27.1' ],
15 silly audit   '@babel/plugin-transform-block-scoping': [ '7.28.5' ],
15 silly audit   '@babel/plugin-transform-class-properties': [ '7.27.1' ],
15 silly audit   '@babel/plugin-transform-class-static-block': [ '7.28.3' ],
15 silly audit   '@babel/plugin-transform-classes': [ '7.28.4' ],
15 silly audit   '@babel/plugin-transform-computed-properties': [ '7.27.1' ],
15 silly audit   '@babel/plugin-transform-destructuring': [ '7.28.5' ],
15 silly audit   '@babel/plugin-transform-dotall-regex': [ '7.27.1' ],
15 silly audit   '@babel/plugin-transform-duplicate-keys': [ '7.27.1' ],
15 silly audit   '@babel/plugin-transform-duplicate-named-capturing-groups-regex': [ '7.27.1' ],
15 silly audit   '@babel/plugin-transform-dynamic-import': [ '7.27.1' ],
15 silly audit   '@babel/plugin-transform-explicit-resource-management': [ '7.28.0' ],
15 silly audit   '@babel/plugin-transform-exponentiation-operator': [ '7.28.5' ],
15 silly audit   '@babel/plugin-transform-export-namespace-from': [ '7.27.1' ],
15 silly audit   '@babel/plugin-transform-flow-strip-types': [ '7.27.1' ],
15 silly audit   '@babel/plugin-transform-for-of': [ '7.27.1' ],
15 silly audit   '@babel/plugin-transform-function-name': [ '7.27.1' ],
15 silly audit   '@babel/plugin-transform-json-strings': [ '7.27.1' ],
15 silly audit   '@babel/plugin-transform-literals': [ '7.27.1' ],
15 silly audit   '@babel/plugin-transform-logical-assignment-operators': [ '7.28.5' ],
15 silly audit   '@babel/plugin-transform-member-expression-literals': [ '7.27.1' ],
15 silly audit   '@babel/plugin-transform-modules-amd': [ '7.27.1' ],
15 silly audit   '@babel/plugin-transform-modules-commonjs': [ '7.27.1' ],
15 silly audit   '@babel/plugin-transform-modules-systemjs': [ '7.28.5' ],
15 silly audit   '@babel/plugin-transform-modules-umd': [ '7.27.1' ],
15 silly audit   '@babel/plugin-transform-named-capturing-groups-regex': [ '7.27.1' ],
15 silly audit   '@babel/plugin-transform-new-target': [ '7.27.1' ],
15 silly audit   '@babel/plugin-transform-nullish-coalescing-operator': [ '7.27.1' ],
15 silly audit   '@babel/plugin-transform-numeric-separator': [ '7.27.1' ],
15 silly audit   '@babel/plugin-transform-object-rest-spread': [ '7.28.4' ],
15 silly audit   '@babel/plugin-transform-object-super': [ '7.27.1' ],
15 silly audit   '@babel/plugin-transform-optional-catch-binding': [ '7.27.1' ],
15 silly audit   '@babel/plugin-transform-optional-chaining': [ '7.28.5' ],
15 silly audit   '@babel/plugin-transform-parameters': [ '7.27.7' ],
15 silly audit   '@babel/plugin-transform-private-methods': [ '7.27.1' ],
15 silly audit   '@babel/plugin-transform-private-property-in-object': [ '7.27.1' ],
15 silly audit   '@babel/plugin-transform-property-literals': [ '7.27.1' ],
15 silly audit   '@babel/plugin-transform-react-constant-elements': [ '7.27.1' ],
15 silly audit   '@babel/plugin-transform-react-display-name': [ '7.28.0' ],
15 silly audit   '@babel/plugin-transform-react-jsx': [ '7.27.1' ],
15 silly audit   '@babel/plugin-transform-react-jsx-development': [ '7.27.1' ],
15 silly audit   '@babel/plugin-transform-react-pure-annotations': [ '7.27.1' ],
15 silly audit   '@babel/plugin-transform-regenerator': [ '7.28.4' ],
15 silly audit   '@babel/plugin-transform-regexp-modifiers': [ '7.27.1' ],
15 silly audit   '@babel/plugin-transform-reserved-words': [ '7.27.1' ],
15 silly audit   '@babel/plugin-transform-runtime': [ '7.28.5' ],
15 silly audit   '@babel/plugin-transform-shorthand-properties': [ '7.27.1' ],
15 silly audit   '@babel/plugin-transform-spread': [ '7.27.1' ],
15 silly audit   '@babel/plugin-transform-sticky-regex': [ '7.27.1' ],
15 silly audit   '@babel/plugin-transform-template-literals': [ '7.27.1' ],
15 silly audit   '@babel/plugin-transform-typeof-symbol': [ '7.27.1' ],
15 silly audit   '@babel/plugin-transform-typescript': [ '7.28.5' ],
15 silly audit   '@babel/plugin-transform-unicode-escapes': [ '7.27.1' ],
15 silly audit   '@babel/plugin-transform-unicode-property-regex': [ '7.27.1' ],
15 silly audit   '@babel/plugin-transform-unicode-regex': [ '7.27.1' ],
15 silly audit   '@babel/plugin-transform-unicode-sets-regex': [ '7.27.1' ],
15 silly audit   '@babel/preset-env': [ '7.28.5' ],
15 silly audit   '@babel/preset-modules': [ '0.1.6-no-external-plugins' ],
15 silly audit   '@babel/preset-react': [ '7.28.5' ],
15 silly audit   '@babel/preset-typescript': [ '7.28.5' ],
15 silly audit   '@babel/runtime': [ '7.28.4' ],
15 silly audit   '@babel/template': [ '7.27.2' ],
15 silly audit   '@babel/traverse': [ '7.28.5' ],
15 silly audit   '@babel/types': [ '7.28.5' ],
15 silly audit   '@bcoe/v8-coverage': [ '0.2.3' ],
15 silly audit   '@csstools/normalize.css': [ '12.1.1' ],
15 silly audit   '@csstools/postcss-cascade-layers': [ '1.1.1' ],
15 silly audit   '@csstools/postcss-color-function': [ '1.1.1' ],
15 silly audit   '@csstools/postcss-font-format-keywords': [ '1.0.1' ],
15 silly audit   '@csstools/postcss-hwb-function': [ '1.0.2' ],
15 silly audit   '@csstools/postcss-ic-unit': [ '1.0.1' ],
15 silly audit   '@csstools/postcss-is-pseudo-class': [ '2.0.7' ],
15 silly audit   '@csstools/postcss-nested-calc': [ '1.0.0' ],
15 silly audit   '@csstools/postcss-normalize-display-values': [ '1.0.1' ],
15 silly audit   '@csstools/postcss-oklab-function': [ '1.1.1' ],
15 silly audit   '@csstools/postcss-progressive-custom-properties': [ '1.3.0' ],
15 silly audit   '@csstools/postcss-stepped-value-functions': [ '1.0.1' ],
15 silly audit   '@csstools/postcss-text-decoration-shorthand': [ '1.0.0' ],
15 silly audit   '@csstools/postcss-trigonometric-functions': [ '1.0.2' ],
15 silly audit   '@csstools/postcss-unset-value': [ '1.0.2' ],
15 silly audit   '@csstools/selector-specificity': [ '2.2.0' ],
15 silly audit   '@eslint-community/eslint-utils': [ '4.9.1' ],
15 silly audit   '@eslint-community/regexpp': [ '4.12.2' ],
15 silly audit   '@eslint/eslintrc': [ '2.1.4' ],
15 silly audit   argparse: [ '2.0.1', '1.0.10' ],
15 silly audit   'js-yaml': [ '4.1.1', '3.14.2' ],
15 silly audit   '@eslint/js': [ '8.57.1' ],
15 silly audit   '@humanwhocodes/config-array': [ '0.13.0' ],
15 silly audit   '@humanwhocodes/module-importer': [ '1.0.1' ],
15 silly audit   '@humanwhocodes/object-schema': [ '2.0.3' ],
15 silly audit   '@istanbuljs/load-nyc-config': [ '1.1.0' ],
15 silly audit   camelcase: [ '5.3.1', '6.3.0' ],
15 silly audit   '@istanbuljs/schema': [ '0.1.3' ],
15 silly audit   '@jest/console': [ '27.5.1', '28.1.3' ],
15 silly audit   '@jest/core': [ '27.5.1' ],
15 silly audit   '@jest/environment': [ '27.5.1' ],
15 silly audit   '@jest/fake-timers': [ '27.5.1' ],
15 silly audit   '@jest/globals': [ '27.5.1' ],
15 silly audit   '@jest/reporters': [ '27.5.1' ],
15 silly audit   'source-map': [ '0.6.1', '0.7.6', '0.8.0-beta.0' ],
15 silly audit   '@jest/schemas': [ '28.1.3' ],
15 silly audit   '@jest/source-map': [ '27.5.1' ],
15 silly audit   '@jest/test-result': [ '27.5.1', '28.1.3' ],
15 silly audit   '@jest/test-sequencer': [ '27.5.1' ],
15 silly audit   '@jest/transform': [ '27.5.1' ],
15 silly audit   'convert-source-map': [ '1.9.0', '2.0.0' ],
15 silly audit   '@jest/types': [ '27.5.1', '28.1.3' ],
15 silly audit   '@jridgewell/gen-mapping': [ '0.3.13' ],
15 silly audit   '@jridgewell/remapping': [ '2.3.5' ],
15 silly audit   '@jridgewell/resolve-uri': [ '3.1.2' ],
15 silly audit   '@jridgewell/source-map': [ '0.3.11' ],
15 silly audit   '@jridgewell/sourcemap-codec': [ '1.5.5' ],
15 silly audit   '@jridgewell/trace-mapping': [ '0.3.31' ],
15 silly audit   '@leichtgewicht/ip-codec': [ '2.0.5' ],
15 silly audit   '@nicolo-ribaudo/eslint-scope-5-internals': [ '5.1.1-v1' ],
15 silly audit   'eslint-scope': [ '5.1.1', '7.2.2' ],
15 silly audit   estraverse: [ '4.3.0', '5.3.0' ],
15 silly audit   '@nodelib/fs.scandir': [ '2.1.5' ],
15 silly audit   '@nodelib/fs.stat': [ '2.0.5' ],
15 silly audit   '@nodelib/fs.walk': [ '1.2.8' ],
15 silly audit   '@pmmmwh/react-refresh-webpack-plugin': [ '0.5.17' ],
15 silly audit   '@rollup/plugin-babel': [ '5.3.1' ],
15 silly audit   '@rollup/plugin-node-resolve': [ '11.2.1' ],
15 silly audit   '@rollup/plugin-replace': [ '2.4.2' ],
15 silly audit   '@rollup/pluginutils': [ '3.1.0' ],
15 silly audit   '@types/estree': [ '0.0.39', '1.0.8' ],
15 silly audit   '@rtsao/scc': [ '1.1.0' ],
15 silly audit   '@rushstack/eslint-patch': [ '1.15.0' ],
15 silly audit   '@sinclair/typebox': [ '0.24.51' ],
15 silly audit   '@sinonjs/commons': [ '1.8.6' ],
15 silly audit   '@sinonjs/fake-timers': [ '8.1.0' ],
15 silly audit   '@surma/rollup-plugin-off-main-thread': [ '2.2.3' ],
15 silly audit   '@svgr/babel-plugin-add-jsx-attribute': [ '5.4.0' ],
15 silly audit   '@svgr/babel-plugin-remove-jsx-attribute': [ '5.4.0' ],
15 silly audit   '@svgr/babel-plugin-remove-jsx-empty-expression': [ '5.0.1' ],
15 silly audit   '@svgr/babel-plugin-replace-jsx-attribute-value': [ '5.0.1' ],
15 silly audit   '@svgr/babel-plugin-svg-dynamic-title': [ '5.4.0' ],
15 silly audit   '@svgr/babel-plugin-svg-em-dimensions': [ '5.4.0' ],
15 silly audit   '@svgr/babel-plugin-transform-react-native-svg': [ '5.4.0' ],
15 silly audit   '@svgr/babel-plugin-transform-svg-component': [ '5.5.0' ],
15 silly audit   '@svgr/babel-preset': [ '5.5.0' ],
15 silly audit   '@svgr/core': [ '5.5.0' ],
15 silly audit   '@svgr/hast-util-to-babel-ast': [ '5.5.0' ],
15 silly audit   '@svgr/plugin-jsx': [ '5.5.0' ],
15 silly audit   '@svgr/plugin-svgo': [ '5.5.0' ],
15 silly audit   '@svgr/webpack': [ '5.5.0' ],
15 silly audit   '@testing-library/dom': [ '10.4.1' ],
15 silly audit   'aria-query': [ '5.3.0', '5.3.2' ],
15 silly audit   '@testing-library/jest-dom': [ '6.9.1' ],
15 silly audit   'dom-accessibility-api': [ '0.6.3', '0.5.16' ],
15 silly audit   '@testing-library/react': [ '16.3.1' ],
15 silly audit   '@testing-library/user-event': [ '13.5.0' ],
15 silly audit   '@tootallnate/once': [ '1.1.2' ],
15 silly audit   '@trysound/sax': [ '0.2.0' ],
15 silly audit   '@types/aria-query': [ '5.0.4' ],
15 silly audit   '@types/babel__core': [ '7.20.5' ],
15 silly audit   '@types/babel__generator': [ '7.27.0' ],
15 silly audit   '@types/babel__template': [ '7.4.4' ],
15 silly audit   '@types/babel__traverse': [ '7.28.0' ],
15 silly audit   '@types/body-parser': [ '1.19.6' ],
15 silly audit   '@types/bonjour': [ '3.5.13' ],
15 silly audit   '@types/connect': [ '3.4.38' ],
15 silly audit   '@types/connect-history-api-fallback': [ '1.5.4' ],
15 silly audit   '@types/eslint': [ '8.56.12' ],
15 silly audit   '@types/eslint-scope': [ '3.7.7' ],
15 silly audit   '@types/express': [ '4.17.25' ],
15 silly audit   '@types/express-serve-static-core': [ '5.1.0', '4.19.7' ],
15 silly audit   '@types/graceful-fs': [ '4.1.9' ],
15 silly audit   '@types/html-minifier-terser': [ '6.1.0' ],
15 silly audit   '@types/http-errors': [ '2.0.5' ],
15 silly audit   '@types/http-proxy': [ '1.17.17' ],
15 silly audit   '@types/istanbul-lib-coverage': [ '2.0.6' ],
15 silly audit   '@types/istanbul-lib-report': [ '3.0.3' ],
15 silly audit   '@types/istanbul-reports': [ '3.0.4' ],
15 silly audit   '@types/json-schema': [ '7.0.15' ],
15 silly audit   '@types/json5': [ '0.0.29' ],
15 silly audit   '@types/mime': [ '1.3.5' ],
15 silly audit   '@types/node': [ '25.0.3' ],
15 silly audit   '@types/node-forge': [ '1.3.14' ],
15 silly audit   '@types/parse-json': [ '4.0.2' ],
15 silly audit   '@types/prettier': [ '2.7.3' ],
15 silly audit   '@types/q': [ '1.5.8' ],
15 silly audit   '@types/qs': [ '6.14.0' ],
15 silly audit   '@types/range-parser': [ '1.2.7' ],
15 silly audit   '@types/resolve': [ '1.17.1' ],
15 silly audit   '@types/retry': [ '0.12.0' ],
15 silly audit   '@types/semver': [ '7.7.1' ],
15 silly audit   '@types/send': [ '1.2.1', '0.17.6' ],
15 silly audit   '@types/serve-index': [ '1.9.4' ],
15 silly audit   '@types/serve-static': [ '1.15.10' ],
15 silly audit   '@types/sockjs': [ '0.3.36' ],
15 silly audit   '@types/stack-utils': [ '2.0.3' ],
15 silly audit   '@types/trusted-types': [ '2.0.7' ],
15 silly audit   '@types/ws': [ '8.18.1' ],
15 silly audit   '@types/yargs': [ '16.0.11', '17.0.35' ],
15 silly audit   '@types/yargs-parser': [ '21.0.3' ],
15 silly audit   '@typescript-eslint/eslint-plugin': [ '5.62.0' ],
15 silly audit   '@typescript-eslint/experimental-utils': [ '5.62.0' ],
15 silly audit   '@typescript-eslint/parser': [ '5.62.0' ],
15 silly audit   '@typescript-eslint/scope-manager': [ '5.62.0' ],
15 silly audit   '@typescript-eslint/type-utils': [ '5.62.0' ],
15 silly audit   '@typescript-eslint/types': [ '5.62.0' ],
15 silly audit   '@typescript-eslint/typescript-estree': [ '5.62.0' ],
15 silly audit   '@typescript-eslint/utils': [ '5.62.0' ],
15 silly audit   '@typescript-eslint/visitor-keys': [ '5.62.0' ],
15 silly audit   '@ungap/structured-clone': [ '1.3.0' ],
15 silly audit   '@webassemblyjs/ast': [ '1.14.1' ],
15 silly audit   '@webassemblyjs/floating-point-hex-parser': [ '1.13.2' ],
15 silly audit   '@webassemblyjs/helper-api-error': [ '1.13.2' ],
15 silly audit   '@webassemblyjs/helper-buffer': [ '1.14.1' ],
15 silly audit   '@webassemblyjs/helper-numbers': [ '1.13.2' ],
15 silly audit   '@webassemblyjs/helper-wasm-bytecode': [ '1.13.2' ],
15 silly audit   '@webassemblyjs/helper-wasm-section': [ '1.14.1' ],
15 silly audit   '@webassemblyjs/ieee754': [ '1.13.2' ],
15 silly audit   '@webassemblyjs/leb128': [ '1.13.2' ],
15 silly audit   '@webassemblyjs/utf8': [ '1.13.2' ],
15 silly audit   '@webassemblyjs/wasm-edit': [ '1.14.1' ],
15 silly audit   '@webassemblyjs/wasm-gen': [ '1.14.1' ],
15 silly audit   '@webassemblyjs/wasm-opt': [ '1.14.1' ],
15 silly audit   '@webassemblyjs/wasm-parser': [ '1.14.1' ],
15 silly audit   '@webassemblyjs/wast-printer': [ '1.14.1' ],
15 silly audit   '@xtuc/ieee754': [ '1.2.0' ],
15 silly audit   '@xtuc/long': [ '4.2.2' ],
15 silly audit   abab: [ '2.0.6' ],
15 silly audit   accepts: [ '1.3.8' ],
15 silly audit   negotiator: [ '0.6.3', '0.6.4' ],
15 silly audit   acorn: [ '8.15.0', '7.4.1' ],
15 silly audit   'acorn-globals': [ '6.0.0' ],
15 silly audit   'acorn-import-phases': [ '1.0.4' ],
15 silly audit   'acorn-jsx': [ '5.3.2' ],
15 silly audit   'acorn-walk': [ '7.2.0' ],
15 silly audit   address: [ '1.2.2' ],
15 silly audit   'adjust-sourcemap-loader': [ '4.0.0' ],
15 silly audit   'agent-base': [ '6.0.2' ],
15 silly audit   ajv: [ '6.12.6', '8.17.1' ],
15 silly audit   'ajv-formats': [ '2.1.1' ],
15 silly audit   'json-schema-traverse': [ '1.0.0', '0.4.1' ],
15 silly audit   'ajv-keywords': [ '3.5.2', '5.1.0' ],
15 silly audit   'ansi-escapes': [ '4.3.2' ],
15 silly audit   'type-fest': [ '0.21.3', '0.16.0', '0.20.2' ],
15 silly audit   'ansi-html': [ '0.0.9' ],
15 silly audit   'ansi-html-community': [ '0.0.8' ],
15 silly audit   'ansi-regex': [ '5.0.1', '6.2.2' ],
15 silly audit   'ansi-styles': [ '4.3.0', '3.2.1', '5.2.0' ],
15 silly audit   'any-promise': [ '1.3.0' ],
15 silly audit   anymatch: [ '3.1.3' ],
15 silly audit   arg: [ '5.0.2' ],
15 silly audit   'array-buffer-byte-length': [ '1.0.2' ],
15 silly audit   'array-flatten': [ '1.1.1' ],
15 silly audit   'array-includes': [ '3.1.9' ],
15 silly audit   'array-union': [ '2.1.0' ],
15 silly audit   'array.prototype.findlast': [ '1.2.5' ],
15 silly audit   'array.prototype.findlastindex': [ '1.2.6' ],
15 silly audit   'array.prototype.flat': [ '1.3.3' ],
15 silly audit   'array.prototype.flatmap': [ '1.3.3' ],
15 silly audit   'array.prototype.reduce': [ '1.0.8' ],
15 silly audit   'array.prototype.tosorted': [ '1.1.4' ],
15 silly audit   'arraybuffer.prototype.slice': [ '1.0.4' ],
15 silly audit   asap: [ '2.0.6' ],
15 silly audit   'ast-types-flow': [ '0.0.8' ],
15 silly audit   async: [ '3.2.6' ],
15 silly audit   'async-function': [ '1.0.0' ],
15 silly audit   asynckit: [ '0.4.0' ],
15 silly audit   'at-least-node': [ '1.0.0' ],
15 silly audit   autoprefixer: [ '10.4.23' ],
15 silly audit   'available-typed-arrays': [ '1.0.7' ],
15 silly audit   'axe-core': [ '4.11.0' ],
15 silly audit   axios: [ '1.13.2' ],
15 silly audit   'form-data': [ '4.0.5', '3.0.4' ],
15 silly audit   'axobject-query': [ '4.1.0' ],
15 silly audit   'babel-jest': [ '27.5.1' ],
15 silly audit   'babel-loader': [ '8.4.1' ],
15 silly audit   'schema-utils': [ '2.7.1', '3.3.0', '2.7.0', '4.3.3' ],
15 silly audit   'babel-plugin-istanbul': [ '6.1.1' ],
15 silly audit   'babel-plugin-jest-hoist': [ '27.5.1' ],
15 silly audit   'babel-plugin-macros': [ '3.1.0' ],
15 silly audit   'babel-plugin-named-asset-import': [ '0.3.8' ],
15 silly audit   'babel-plugin-polyfill-corejs2': [ '0.4.14' ],
15 silly audit   'babel-plugin-polyfill-corejs3': [ '0.13.0' ],
15 silly audit   'babel-plugin-polyfill-regenerator': [ '0.6.5' ],
15 silly audit   'babel-plugin-transform-react-remove-prop-types': [ '0.4.24' ],
15 silly audit   'babel-preset-current-node-syntax': [ '1.2.0' ],
15 silly audit   'babel-preset-jest': [ '27.5.1' ],
15 silly audit   'babel-preset-react-app': [ '10.1.0' ],
15 silly audit   'balanced-match': [ '1.0.2' ],
15 silly audit   'baseline-browser-mapping': [ '2.9.11' ],
15 silly audit   batch: [ '0.6.1' ],
15 silly audit   bfj: [ '7.1.0' ],
15 silly audit   'big.js': [ '5.2.2' ],
15 silly audit   'binary-extensions': [ '2.3.0' ],
15 silly audit   bluebird: [ '3.7.2' ],
15 silly audit   'body-parser': [ '1.20.4' ],
15 silly audit   debug: [ '2.6.9', '4.4.3', '3.2.7' ],
15 silly audit   'iconv-lite': [ '0.4.24', '0.6.3' ],
15 silly audit   ms: [ '2.0.0', '2.1.3' ],
15 silly audit   'bonjour-service': [ '1.3.0' ],
15 silly audit   boolbase: [ '1.0.0' ],
15 silly audit   'brace-expansion': [ '1.1.12', '2.0.2' ],
15 silly audit   braces: [ '3.0.3' ],
15 silly audit   'browser-process-hrtime': [ '1.0.0' ],
15 silly audit   browserslist: [ '4.28.1' ],
15 silly audit   bser: [ '2.1.1' ],
15 silly audit   'buffer-from': [ '1.1.2' ],
15 silly audit   'builtin-modules': [ '3.3.0' ],
15 silly audit   bytes: [ '3.1.2' ],
15 silly audit   'call-bind': [ '1.0.8' ],
15 silly audit   'call-bind-apply-helpers': [ '1.0.2' ],
15 silly audit   'call-bound': [ '1.0.4' ],
15 silly audit   callsites: [ '3.1.0' ],
15 silly audit   'camel-case': [ '4.1.2' ],
15 silly audit   'camelcase-css': [ '2.0.1' ],
15 silly audit   'caniuse-api': [ '3.0.0' ],
15 silly audit   'caniuse-lite': [ '1.0.30001762' ],
15 silly audit   'case-sensitive-paths-webpack-plugin': [ '2.4.0' ],
15 silly audit   chalk: [ '4.1.2', '2.4.2' ],
15 silly audit   'char-regex': [ '1.0.2', '2.0.2' ],
15 silly audit   'check-types': [ '11.2.3' ],
15 silly audit   chokidar: [ '3.6.0' ],
15 silly audit   'glob-parent': [ '5.1.2', '6.0.2' ],
15 silly audit   'chrome-trace-event': [ '1.0.4' ],
15 silly audit   'ci-info': [ '3.9.0' ],
15 silly audit   'cjs-module-lexer': [ '1.4.3' ],
15 silly audit   'clean-css': [ '5.3.3' ],
15 silly audit   cliui: [ '7.0.4' ],
15 silly audit   co: [ '4.6.0' ],
15 silly audit   coa: [ '2.0.2' ],
15 silly audit   'color-convert': [ '1.9.3', '2.0.1' ],
15 silly audit   'color-name': [ '1.1.3', '1.1.4' ],
15 silly audit   'escape-string-regexp': [ '1.0.5', '4.0.0', '2.0.0' ],
15 silly audit   'has-flag': [ '3.0.0', '4.0.0' ],
15 silly audit   'supports-color': [ '5.5.0', '8.1.1', '7.2.0' ],
15 silly audit   'collect-v8-coverage': [ '1.0.3' ],
15 silly audit   colord: [ '2.9.3' ],
15 silly audit   colorette: [ '2.0.20' ],
15 silly audit   'combined-stream': [ '1.0.8' ],
15 silly audit   commander: [ '8.3.0', '7.2.0', '4.1.1', '2.20.3' ],
15 silly audit   'common-tags': [ '1.8.2' ],
15 silly audit   commondir: [ '1.0.1' ],
15 silly audit   compressible: [ '2.0.18' ],
15 silly audit   compression: [ '1.8.1' ],
15 silly audit   'concat-map': [ '0.0.1' ],
15 silly audit   'confusing-browser-globals': [ '1.0.11' ],
15 silly audit   'connect-history-api-fallback': [ '2.0.0' ],
15 silly audit   'content-disposition': [ '0.5.4' ],
15 silly audit   'content-type': [ '1.0.5' ],
15 silly audit   cookie: [ '0.7.2' ],
15 silly audit   'cookie-signature': [ '1.0.7' ],
15 silly audit   'core-js': [ '3.47.0' ],
15 silly audit   'core-js-compat': [ '3.47.0' ],
15 silly audit   'core-js-pure': [ '3.47.0' ],
15 silly audit   'core-util-is': [ '1.0.3' ],
15 silly audit   cosmiconfig: [ '7.1.0', '6.0.0' ],
15 silly audit   'cross-spawn': [ '7.0.6' ],
15 silly audit   'crypto-random-string': [ '2.0.0' ],
15 silly audit   'css-blank-pseudo': [ '3.0.3' ],
15 silly audit   'css-declaration-sorter': [ '6.4.1' ],
15 silly audit   'css-has-pseudo': [ '3.0.4' ],
15 silly audit   'css-loader': [ '6.11.0' ],
15 silly audit   'css-minimizer-webpack-plugin': [ '3.4.1' ],
15 silly audit   'css-prefers-color-scheme': [ '6.0.3' ],
15 silly audit   'css-select': [ '4.3.0', '2.1.0' ],
15 silly audit   'css-select-base-adapter': [ '0.1.1' ],
15 silly audit   'css-tree': [ '1.0.0-alpha.37', '1.1.3' ],
15 silly audit   'css-what': [ '6.2.2', '3.4.2' ],
15 silly audit   'css.escape': [ '1.5.1' ],
15 silly audit   cssdb: [ '7.11.2' ],
15 silly audit   cssesc: [ '3.0.0' ],
15 silly audit   cssnano: [ '5.1.15' ],
15 silly audit   'cssnano-preset-default': [ '5.2.14' ],
15 silly audit   'cssnano-utils': [ '3.1.0' ],
15 silly audit   csso: [ '4.2.0' ],
15 silly audit   'mdn-data': [ '2.0.14', '2.0.4' ],
15 silly audit   cssom: [ '0.4.4', '0.3.8' ],
15 silly audit   cssstyle: [ '2.3.0' ],
15 silly audit   'damerau-levenshtein': [ '1.0.8' ],
15 silly audit   'data-urls': [ '2.0.0' ],
15 silly audit   'data-view-buffer': [ '1.0.2' ],
15 silly audit   'data-view-byte-length': [ '1.0.2' ],
15 silly audit   'data-view-byte-offset': [ '1.0.1' ],
15 silly audit   'decimal.js': [ '10.6.0' ],
15 silly audit   dedent: [ '0.7.0' ],
15 silly audit   'deep-is': [ '0.1.4' ],
15 silly audit   deepmerge: [ '4.3.1' ],
15 silly audit   'default-gateway': [ '6.0.3' ],
15 silly audit   'define-data-property': [ '1.1.4' ],
15 silly audit   'define-lazy-prop': [ '2.0.0' ],
15 silly audit   'define-properties': [ '1.2.1' ],
15 silly audit   'delayed-stream': [ '1.0.0' ],
15 silly audit   depd: [ '2.0.0', '1.1.2' ],
15 silly audit   dequal: [ '2.0.3' ],
15 silly audit   destroy: [ '1.2.0' ],
15 silly audit   'detect-newline': [ '3.1.0' ],
15 silly audit   'detect-node': [ '2.1.0' ],
15 silly audit   'detect-port-alt': [ '1.1.6' ],
15 silly audit   didyoumean: [ '1.2.2' ],
15 silly audit   'diff-sequences': [ '27.5.1' ],
15 silly audit   'dir-glob': [ '3.0.1' ],
15 silly audit   dlv: [ '1.1.3' ],
15 silly audit   'dns-packet': [ '5.6.1' ],
15 silly audit   doctrine: [ '3.0.0', '2.1.0' ],
15 silly audit   'dom-converter': [ '0.2.0' ],
15 silly audit   'dom-serializer': [ '1.4.1', '0.2.2' ],
15 silly audit   domelementtype: [ '2.3.0', '1.3.1' ],
15 silly audit   domexception: [ '2.0.1' ],
15 silly audit   'webidl-conversions': [ '5.0.0', '6.1.0', '4.0.2' ],
15 silly audit   domhandler: [ '4.3.1' ],
15 silly audit   domutils: [ '2.8.0', '1.7.0' ],
15 silly audit   'dot-case': [ '3.0.4' ],
15 silly audit   dotenv: [ '10.0.0' ],
15 silly audit   'dotenv-expand': [ '5.1.0' ],
15 silly audit   'dunder-proto': [ '1.0.1' ],
15 silly audit   duplexer: [ '0.1.2' ],
15 silly audit   'ee-first': [ '1.1.1' ],
15 silly audit   ejs: [ '3.1.10' ],
15 silly audit   'electron-to-chromium': [ '1.5.267' ],
15 silly audit   emittery: [ '0.8.1', '0.10.2' ],
15 silly audit   'emoji-regex': [ '9.2.2', '8.0.0' ],
15 silly audit   'emojis-list': [ '3.0.0' ],
15 silly audit   encodeurl: [ '2.0.0' ],
15 silly audit   'enhanced-resolve': [ '5.18.4' ],
15 silly audit   entities: [ '2.2.0' ],
15 silly audit   'error-ex': [ '1.3.4' ],
15 silly audit   'error-stack-parser': [ '2.1.4' ],
15 silly audit   'es-abstract': [ '1.24.1' ],
15 silly audit   'es-array-method-boxes-properly': [ '1.0.0' ],
15 silly audit   'es-define-property': [ '1.0.1' ],
15 silly audit   'es-errors': [ '1.3.0' ],
15 silly audit   'es-iterator-helpers': [ '1.2.2' ],
15 silly audit   'es-module-lexer': [ '2.0.0' ],
15 silly audit   'es-object-atoms': [ '1.1.1' ],
15 silly audit   'es-set-tostringtag': [ '2.1.0' ],
15 silly audit   'es-shim-unscopables': [ '1.1.0' ],
15 silly audit   'es-to-primitive': [ '1.3.0' ],
15 silly audit   escalade: [ '3.2.0' ],
15 silly audit   'escape-html': [ '1.0.3' ],
15 silly audit   escodegen: [ '2.1.0', '1.14.3' ],
15 silly audit   eslint: [ '8.57.1' ],
15 silly audit   'eslint-config-react-app': [ '7.0.1' ],
15 silly audit   'eslint-import-resolver-node': [ '0.3.9' ],
15 silly audit   'eslint-module-utils': [ '2.12.1' ],
15 silly audit   'eslint-plugin-flowtype': [ '8.0.3' ],
15 silly audit   'eslint-plugin-import': [ '2.32.0' ],
15 silly audit   'eslint-plugin-jest': [ '25.7.0' ],
15 silly audit   'eslint-plugin-jsx-a11y': [ '6.10.2' ],
15 silly audit   'eslint-plugin-react': [ '7.37.5' ],
15 silly audit   'eslint-plugin-react-hooks': [ '4.6.2' ],
15 silly audit   resolve: [ '2.0.0-next.5', '1.22.11' ],
15 silly audit   'eslint-plugin-testing-library': [ '5.11.1' ],
15 silly audit   'eslint-webpack-plugin': [ '3.2.0' ],
15 silly audit   'jest-worker': [ '28.1.3', '27.5.1', '26.6.2' ],
15 silly audit   'find-up': [ '5.0.0', '4.1.0', '3.0.0' ],
15 silly audit   'locate-path': [ '6.0.0', '5.0.0', '3.0.0' ],
15 silly audit   'p-limit': [ '3.1.0', '2.3.0' ],
15 silly audit   'p-locate': [ '5.0.0', '4.1.0', '3.0.0' ],
15 silly audit   espree: [ '9.6.1' ],
15 silly audit   esprima: [ '4.0.1', '1.2.2' ],
15 silly audit   esquery: [ '1.7.0' ],
15 silly audit   esrecurse: [ '4.3.0' ],
15 silly audit   'estree-walker': [ '1.0.1' ],
15 silly audit   esutils: [ '2.0.3' ],
15 silly audit   etag: [ '1.8.1' ],
15 silly audit   eventemitter3: [ '4.0.7' ],
15 silly audit   events: [ '3.3.0' ],
15 silly audit   execa: [ '5.1.1' ],
15 silly audit   exit: [ '0.1.2' ],
15 silly audit   expect: [ '27.5.1' ],
15 silly audit   express: [ '4.22.1' ],
15 silly audit   'fast-deep-equal': [ '3.1.3' ],
15 silly audit   'fast-glob': [ '3.3.3' ],
15 silly audit   'fast-json-stable-stringify': [ '2.1.0' ],
15 silly audit   'fast-levenshtein': [ '2.0.6' ],
15 silly audit   'fast-uri': [ '3.1.0' ],
15 silly audit   fastq: [ '1.20.1' ],
15 silly audit   'faye-websocket': [ '0.11.4' ],
15 silly audit   'fb-watchman': [ '2.0.2' ],
15 silly audit   'file-entry-cache': [ '6.0.1' ],
15 silly audit   'file-loader': [ '6.2.0' ],
15 silly audit   filelist: [ '1.0.4' ],
15 silly audit   minimatch: [ '5.1.6', '3.1.2' ],
15 silly audit   filesize: [ '8.0.7' ],
15 silly audit   'fill-range': [ '7.1.1' ],
15 silly audit   finalhandler: [ '1.3.2' ],
15 silly audit   'find-cache-dir': [ '3.3.2' ],
15 silly audit   'flat-cache': [ '3.2.0' ],
15 silly audit   flatted: [ '3.3.3' ],
15 silly audit   'follow-redirects': [ '1.15.11' ],
15 silly audit   'for-each': [ '0.3.5' ],
15 silly audit   'fork-ts-checker-webpack-plugin': [ '6.5.3' ],
15 silly audit   'fs-extra': [ '9.1.0', '10.1.0' ],
15 silly audit   tapable: [ '1.1.3', '2.3.0' ],
15 silly audit   forwarded: [ '0.2.0' ],
15 silly audit   'fraction.js': [ '5.3.4' ],
15 silly audit   fresh: [ '0.5.2' ],
15 silly audit   'fs-monkey': [ '1.1.0' ],
15 silly audit   'fs.realpath': [ '1.0.0' ],
15 silly audit   fsevents: [ '2.3.3' ],
15 silly audit   'function-bind': [ '1.1.2' ],
15 silly audit   'function.prototype.name': [ '1.1.8' ],
15 silly audit   'functions-have-names': [ '1.2.3' ],
15 silly audit   'generator-function': [ '2.0.1' ],
15 silly audit   gensync: [ '1.0.0-beta.2' ],
15 silly audit   'get-caller-file': [ '2.0.5' ],
15 silly audit   'get-intrinsic': [ '1.3.0' ],
15 silly audit   'get-own-enumerable-property-symbols': [ '3.0.2' ],
15 silly audit   'get-package-type': [ '0.1.0' ],
15 silly audit   'get-proto': [ '1.0.1' ],
15 silly audit   'get-stream': [ '6.0.1' ],
15 silly audit   'get-symbol-description': [ '1.1.0' ],
15 silly audit   glob: [ '7.2.3' ],
15 silly audit   'glob-to-regexp': [ '0.4.1' ],
15 silly audit   'global-modules': [ '2.0.0' ],
15 silly audit   'global-prefix': [ '3.0.0' ],
15 silly audit   which: [ '1.3.1', '2.0.2' ],
15 silly audit   globals: [ '13.24.0' ],
15 silly audit   globalthis: [ '1.0.4' ],
15 silly audit   globby: [ '11.1.0' ],
15 silly audit   gopd: [ '1.2.0' ],
15 silly audit   'graceful-fs': [ '4.2.11' ],
15 silly audit   graphemer: [ '1.4.0' ],
15 silly audit   'gzip-size': [ '6.0.0' ],
15 silly audit   'handle-thing': [ '2.0.1' ],
15 silly audit   'harmony-reflect': [ '1.6.2' ],
15 silly audit   'has-bigints': [ '1.1.0' ],
15 silly audit   'has-property-descriptors': [ '1.0.2' ],
15 silly audit   'has-proto': [ '1.2.0' ],
15 silly audit   'has-symbols': [ '1.1.0' ],
15 silly audit   'has-tostringtag': [ '1.0.2' ],
15 silly audit   hasown: [ '2.0.2' ],
15 silly audit   he: [ '1.2.0' ],
15 silly audit   hoopy: [ '0.1.4' ],
15 silly audit   'hpack.js': [ '2.1.6' ],
15 silly audit   isarray: [ '1.0.0', '2.0.5' ],
15 silly audit   'readable-stream': [ '2.3.8', '3.6.2' ],
15 silly audit   'safe-buffer': [ '5.1.2', '5.2.1' ],
15 silly audit   string_decoder: [ '1.1.1', '1.3.0' ],
15 silly audit   'html-encoding-sniffer': [ '2.0.1' ],
15 silly audit   'html-entities': [ '2.6.0' ],
15 silly audit   'html-escaper': [ '2.0.2' ],
15 silly audit   'html-minifier-terser': [ '6.1.0' ],
15 silly audit   'html-webpack-plugin': [ '5.6.5' ],
15 silly audit   htmlparser2: [ '6.1.0' ],
15 silly audit   'http-deceiver': [ '1.2.7' ],
15 silly audit   'http-errors': [ '2.0.1', '1.6.3' ],
15 silly audit   'http-parser-js': [ '0.5.10' ],
15 silly audit   'http-proxy': [ '1.18.1' ],
15 silly audit   'http-proxy-agent': [ '4.0.1' ],
15 silly audit   'http-proxy-middleware': [ '2.0.9' ],
15 silly audit   'https-proxy-agent': [ '5.0.1' ],
15 silly audit   'human-signals': [ '2.1.0' ],
15 silly audit   'icss-utils': [ '5.1.0' ],
15 silly audit   idb: [ '7.1.1' ],
15 silly audit   'identity-obj-proxy': [ '3.0.0' ],
15 silly audit   ignore: [ '5.3.2' ],
15 silly audit   immer: [ '9.0.21' ],
15 silly audit   'import-fresh': [ '3.3.1' ],
15 silly audit   'resolve-from': [ '4.0.0', '5.0.0' ],
15 silly audit   'import-local': [ '3.2.0' ],
15 silly audit   imurmurhash: [ '0.1.4' ],
15 silly audit   'indent-string': [ '4.0.0' ],
15 silly audit   inflight: [ '1.0.6' ],
15 silly audit   inherits: [ '2.0.4', '2.0.3' ],
15 silly audit   ini: [ '1.3.8' ],
15 silly audit   'internal-slot': [ '1.1.0' ],
15 silly audit   'ipaddr.js': [ '2.3.0', '1.9.1' ],
15 silly audit   'is-array-buffer': [ '3.0.5' ],
15 silly audit   'is-arrayish': [ '0.2.1' ],
15 silly audit   'is-async-function': [ '2.1.1' ],
15 silly audit   'is-bigint': [ '1.1.0' ],
15 silly audit   'is-binary-path': [ '2.1.0' ],
15 silly audit   'is-boolean-object': [ '1.2.2' ],
15 silly audit   'is-callable': [ '1.2.7' ],
15 silly audit   'is-core-module': [ '2.16.1' ],
15 silly audit   'is-data-view': [ '1.0.2' ],
15 silly audit   'is-date-object': [ '1.1.0' ],
15 silly audit   'is-docker': [ '2.2.1' ],
15 silly audit   'is-extglob': [ '2.1.1' ],
15 silly audit   'is-finalizationregistry': [ '1.1.1' ],
15 silly audit   'is-fullwidth-code-point': [ '3.0.0' ],
15 silly audit   'is-generator-fn': [ '2.1.0' ],
15 silly audit   'is-generator-function': [ '1.1.2' ],
15 silly audit   'is-glob': [ '4.0.3' ],
15 silly audit   'is-map': [ '2.0.3' ],
15 silly audit   'is-module': [ '1.0.0' ],
15 silly audit   'is-negative-zero': [ '2.0.3' ],
15 silly audit   'is-number': [ '7.0.0' ],
15 silly audit   'is-number-object': [ '1.1.1' ],
15 silly audit   'is-obj': [ '1.0.1' ],
15 silly audit   'is-path-inside': [ '3.0.3' ],
15 silly audit   'is-plain-obj': [ '3.0.0' ],
15 silly audit   'is-potential-custom-element-name': [ '1.0.1' ],
15 silly audit   'is-regex': [ '1.2.1' ],
15 silly audit   'is-regexp': [ '1.0.0' ],
15 silly audit   'is-root': [ '2.1.0' ],
15 silly audit   'is-set': [ '2.0.3' ],
15 silly audit   'is-shared-array-buffer': [ '1.0.4' ],
15 silly audit   'is-stream': [ '2.0.1' ],
15 silly audit   'is-string': [ '1.1.1' ],
15 silly audit   'is-symbol': [ '1.1.1' ],
15 silly audit   'is-typed-array': [ '1.1.15' ],
15 silly audit   'is-typedarray': [ '1.0.0' ],
15 silly audit   'is-weakmap': [ '2.0.2' ],
15 silly audit   'is-weakref': [ '1.1.1' ],
15 silly audit   'is-weakset': [ '2.0.4' ],
15 silly audit   'is-wsl': [ '2.2.0' ],
15 silly audit   isexe: [ '2.0.0' ],
15 silly audit   'istanbul-lib-coverage': [ '3.2.2' ],
15 silly audit   'istanbul-lib-instrument': [ '5.2.1' ],
15 silly audit   'istanbul-lib-report': [ '3.0.1' ],
15 silly audit   'make-dir': [ '4.0.0', '3.1.0' ],
15 silly audit   'istanbul-lib-source-maps': [ '4.0.1' ],
15 silly audit   'istanbul-reports': [ '3.2.0' ],
15 silly audit   'iterator.prototype': [ '1.1.5' ],
15 silly audit   jake: [ '10.9.4' ],
15 silly audit   jest: [ '27.5.1' ],
15 silly audit   'jest-changed-files': [ '27.5.1' ],
15 silly audit   'jest-circus': [ '27.5.1' ],
15 silly audit   'jest-cli': [ '27.5.1' ],
15 silly audit   'jest-config': [ '27.5.1' ],
15 silly audit   'jest-diff': [ '27.5.1' ],
15 silly audit   'jest-docblock': [ '27.5.1' ],
15 silly audit   'jest-each': [ '27.5.1' ],
15 silly audit   'jest-environment-jsdom': [ '27.5.1' ],
15 silly audit   'jest-environment-node': [ '27.5.1' ],
15 silly audit   'jest-get-type': [ '27.5.1' ],
15 silly audit   'jest-haste-map': [ '27.5.1' ],
15 silly audit   'jest-jasmine2': [ '27.5.1' ],
15 silly audit   'jest-leak-detector': [ '27.5.1' ],
15 silly audit   'jest-matcher-utils': [ '27.5.1' ],
15 silly audit   'jest-message-util': [ '27.5.1', '28.1.3' ],
15 silly audit   'jest-mock': [ '27.5.1' ],
15 silly audit   'jest-pnp-resolver': [ '1.2.3' ],
15 silly audit   'jest-regex-util': [ '27.5.1', '28.0.2' ],
15 silly audit   'jest-resolve': [ '27.5.1' ],
15 silly audit   'jest-resolve-dependencies': [ '27.5.1' ],
15 silly audit   'jest-runner': [ '27.5.1' ],
15 silly audit   'jest-runtime': [ '27.5.1' ],
15 silly audit   'jest-serializer': [ '27.5.1' ],
15 silly audit   'jest-snapshot': [ '27.5.1' ],
15 silly audit   'jest-util': [ '27.5.1', '28.1.3' ],
15 silly audit   'jest-validate': [ '27.5.1' ],
15 silly audit   'jest-watch-typeahead': [ '1.1.0' ],
15 silly audit   slash: [ '3.0.0', '4.0.0' ],
15 silly audit   'jest-watcher': [ '28.1.3', '27.5.1' ],
15 silly audit   'string-length': [ '4.0.2', '5.0.1' ],
15 silly audit   'strip-ansi': [ '6.0.1', '7.1.2' ],
15 silly audit   'pretty-format': [ '28.1.3', '27.5.1' ],
15 silly audit   'react-is': [ '18.3.1', '16.13.1', '17.0.2' ],
15 silly audit   jiti: [ '1.21.7' ],
15 silly audit   'js-tokens': [ '4.0.0' ],
15 silly audit   jsdom: [ '16.7.0' ],
15 silly audit   jsesc: [ '3.1.0' ],
15 silly audit   'json-buffer': [ '3.0.1' ],
15 silly audit   'json-parse-even-better-errors': [ '2.3.1' ],
15 silly audit   'json-schema': [ '0.4.0' ],
15 silly audit   'json-stable-stringify-without-jsonify': [ '1.0.1' ],
15 silly audit   json5: [ '2.2.3', '1.0.2' ],
15 silly audit   jsonfile: [ '6.2.0' ],
15 silly audit   jsonpath: [ '1.1.1' ],
15 silly audit   jsonpointer: [ '5.0.1' ],
15 silly audit   'jsx-ast-utils': [ '3.3.5' ],
15 silly audit   keyv: [ '4.5.4' ],
15 silly audit   'kind-of': [ '6.0.3' ],
15 silly audit   kleur: [ '3.0.3' ],
15 silly audit   klona: [ '2.0.6' ],
15 silly audit   'language-subtag-registry': [ '0.3.23' ],
15 silly audit   'language-tags': [ '1.0.9' ],
15 silly audit   'launch-editor': [ '2.12.0' ],
15 silly audit   leven: [ '3.1.0' ],
15 silly audit   levn: [ '0.4.1', '0.3.0' ],
15 silly audit   lilconfig: [ '2.1.0', '3.1.3' ],
15 silly audit   'lines-and-columns': [ '1.2.4' ],
15 silly audit   'loader-runner': [ '4.3.1' ],
15 silly audit   'loader-utils': [ '2.0.4', '3.3.1' ],
15 silly audit   lodash: [ '4.17.21' ],
15 silly audit   'lodash.debounce': [ '4.0.8' ],
15 silly audit   'lodash.memoize': [ '4.1.2' ],
15 silly audit   'lodash.merge': [ '4.6.2' ],
15 silly audit   'lodash.sortby': [ '4.7.0' ],
15 silly audit   'lodash.uniq': [ '4.5.0' ],
15 silly audit   'loose-envify': [ '1.4.0' ],
15 silly audit   'lower-case': [ '2.0.2' ],
15 silly audit   'lru-cache': [ '5.1.1' ],
15 silly audit   'lz-string': [ '1.5.0' ],
15 silly audit   'magic-string': [ '0.25.9' ],
15 silly audit   makeerror: [ '1.0.12' ],
15 silly audit   'math-intrinsics': [ '1.1.0' ],
15 silly audit   'media-typer': [ '0.3.0' ],
15 silly audit   memfs: [ '3.5.3' ],
15 silly audit   'merge-descriptors': [ '1.0.3' ],
15 silly audit   'merge-stream': [ '2.0.0' ],
15 silly audit   merge2: [ '1.4.1' ],
15 silly audit   methods: [ '1.1.2' ],
15 silly audit   micromatch: [ '4.0.8' ],
15 silly audit   mime: [ '1.6.0' ],
15 silly audit   'mime-db': [ '1.52.0' ],
15 silly audit   'mime-types': [ '2.1.35' ],
15 silly audit   'mimic-fn': [ '2.1.0' ],
15 silly audit   'min-indent': [ '1.0.1' ],
15 silly audit   'mini-css-extract-plugin': [ '2.9.4' ],
15 silly audit   'minimalistic-assert': [ '1.0.1' ],
15 silly audit   minimist: [ '1.2.8' ],
15 silly audit   mkdirp: [ '0.5.6' ],
15 silly audit   'multicast-dns': [ '7.2.5' ],
15 silly audit   mz: [ '2.7.0' ],
15 silly audit   nanoid: [ '3.3.11' ],
15 silly audit   'natural-compare': [ '1.4.0' ],
15 silly audit   'natural-compare-lite': [ '1.4.0' ],
15 silly audit   'neo-async': [ '2.6.2' ],
15 silly audit   'no-case': [ '3.0.4' ],
15 silly audit   'node-forge': [ '1.3.3' ],
15 silly audit   'node-int64': [ '0.4.0' ],
15 silly audit   'node-releases': [ '2.0.27' ],
15 silly audit   'normalize-path': [ '3.0.0' ],
15 silly audit   'normalize-url': [ '6.1.0' ],
15 silly audit   'npm-run-path': [ '4.0.1' ],
15 silly audit   'nth-check': [ '2.1.1', '1.0.2' ],
15 silly audit   nwsapi: [ '2.2.23' ],
15 silly audit   'object-assign': [ '4.1.1' ],
15 silly audit   'object-hash': [ '3.0.0' ],
15 silly audit   'object-inspect': [ '1.13.4' ],
15 silly audit   'object-keys': [ '1.1.1' ],
15 silly audit   'object.assign': [ '4.1.7' ],
15 silly audit   'object.entries': [ '1.1.9' ],
15 silly audit   'object.fromentries': [ '2.0.8' ],
15 silly audit   'object.getownpropertydescriptors': [ '2.1.9' ],
15 silly audit   'object.groupby': [ '1.0.3' ],
15 silly audit   'object.values': [ '1.2.1' ],
15 silly audit   obuf: [ '1.1.2' ],
15 silly audit   'on-finished': [ '2.4.1' ],
15 silly audit   'on-headers': [ '1.1.0' ],
15 silly audit   once: [ '1.4.0' ],
15 silly audit   onetime: [ '5.1.2' ],
15 silly audit   open: [ '8.4.2' ],
15 silly audit   optionator: [ '0.9.4', '0.8.3' ],
15 silly audit   'own-keys': [ '1.0.1' ],
15 silly audit   'p-retry': [ '4.6.2' ],
15 silly audit   'p-try': [ '2.2.0' ],
15 silly audit   'param-case': [ '3.0.4' ],
15 silly audit   'parent-module': [ '1.0.1' ],
15 silly audit   'parse-json': [ '5.2.0' ],
15 silly audit   parse5: [ '6.0.1' ],
15 silly audit   parseurl: [ '1.3.3' ],
15 silly audit   'pascal-case': [ '3.1.2' ],
15 silly audit   'path-exists': [ '4.0.0', '3.0.0' ],
15 silly audit   'path-is-absolute': [ '1.0.1' ],
15 silly audit   'path-key': [ '3.1.1' ],
15 silly audit   'path-parse': [ '1.0.7' ],
15 silly audit   'path-to-regexp': [ '0.1.12' ],
15 silly audit   'path-type': [ '4.0.0' ],
15 silly audit   'performance-now': [ '2.1.0' ],
15 silly audit   picocolors: [ '1.1.1', '0.2.1' ],
15 silly audit   picomatch: [ '2.3.1', '4.0.3' ],
15 silly audit   pify: [ '2.3.0' ],
15 silly audit   pirates: [ '4.0.7' ],
15 silly audit   'pkg-dir': [ '4.2.0' ],
15 silly audit   'pkg-up': [ '3.1.0' ],
15 silly audit   'possible-typed-array-names': [ '1.1.0' ],
15 silly audit   postcss: [ '8.5.6', '7.0.39' ],
15 silly audit   'postcss-attribute-case-insensitive': [ '5.0.2' ],
15 silly audit   'postcss-browser-comments': [ '4.0.0' ],
15 silly audit   'postcss-calc': [ '8.2.4' ],
15 silly audit   'postcss-clamp': [ '4.1.0' ],
15 silly audit   'postcss-color-functional-notation': [ '4.2.4' ],
15 silly audit   'postcss-color-hex-alpha': [ '8.0.4' ],
15 silly audit   'postcss-color-rebeccapurple': [ '7.1.1' ],
15 silly audit   'postcss-colormin': [ '5.3.1' ],
15 silly audit   'postcss-convert-values': [ '5.1.3' ],
15 silly audit   'postcss-custom-media': [ '8.0.2' ],
15 silly audit   'postcss-custom-properties': [ '12.1.11' ],
15 silly audit   'postcss-custom-selectors': [ '6.0.3' ],
15 silly audit   'postcss-dir-pseudo-class': [ '6.0.5' ],
15 silly audit   'postcss-discard-comments': [ '5.1.2' ],
15 silly audit   'postcss-discard-duplicates': [ '5.1.0' ],
15 silly audit   'postcss-discard-empty': [ '5.1.1' ],
15 silly audit   'postcss-discard-overridden': [ '5.1.0' ],
15 silly audit   'postcss-double-position-gradients': [ '3.1.2' ],
15 silly audit   'postcss-env-function': [ '4.0.6' ],
15 silly audit   'postcss-flexbugs-fixes': [ '5.0.2' ],
15 silly audit   'postcss-focus-visible': [ '6.0.4' ],
15 silly audit   'postcss-focus-within': [ '5.0.4' ],
15 silly audit   'postcss-font-variant': [ '5.0.0' ],
15 silly audit   'postcss-gap-properties': [ '3.0.5' ],
15 silly audit   'postcss-image-set-function': [ '4.0.7' ],
15 silly audit   'postcss-import': [ '15.1.0' ],
15 silly audit   'postcss-initial': [ '4.0.1' ],
15 silly audit   'postcss-js': [ '4.1.0' ],
15 silly audit   'postcss-lab-function': [ '4.2.1' ],
15 silly audit   'postcss-loader': [ '6.2.1' ],
15 silly audit   'postcss-logical': [ '5.0.4' ],
15 silly audit   'postcss-media-minmax': [ '5.0.0' ],
15 silly audit   'postcss-merge-longhand': [ '5.1.7' ],
15 silly audit   'postcss-merge-rules': [ '5.1.4' ],
15 silly audit   'postcss-minify-font-values': [ '5.1.0' ],
15 silly audit   'postcss-minify-gradients': [ '5.1.1' ],
15 silly audit   'postcss-minify-params': [ '5.1.4' ],
15 silly audit   'postcss-minify-selectors': [ '5.2.1' ],
15 silly audit   'postcss-modules-extract-imports': [ '3.1.0' ],
15 silly audit   'postcss-modules-local-by-default': [ '4.2.0' ],
15 silly audit   'postcss-selector-parser': [ '7.1.1', '6.1.2' ],
15 silly audit   'postcss-modules-scope': [ '3.2.1' ],
15 silly audit   'postcss-modules-values': [ '4.0.0' ],
15 silly audit   'postcss-nested': [ '6.2.0' ],
15 silly audit   'postcss-nesting': [ '10.2.0' ],
15 silly audit   'postcss-normalize': [ '10.0.1' ],
15 silly audit   'postcss-normalize-charset': [ '5.1.0' ],
15 silly audit   'postcss-normalize-display-values': [ '5.1.0' ],
15 silly audit   'postcss-normalize-positions': [ '5.1.1' ],
15 silly audit   'postcss-normalize-repeat-style': [ '5.1.1' ],
15 silly audit   'postcss-normalize-string': [ '5.1.0' ],
15 silly audit   'postcss-normalize-timing-functions': [ '5.1.0' ],
15 silly audit   'postcss-normalize-unicode': [ '5.1.1' ],
15 silly audit   'postcss-normalize-url': [ '5.1.0' ],
15 silly audit   'postcss-normalize-whitespace': [ '5.1.1' ],
15 silly audit   'postcss-opacity-percentage': [ '1.1.3' ],
15 silly audit   'postcss-ordered-values': [ '5.1.3' ],
15 silly audit   'postcss-overflow-shorthand': [ '3.0.4' ],
15 silly audit   'postcss-page-break': [ '3.0.4' ],
15 silly audit   'postcss-place': [ '7.0.5' ],
15 silly audit   'postcss-preset-env': [ '7.8.3' ],
15 silly audit   'postcss-pseudo-class-any-link': [ '7.1.6' ],
15 silly audit   'postcss-reduce-initial': [ '5.1.2' ],
15 silly audit   'postcss-reduce-transforms': [ '5.1.0' ],
15 silly audit   'postcss-replace-overflow-wrap': [ '4.0.0' ],
15 silly audit   'postcss-selector-not': [ '6.0.1' ],
15 silly audit   'postcss-svgo': [ '5.1.0' ],
15 silly audit   svgo: [ '2.8.0', '1.3.2' ],
15 silly audit   'postcss-unique-selectors': [ '5.1.1' ],
15 silly audit   'postcss-value-parser': [ '4.2.0' ],
15 silly audit   'prelude-ls': [ '1.2.1', '1.1.2' ],
15 silly audit   'pretty-bytes': [ '5.6.0' ],
15 silly audit   'pretty-error': [ '4.0.0' ],
15 silly audit   'process-nextick-args': [ '2.0.1' ],
15 silly audit   promise: [ '8.3.0' ],
15 silly audit   prompts: [ '2.4.2' ],
15 silly audit   'prop-types': [ '15.8.1' ],
15 silly audit   'proxy-addr': [ '2.0.7' ],
15 silly audit   'proxy-from-env': [ '1.1.0' ],
15 silly audit   psl: [ '1.15.0' ],
15 silly audit   punycode: [ '2.3.1' ],
15 silly audit   q: [ '1.5.1' ],
15 silly audit   qs: [ '6.14.1' ],
15 silly audit   querystringify: [ '2.2.0' ],
15 silly audit   'queue-microtask': [ '1.2.3' ],
15 silly audit   raf: [ '3.4.1' ],
15 silly audit   randombytes: [ '2.1.0' ],
15 silly audit   'range-parser': [ '1.2.1' ],
15 silly audit   'raw-body': [ '2.5.3' ],
15 silly audit   react: [ '19.2.3' ],
15 silly audit   'react-app-polyfill': [ '3.0.0' ],
15 silly audit   'react-dev-utils': [ '12.0.1' ],
15 silly audit   'react-dom': [ '19.2.3' ],
15 silly audit   'react-error-overlay': [ '6.1.0' ],
15 silly audit   'react-refresh': [ '0.11.0' ],
15 silly audit   'react-scripts': [ '5.0.1' ],
15 silly audit   'read-cache': [ '1.0.0' ],
15 silly audit   readdirp: [ '3.6.0' ],
15 silly audit   'recursive-readdir': [ '2.2.3' ],
15 silly audit   redent: [ '3.0.0' ],
15 silly audit   'reflect.getprototypeof': [ '1.0.10' ],
15 silly audit   regenerate: [ '1.4.2' ],
15 silly audit   'regenerate-unicode-properties': [ '10.2.2' ],
15 silly audit   'regenerator-runtime': [ '0.13.11' ],
15 silly audit   'regex-parser': [ '2.3.1' ],
15 silly audit   'regexp.prototype.flags': [ '1.5.4' ],
15 silly audit   'regexpu-core': [ '6.4.0' ],
15 silly audit   regjsgen: [ '0.8.0' ],
15 silly audit   regjsparser: [ '0.13.0' ],
15 silly audit   relateurl: [ '0.2.7' ],
15 silly audit   renderkid: [ '3.0.0' ],
15 silly audit   'require-directory': [ '2.1.1' ],
15 silly audit   'require-from-string': [ '2.0.2' ],
15 silly audit   'requires-port': [ '1.0.0' ],
15 silly audit   'resolve-cwd': [ '3.0.0' ],
15 silly audit   'resolve-url-loader': [ '4.0.0' ],
15 silly audit   'resolve.exports': [ '1.1.1' ],
15 silly audit   retry: [ '0.13.1' ],
15 silly audit   reusify: [ '1.1.0' ],
15 silly audit   rimraf: [ '3.0.2' ],
15 silly audit   rollup: [ '2.79.2' ],
15 silly audit   'rollup-plugin-terser': [ '7.0.2' ],
15 silly audit   'serialize-javascript': [ '4.0.0', '6.0.2' ],
15 silly audit   'run-parallel': [ '1.2.0' ],
15 silly audit   'safe-array-concat': [ '1.1.3' ],
15 silly audit   'safe-push-apply': [ '1.0.0' ],
15 silly audit   'safe-regex-test': [ '1.1.0' ],
15 silly audit   'safer-buffer': [ '2.1.2' ],
15 silly audit   'sanitize.css': [ '13.0.0' ],
15 silly audit   'sass-loader': [ '12.6.0' ],
15 silly audit   sax: [ '1.2.4' ],
15 silly audit   saxes: [ '5.0.1' ],
15 silly audit   scheduler: [ '0.27.0' ],
15 silly audit   'select-hose': [ '2.0.0' ],
15 silly audit   selfsigned: [ '2.4.1' ],
15 silly audit   send: [ '0.19.2' ],
15 silly audit   'serve-index': [ '1.9.1' ],
15 silly audit   setprototypeof: [ '1.1.0', '1.2.0' ],
15 silly audit   statuses: [ '1.5.0', '2.0.2' ],
15 silly audit   'serve-static': [ '1.16.3' ],
15 silly audit   'set-function-length': [ '1.2.2' ],
15 silly audit   'set-function-name': [ '2.0.2' ],
15 silly audit   'set-proto': [ '1.0.0' ],
15 silly audit   'shebang-command': [ '2.0.0' ],
15 silly audit   'shebang-regex': [ '3.0.0' ],
15 silly audit   'shell-quote': [ '1.8.3' ],
15 silly audit   'side-channel': [ '1.1.0' ],
15 silly audit   'side-channel-list': [ '1.0.0' ],
15 silly audit   'side-channel-map': [ '1.0.1' ],
15 silly audit   'side-channel-weakmap': [ '1.0.2' ],
15 silly audit   'signal-exit': [ '3.0.7' ],
15 silly audit   sisteransi: [ '1.0.5' ],
15 silly audit   sockjs: [ '0.3.24' ],
15 silly audit   'source-list-map': [ '2.0.1' ],
15 silly audit   'source-map-js': [ '1.2.1' ],
15 silly audit   'source-map-loader': [ '3.0.2' ],
15 silly audit   'source-map-support': [ '0.5.21' ],
15 silly audit   'sourcemap-codec': [ '1.4.8' ],
15 silly audit   spdy: [ '4.0.2' ],
15 silly audit   'spdy-transport': [ '3.0.0' ],
15 silly audit   'sprintf-js': [ '1.0.3' ],
15 silly audit   stable: [ '0.1.8' ],
15 silly audit   'stack-utils': [ '2.0.6' ],
15 silly audit   stackframe: [ '1.3.4' ],
15 silly audit   'static-eval': [ '2.0.2' ],
15 silly audit   'type-check': [ '0.3.2', '0.4.0' ],
15 silly audit   'stop-iteration-iterator': [ '1.1.0' ],
15 silly audit   'string-natural-compare': [ '3.0.1' ],
15 silly audit   'string-width': [ '4.2.3' ],
15 silly audit   'string.prototype.includes': [ '2.0.1' ],
15 silly audit   'string.prototype.matchall': [ '4.0.12' ],
15 silly audit   'string.prototype.repeat': [ '1.0.0' ],
15 silly audit   'string.prototype.trim': [ '1.2.10' ],
15 silly audit   'string.prototype.trimend': [ '1.0.9' ],
15 silly audit   'string.prototype.trimstart': [ '1.0.8' ],
15 silly audit   'stringify-object': [ '3.3.0' ],
15 silly audit   'strip-bom': [ '4.0.0', '3.0.0' ],
15 silly audit   'strip-comments': [ '2.0.1' ],
15 silly audit   'strip-final-newline': [ '2.0.0' ],
15 silly audit   'strip-indent': [ '3.0.0' ],
15 silly audit   'strip-json-comments': [ '3.1.1' ],
15 silly audit   'style-loader': [ '3.3.4' ],
15 silly audit   stylehacks: [ '5.1.1' ],
15 silly audit   sucrase: [ '3.35.1' ],
15 silly audit   'supports-hyperlinks': [ '2.3.0' ],
15 silly audit   'supports-preserve-symlinks-flag': [ '1.0.0' ],
15 silly audit   'svg-parser': [ '2.0.4' ],
15 silly audit   'symbol-tree': [ '3.2.4' ],
15 silly audit   tailwindcss: [ '3.4.19' ],
15 silly audit   'postcss-load-config': [ '6.0.1' ],
15 silly audit   yaml: [ '2.8.2', '1.10.2' ],
15 silly audit   'temp-dir': [ '2.0.0' ],
15 silly audit   tempy: [ '0.6.0' ],
15 silly audit   'terminal-link': [ '2.1.1' ],
15 silly audit   terser: [ '5.44.1' ],
15 silly audit   'terser-webpack-plugin': [ '5.3.16' ],
15 silly audit   'test-exclude': [ '6.0.0' ],
15 silly audit   'text-table': [ '0.2.0' ],
15 silly audit   thenify: [ '3.3.1' ],
15 silly audit   'thenify-all': [ '1.6.0' ],
15 silly audit   throat: [ '6.0.2' ],
15 silly audit   thunky: [ '1.1.0' ],
15 silly audit   tinyglobby: [ '0.2.15' ],
15 silly audit   fdir: [ '6.5.0' ],
15 silly audit   tmpl: [ '1.0.5' ],
15 silly audit   'to-regex-range': [ '5.0.1' ],
15 silly audit   toidentifier: [ '1.0.1' ],
15 silly audit   'tough-cookie': [ '4.1.4' ],
15 silly audit   universalify: [ '0.2.0', '2.0.1' ],
15 silly audit   tr46: [ '2.1.0', '1.0.1' ],
15 silly audit   tryer: [ '1.0.1' ],
15 silly audit   'ts-interface-checker': [ '0.1.13' ],
15 silly audit   'tsconfig-paths': [ '3.15.0' ],
15 silly audit   tslib: [ '2.8.1', '1.14.1' ],
15 silly audit   tsutils: [ '3.21.0' ],
15 silly audit   'type-detect': [ '4.0.8' ],
15 silly audit   'type-is': [ '1.6.18' ],
15 silly audit   'typed-array-buffer': [ '1.0.3' ],
15 silly audit   'typed-array-byte-length': [ '1.0.3' ],
15 silly audit   'typed-array-byte-offset': [ '1.0.4' ],
15 silly audit   'typed-array-length': [ '1.0.7' ],
15 silly audit   'typedarray-to-buffer': [ '3.1.5' ],
15 silly audit   typescript: [ '4.9.5' ],
15 silly audit   'unbox-primitive': [ '1.1.0' ],
15 silly audit   underscore: [ '1.12.1' ],
15 silly audit   'undici-types': [ '7.16.0' ],
15 silly audit   'unicode-canonical-property-names-ecmascript': [ '2.0.1' ],
15 silly audit   'unicode-match-property-ecmascript': [ '2.0.0' ],
15 silly audit   'unicode-match-property-value-ecmascript': [ '2.2.1' ],
15 silly audit   'unicode-property-aliases-ecmascript': [ '2.2.0' ],
15 silly audit   'unique-string': [ '2.0.0' ],
15 silly audit   unpipe: [ '1.0.0' ],
15 silly audit   unquote: [ '1.1.1' ],
15 silly audit   upath: [ '1.2.0' ],
15 silly audit   'update-browserslist-db': [ '1.2.3' ],
15 silly audit   'uri-js': [ '4.4.1' ],
15 silly audit   'url-parse': [ '1.5.10' ],
15 silly audit   'util-deprecate': [ '1.0.2' ],
15 silly audit   'util.promisify': [ '1.0.1' ],
15 silly audit   utila: [ '0.4.0' ],
15 silly audit   'utils-merge': [ '1.0.1' ],
15 silly audit   uuid: [ '8.3.2' ],
15 silly audit   'v8-to-istanbul': [ '8.1.1' ],
15 silly audit   vary: [ '1.1.2' ],
15 silly audit   'w3c-hr-time': [ '1.0.2' ],
15 silly audit   'w3c-xmlserializer': [ '2.0.0' ],
15 silly audit   walker: [ '1.0.8' ],
15 silly audit   watchpack: [ '2.5.0' ],
15 silly audit   wbuf: [ '1.7.3' ],
15 silly audit   'web-vitals': [ '2.1.4' ],
15 silly audit   webpack: [ '5.104.1' ],
15 silly audit   'webpack-dev-middleware': [ '5.3.4' ],
15 silly audit   'webpack-dev-server': [ '4.15.2' ],
15 silly audit   ws: [ '8.19.0', '7.5.10' ],
15 silly audit   'webpack-manifest-plugin': [ '4.1.1' ],
15 silly audit   'webpack-sources': [ '2.3.1', '3.3.3', '1.4.3' ],
15 silly audit   'websocket-driver': [ '0.7.4' ],
15 silly audit   'websocket-extensions': [ '0.1.4' ],
15 silly audit   'whatwg-encoding': [ '1.0.5' ],
15 silly audit   'whatwg-fetch': [ '3.6.20' ],
15 silly audit   'whatwg-mimetype': [ '2.3.0' ],
15 silly audit   'whatwg-url': [ '8.7.0', '7.1.0' ],
15 silly audit   'which-boxed-primitive': [ '1.1.1' ],
15 silly audit   'which-builtin-type': [ '1.2.1' ],
15 silly audit   'which-collection': [ '1.0.2' ],
15 silly audit   'which-typed-array': [ '1.1.19' ],
15 silly audit   'word-wrap': [ '1.2.5' ],
15 silly audit   'workbox-background-sync': [ '6.6.0' ],
15 silly audit   'workbox-broadcast-update': [ '6.6.0' ],
15 silly audit   'workbox-build': [ '6.6.0' ],
15 silly audit   '@apideck/better-ajv-errors': [ '0.3.6' ],
15 silly audit   'workbox-cacheable-response': [ '6.6.0' ],
15 silly audit   'workbox-core': [ '6.6.0' ],
15 silly audit   'workbox-expiration': [ '6.6.0' ],
15 silly audit   'workbox-google-analytics': [ '6.6.0' ],
15 silly audit   'workbox-navigation-preload': [ '6.6.0' ],
15 silly audit   'workbox-precaching': [ '6.6.0' ],
15 silly audit   'workbox-range-requests': [ '6.6.0' ],
15 silly audit   'workbox-recipes': [ '6.6.0' ],
15 silly audit   'workbox-routing': [ '6.6.0' ],
15 silly audit   'workbox-strategies': [ '6.6.0' ],
15 silly audit   'workbox-streams': [ '6.6.0' ],
15 silly audit   'workbox-sw': [ '6.6.0' ],
15 silly audit   'workbox-webpack-plugin': [ '6.6.0' ],
15 silly audit   'workbox-window': [ '6.6.0' ],
15 silly audit   'wrap-ansi': [ '7.0.0' ],
15 silly audit   wrappy: [ '1.0.2' ],
15 silly audit   'write-file-atomic': [ '3.0.3' ],
15 silly audit   'xml-name-validator': [ '3.0.0' ],
15 silly audit   xmlchars: [ '2.2.0' ],
15 silly audit   y18n: [ '5.0.8' ],
15 silly audit   yallist: [ '3.1.1' ],
15 silly audit   yargs: [ '16.2.0' ],
15 silly audit   'yargs-parser': [ '20.2.9' ],
15 silly audit   'yocto-queue': [ '0.1.0' ]
15 silly audit }
16 verbose reify failed optional dependency E:\Abhivyakti\frontend\node_modules\fsevents
17 silly reify mark deleted [ 'E:\\Abhivyakti\\frontend\\node_modules\\fsevents' ]
18 http fetch POST 200 https://registry.npmjs.org/-/npm/v1/security/advisories/bulk 2484ms
19 silly audit report {
19 silly audit report   '@babel/plugin-transform-modules-systemjs': [
19 silly audit report     {
19 silly audit report       id: 1117908,
19 silly audit report       url: 'https://github.com/advisories/GHSA-fv7c-fp4j-7gwp',
19 silly audit report       title: '@babel/plugin-transform-modules-systemjs generates arbitrary code when compiling malicious input',
19 silly audit report       severity: 'high',
19 silly audit report       vulnerable_versions: '>=7.12.0 <=7.29.3',
19 silly audit report       cwe: [Array],
19 silly audit report       cvss: [Object]
19 silly audit report     }
19 silly audit report   ],
19 silly audit report   '@tootallnate/once': [
19 silly audit report     {
19 silly audit report       id: 1119438,
19 silly audit report       url: 'https://github.com/advisories/GHSA-vpq2-c234-7xj6',
19 silly audit report       title: '@tootallnate/once vulnerable to Incorrect Control Flow Scoping',
19 silly audit report       severity: 'low',
19 silly audit report       vulnerable_versions: '<2.0.1',
19 silly audit report       cwe: [Array],
19 silly audit report       cvss: [Object]
19 silly audit report     }
19 silly audit report   ],
19 silly audit report   ajv: [
19 silly audit report     {
19 silly audit report       id: 1113714,
19 silly audit report       url: 'https://github.com/advisories/GHSA-2g4f-4pwh-qvx6',
19 silly audit report       title: 'ajv has ReDoS when using `$data` option',
19 silly audit report       severity: 'moderate',
19 silly audit report       vulnerable_versions: '<6.14.0',
19 silly audit report       cwe: [Array],
19 silly audit report       cvss: [Object]
19 silly audit report     },
19 silly audit report     {
19 silly audit report       id: 1113715,
19 silly audit report       url: 'https://github.com/advisories/GHSA-2g4f-4pwh-qvx6',
19 silly audit report       title: 'ajv has ReDoS when using `$data` option',
19 silly audit report       severity: 'moderate',
19 silly audit report       vulnerable_versions: '>=7.0.0-alpha.0 <8.18.0',
19 silly audit report       cwe: [Array],
19 silly audit report       cvss: [Object]
19 silly audit report     }
19 silly audit report   ],
19 silly audit report   axios: [
19 silly audit report     {
19 silly audit report       id: 1118607,
19 silly audit report       url: 'https://github.com/advisories/GHSA-q8qp-cvcw-x6jj',
19 silly audit report       title: 'Axios has prototype pollution read-side gadgets in HTTP adapter that allow credential injection and request hijacking',
19 silly audit report       severity: 'high',
19 silly audit report       vulnerable_versions: '>=1.0.0 <1.15.2',
19 silly audit report       cwe: [Array],
19 silly audit report       cvss: [Object]
19 silly audit report     },
19 silly audit report     {
19 silly audit report       id: 1119404,
19 silly audit report       url: 'https://github.com/advisories/GHSA-fvcv-3m26-pcqx',
19 silly audit report       title: 'Axios has Unrestricted Cloud Metadata Exfiltration via Header Injection Chain',
19 silly audit report       severity: 'moderate',
19 silly audit report       vulnerable_versions: '>=1.0.0 <1.15.0',
19 silly audit report       cwe: [Array],
19 silly audit report       cvss: [Object]
19 silly audit report     },
19 silly audit report     {
19 silly audit report       id: 1116673,
19 silly audit report       url: 'https://github.com/advisories/GHSA-3p68-rc4w-qgx5',
19 silly audit report       title: 'Axios has a NO_PROXY Hostname Normalization Bypass that Leads to SSRF',
19 silly audit report       severity: 'moderate',
19 silly audit report       vulnerable_versions: '>=1.0.0 <1.15.0',
19 silly audit report       cwe: [Array],
19 silly audit report       cvss: [Object]
19 silly audit report     },
19 silly audit report     {
19 silly audit report       id: 1117574,
19 silly audit report       url: 'https://github.com/advisories/GHSA-w9j2-pvgh-6h63',
19 silly audit report       title: 'Axios: Authentication Bypass via Prototype Pollution Gadget in `validateStatus` Merge Strategy',
19 silly audit report       severity: 'moderate',
19 silly audit report       vulnerable_versions: '>=1.0.0 <1.15.1',
19 silly audit report       cwe: [Array],
19 silly audit report       cvss: [Object]
19 silly audit report     },
19 silly audit report     {
19 silly audit report       id: 1117576,
19 silly audit report       url: 'https://github.com/advisories/GHSA-pmwg-cvhr-8vh7',
19 silly audit report       title: 'Axios: Incomplete Fix for CVE-2025-62718 — NO_PROXY Protection Bypassed via RFC 1122 Loopback Subnet (127.0.0.0/8) in Axios 1.15.0',
19 silly audit report       severity: 'high',
19 silly audit report       vulnerable_versions: '>=1.0.0 <1.15.1',
19 silly audit report       cwe: [Array],
19 silly audit report       cvss: [Object]
19 silly audit report     },
19 silly audit report     {
19 silly audit report       id: 1117577,
19 silly audit report       url: 'https://github.com/advisories/GHSA-3w6x-2g7m-8v23',
19 silly audit report       title: 'Axios: Invisible JSON Response Tampering via Prototype Pollution Gadget in `parseReviver`',
19 silly audit report       severity: 'moderate',
19 silly audit report       vulnerable_versions: '>=1.0.0 <1.15.2',
19 silly audit report       cwe: [Array],
19 silly audit report       cvss: [Object]
19 silly audit report     },
19 silly audit report     {
19 silly audit report       id: 1117580,
19 silly audit report       url: 'https://github.com/advisories/GHSA-xhjh-pmcv-23jw',
19 silly audit report       title: 'Axios: Null Byte Injection via Reverse-Encoding in AxiosURLSearchParams',
19 silly audit report       severity: 'low',
19 silly audit report       vulnerable_versions: '>=1.0.0 <1.15.1',
19 silly audit report       cwe: [Array],
19 silly audit report       cvss: [Object]
19 silly audit report     },
19 silly audit report     {
19 silly audit report       id: 1117581,
19 silly audit report       url: 'https://github.com/advisories/GHSA-445q-vr5w-6q77',
19 silly audit report       title: 'Axios: CRLF Injection in multipart/form-data body via unsanitized blob.type in formDataToStream',
19 silly audit report       severity: 'moderate',
19 silly audit report       vulnerable_versions: '>=1.0.0 <1.15.1',
19 silly audit report       cwe: [Array],
19 silly audit report       cvss: [Object]
19 silly audit report     },
19 silly audit report     {
19 silly audit report       id: 1117583,
19 silly audit report       url: 'https://github.com/advisories/GHSA-m7pr-hjqh-92cm',
19 silly audit report       title: 'Axios: no_proxy bypass via IP alias allows SSRF',
19 silly audit report       severity: 'moderate',
19 silly audit report       vulnerable_versions: '>=1.0.0 <1.15.1',
19 silly audit report       cwe: [Array],
19 silly audit report       cvss: [Object]
19 silly audit report     },
19 silly audit report     {
19 silly audit report       id: 1117585,
19 silly audit report       url: 'https://github.com/advisories/GHSA-62hf-57xw-28j9',
19 silly audit report       title: 'Axios: unbounded recursion in toFormData causes DoS via deeply nested request data',
19 silly audit report       severity: 'moderate',
19 silly audit report       vulnerable_versions: '>=1.0.0 <1.15.1',
19 silly audit report       cwe: [Array],
19 silly audit report       cvss: [Object]
19 silly audit report     },
19 silly audit report     {
19 silly audit report       id: 1117587,
19 silly audit report       url: 'https://github.com/advisories/GHSA-5c9x-8gcm-mpgx',
19 silly audit report       title: "Axios' HTTP adapter-streamed uploads bypass maxBodyLength when maxRedirects: 0",
19 silly audit report       severity: 'moderate',
19 silly audit report       vulnerable_versions: '>=1.0.0 <1.15.1',
19 silly audit report       cwe: [Array],
19 silly audit report       cvss: [Object]
19 silly audit report     },
19 silly audit report     {
19 silly audit report       id: 1117589,
19 silly audit report       url: 'https://github.com/advisories/GHSA-vf2m-468p-8v99',
19 silly audit report       title: 'Axios: HTTP adapter streamed responses bypass maxContentLength',
19 silly audit report       severity: 'moderate',
19 silly audit report       vulnerable_versions: '>=1.0.0 <1.15.1',
19 silly audit report       cwe: [Array],
19 silly audit report       cvss: [Object]
19 silly audit report     },
19 silly audit report     {
19 silly audit report       id: 1117591,
19 silly audit report       url: 'https://github.com/advisories/GHSA-pf86-5x62-jrwf',
19 silly audit report       title: 'Axios: Prototype Pollution Gadgets - Response Tampering, Data Exfiltration, and Request Hijacking',
19 silly audit report       severity: 'high',
19 silly audit report       vulnerable_versions: '>=1.0.0 <1.15.1',
19 silly audit report       cwe: [Array],
19 silly audit report       cvss: [Object]
19 silly audit report     },
19 silly audit report     {
19 silly audit report       id: 1117593,
19 silly audit report       url: 'https://github.com/advisories/GHSA-6chq-wfr3-2hj9',
19 silly audit report       title: 'Axios: Header Injection via Prototype Pollution',
19 silly audit report       severity: 'high',
19 silly audit report       vulnerable_versions: '>=1.0.0 <1.15.1',
19 silly audit report       cwe: [Array],
19 silly audit report       cvss: [Object]
19 silly audit report     },
19 silly audit report     {
19 silly audit report       id: 1117595,
19 silly audit report       url: 'https://github.com/advisories/GHSA-xx6v-rp6x-q39c',
19 silly audit report       title: 'Axios: XSRF Token Cross-Origin Leakage via Prototype Pollution Gadget in `withXSRFToken` Boolean Coercion',
19 silly audit report       severity: 'moderate',
19 silly audit report       vulnerable_versions: '>=1.0.0 <1.15.1',
19 silly audit report       cwe: [Array],
19 silly audit report       cvss: [Object]
19 silly audit report     },
19 silly audit report     {
19 silly audit report       id: 1117858,
19 silly audit report       url: 'https://github.com/advisories/GHSA-43fc-jf86-j433',
19 silly audit report       title: 'Axios is Vulnerable to Denial of Service via __proto__ Key in mergeConfig',
19 silly audit report       severity: 'high',
19 silly audit report       vulnerable_versions: '>=1.0.0 <=1.13.4',
19 silly audit report       cwe: [Array],
19 silly audit report       cvss: [Object]
19 silly audit report     }
19 silly audit report   ],
19 silly audit report   'brace-expansion': [
19 silly audit report     {
19 silly audit report       id: 1115540,
19 silly audit report       url: 'https://github.com/advisories/GHSA-f886-m6hf-6m8v',
19 silly audit report       title: 'brace-expansion: Zero-step sequence causes process hang and memory exhaustion',
19 silly audit report       severity: 'moderate',
19 silly audit report       vulnerable_versions: '<1.1.13',
19 silly audit report       cwe: [Array],
19 silly audit report       cvss: [Object]
19 silly audit report     },
19 silly audit report     {
19 silly audit report       id: 1115541,
19 silly audit report       url: 'https://github.com/advisories/GHSA-f886-m6hf-6m8v',
19 silly audit report       title: 'brace-expansion: Zero-step sequence causes process hang and memory exhaustion',
19 silly audit report       severity: 'moderate',
19 silly audit report       vulnerable_versions: '>=2.0.0 <2.0.3',
19 silly audit report       cwe: [Array],
19 silly audit report       cvss: [Object]
19 silly audit report     }
19 silly audit report   ],
19 silly audit report   'fast-uri': [
19 silly audit report     {
19 silly audit report       id: 1117884,
19 silly audit report       url: 'https://github.com/advisories/GHSA-v39h-62p7-jpjc',
19 silly audit report       title: 'fast-uri vulnerable to host confusion via percent-encoded authority delimiters',
19 silly audit report       severity: 'high',
19 silly audit report       vulnerable_versions: '<=3.1.1',
19 silly audit report       cwe: [Array],
19 silly audit report       cvss: [Object]
19 silly audit report     },
19 silly audit report     {
19 silly audit report       id: 1117870,
19 silly audit report       url: 'https://github.com/advisories/GHSA-q3j6-qgpj-74h6',
19 silly audit report       title: 'fast-uri vulnerable to path traversal via percent-encoded dot segments',
19 silly audit report       severity: 'high',
19 silly audit report       vulnerable_versions: '<=3.1.0',
19 silly audit report       cwe: [Array],
19 silly audit report       cvss: [Object]
19 silly audit report     }
19 silly audit report   ],
19 silly audit report   minimatch: [
19 silly audit report     {
19 silly audit report       id: 1113459,
19 silly audit report       url: 'https://github.com/advisories/GHSA-3ppc-4f35-3m26',
19 silly audit report       title: 'minimatch has a ReDoS via repeated wildcards with non-matching literal in pattern',
19 silly audit report       severity: 'high',
19 silly audit report       vulnerable_versions: '<3.1.3',
19 silly audit report       cwe: [Array],
19 silly audit report       cvss: [Object]
19 silly audit report     },
19 silly audit report     {
19 silly audit report       id: 1113461,
19 silly audit report       url: 'https://github.com/advisories/GHSA-3ppc-4f35-3m26',
19 silly audit report       title: 'minimatch has a ReDoS via repeated wildcards with non-matching literal in pattern',
19 silly audit report       severity: 'high',
19 silly audit report       vulnerable_versions: '>=5.0.0 <5.1.7',
19 silly audit report       cwe: [Array],
19 silly audit report       cvss: [Object]
19 silly audit report     },
19 silly audit report     {
19 silly audit report       id: 1113538,
19 silly audit report       url: 'https://github.com/advisories/GHSA-7r86-cg39-jmmj',
19 silly audit report       title: 'minimatch has ReDoS: matchOne() combinatorial backtracking via multiple non-adjacent GLOBSTAR segments',
19 silly audit report       severity: 'high',
19 silly audit report       vulnerable_versions: '<3.1.3',
19 silly audit report       cwe: [Array],
19 silly audit report       cvss: [Object]
19 silly audit report     },
19 silly audit report     {
19 silly audit report       id: 1113540,
19 silly audit report       url: 'https://github.com/advisories/GHSA-7r86-cg39-jmmj',
19 silly audit report       title: 'minimatch has ReDoS: matchOne() combinatorial backtracking via multiple non-adjacent GLOBSTAR segments',
19 silly audit report       severity: 'high',
19 silly audit report       vulnerable_versions: '>=5.0.0 <5.1.8',
19 silly audit report       cwe: [Array],
19 silly audit report       cvss: [Object]
19 silly audit report     },
19 silly audit report     {
19 silly audit report       id: 1113546,
19 silly audit report       url: 'https://github.com/advisories/GHSA-23c5-xmqv-rm74',
19 silly audit report       title: 'minimatch ReDoS: nested *() extglobs generate catastrophically backtracking regular expressions',
19 silly audit report       severity: 'high',
19 silly audit report       vulnerable_versions: '<3.1.4',
19 silly audit report       cwe: [Array],
19 silly audit report       cvss: [Object]
19 silly audit report     },
19 silly audit report     {
19 silly audit report       id: 1113548,
19 silly audit report       url: 'https://github.com/advisories/GHSA-23c5-xmqv-rm74',
19 silly audit report       title: 'minimatch ReDoS: nested *() extglobs generate catastrophically backtracking regular expressions',
19 silly audit report       severity: 'high',
19 silly audit report       vulnerable_versions: '>=5.0.0 <5.1.8',
19 silly audit report       cwe: [Array],
19 silly audit report       cvss: [Object]
19 silly audit report     }
19 silly audit report   ],
19 silly audit report   flatted: [
19 silly audit report     {
19 silly audit report       id: 1114526,
19 silly audit report       url: 'https://github.com/advisories/GHSA-25h7-pfq9-p65f',
19 silly audit report       title: 'flatted vulnerable to unbounded recursion DoS in parse() revive phase',
19 silly audit report       severity: 'high',
19 silly audit report       vulnerable_versions: '<3.4.0',
19 silly audit report       cwe: [Array],
19 silly audit report       cvss: [Object]
19 silly audit report     },
19 silly audit report     {
19 silly audit report       id: 1115357,
19 silly audit report       url: 'https://github.com/advisories/GHSA-rf6f-7fwh-wjgh',
19 silly audit report       title: 'Prototype Pollution via parse() in NodeJS flatted',
19 silly audit report       severity: 'high',
19 silly audit report       vulnerable_versions: '<=3.4.1',
19 silly audit report       cwe: [Array],
19 silly audit report       cvss: [Object]
19 silly audit report     }
19 silly audit report   ],
19 silly audit report   'follow-redirects': [
19 silly audit report     {
19 silly audit report       id: 1116560,
19 silly audit report       url: 'https://github.com/advisories/GHSA-r4q5-vmmm-2653',
19 silly audit report       title: 'follow-redirects leaks Custom Authentication Headers to Cross-Domain Redirect Targets',
19 silly audit report       severity: 'moderate',
19 silly audit report       vulnerable_versions: '<=1.15.11',
19 silly audit report       cwe: [Array],
19 silly audit report       cvss: [Object]
19 silly audit report     }
19 silly audit report   ],
19 silly audit report   jsonpath: [
19 silly audit report     {
19 silly audit report       id: 1112974,
19 silly audit report       url: 'https://github.com/advisories/GHSA-6c59-mwgh-r2x6',
19 silly audit report       title: 'JSONPath vulnerable to Prototype Pollution due to insufficient input validation of object keys in lib/index.js',
19 silly audit report       severity: 'moderate',
19 silly audit report       vulnerable_versions: '<1.2.0',
19 silly audit report       cwe: [Array],
19 silly audit report       cvss: [Object]
19 silly audit report     },
19 silly audit report     {
19 silly audit report       id: 1114914,
19 silly audit report       url: 'https://github.com/advisories/GHSA-87r5-mp6g-5w5j',
19 silly audit report       title: 'jsonpath has Arbitrary Code Injection via Unsafe Evaluation of JSON Path Expressions',
19 silly audit report       severity: 'high',
19 silly audit report       vulnerable_versions: '<=1.2.1',
19 silly audit report       cwe: [Array],
19 silly audit report       cvss: [Object]
19 silly audit report     }
19 silly audit report   ],
19 silly audit report   lodash: [
19 silly audit report     {
19 silly audit report       id: 1112455,
19 silly audit report       url: 'https://github.com/advisories/GHSA-xxjr-mmjv-4gpg',
19 silly audit report       title: 'Lodash has Prototype Pollution Vulnerability in `_.unset` and `_.omit` functions',
19 silly audit report       severity: 'moderate',
19 silly audit report       vulnerable_versions: '>=4.0.0 <=4.17.22',
19 silly audit report       cwe: [Array],
19 silly audit report       cvss: [Object]
19 silly audit report     },
19 silly audit report     {
19 silly audit report       id: 1115806,
19 silly audit report       url: 'https://github.com/advisories/GHSA-r5fr-rjxr-66jc',
19 silly audit report       title: 'lodash vulnerable to Code Injection via `_.template` imports key names',
19 silly audit report       severity: 'high',
19 silly audit report       vulnerable_versions: '>=4.0.0 <=4.17.23',
19 silly audit report       cwe: [Array],
19 silly audit report       cvss: [Object]
19 silly audit report     },
19 silly audit report     {
19 silly audit report       id: 1115810,
19 silly audit report       url: 'https://github.com/advisories/GHSA-f23m-r3pf-42rh',
19 silly audit report       title: 'lodash vulnerable to Prototype Pollution via array path bypass in `_.unset` and `_.omit`',
19 silly audit report       severity: 'moderate',
19 silly audit report       vulnerable_versions: '<=4.17.23',
19 silly audit report       cwe: [Array],
19 silly audit report       cvss: [Object]
19 silly audit report     }
19 silly audit report   ],
19 silly audit report   'node-forge': [
19 silly audit report     {
19 silly audit report       id: 1115545,
19 silly audit report       url: 'https://github.com/advisories/GHSA-2328-f5f3-gj25',
19 silly audit report       title: 'Forge has a basicConstraints bypass in its certificate chain verification (RFC 5280 violation)',
19 silly audit report       severity: 'high',
19 silly audit report       vulnerable_versions: '<=1.3.3',
19 silly audit report       cwe: [Array],
19 silly audit report       cvss: [Object]
19 silly audit report     },
19 silly audit report     {
19 silly audit report       id: 1115546,
19 silly audit report       url: 'https://github.com/advisories/GHSA-q67f-28xg-22rw',
19 silly audit report       title: 'Forge has signature forgery in Ed25519 due to missing S > L check',
19 silly audit report       severity: 'high',
19 silly audit report       vulnerable_versions: '<1.4.0',
19 silly audit report       cwe: [Array],
19 silly audit report       cvss: [Object]
19 silly audit report     },
19 silly audit report     {
19 silly audit report       id: 1115548,
19 silly audit report       url: 'https://github.com/advisories/GHSA-5m6q-g25r-mvwx',
19 silly audit report       title: 'Forge has Denial of Service via Infinite Loop in BigInteger.modInverse() with Zero Input',
19 silly audit report       severity: 'high',
19 silly audit report       vulnerable_versions: '<1.4.0',
19 silly audit report       cwe: [Array],
19 silly audit report       cvss: [Object]
19 silly audit report     },
19 silly audit report     {
19 silly audit report       id: 1115612,
19 silly audit report       url: 'https://github.com/advisories/GHSA-ppp5-5v6c-4jwp',
19 silly audit report       title: 'Forge has signature forgery in RSA-PKCS due to ASN.1 extra field  ',
19 silly audit report       severity: 'high',
19 silly audit report       vulnerable_versions: '<1.4.0',
19 silly audit report       cwe: [Array],
19 silly audit report       cvss: [Object]
19 silly audit report     }
19 silly audit report   ],
19 silly audit report   'nth-check': [
19 silly audit report     {
19 silly audit report       id: 1095141,
19 silly audit report       url: 'https://github.com/advisories/GHSA-rp65-9cf3-cjxr',
19 silly audit report       title: 'Inefficient Regular Expression Complexity in nth-check',
19 silly audit report       severity: 'high',
19 silly audit report       vulnerable_versions: '<2.0.1',
19 silly audit report       cwe: [Array],
19 silly audit report       cvss: [Object]
19 silly audit report     }
19 silly audit report   ],
19 silly audit report   'path-to-regexp': [
19 silly audit report     {
19 silly audit report       id: 1115527,
19 silly audit report       url: 'https://github.com/advisories/GHSA-37ch-88jc-xwx2',
19 silly audit report       title: 'path-to-regexp vulnerable to Regular Expression Denial of Service via multiple route parameters',
19 silly audit report       severity: 'high',
19 silly audit report       vulnerable_versions: '<0.1.13',
19 silly audit report       cwe: [Array],
19 silly audit report       cvss: [Object]
19 silly audit report     }
19 silly audit report   ],
19 silly audit report   picomatch: [
19 silly audit report     {
19 silly audit report       id: 1115549,
19 silly audit report       url: 'https://github.com/advisories/GHSA-3v7f-55p6-f55p',
19 silly audit report       title: 'Picomatch: Method Injection in POSIX Character Classes causes incorrect Glob Matching',
19 silly audit report       severity: 'moderate',
19 silly audit report       vulnerable_versions: '<2.3.2',
19 silly audit report       cwe: [Array],
19 silly audit report       cvss: [Object]
19 silly audit report     },
19 silly audit report     {
19 silly audit report       id: 1115551,
19 silly audit report       url: 'https://github.com/advisories/GHSA-3v7f-55p6-f55p',
19 silly audit report       title: 'Picomatch: Method Injection in POSIX Character Classes causes incorrect Glob Matching',
19 silly audit report       severity: 'moderate',
19 silly audit report       vulnerable_versions: '>=4.0.0 <4.0.4',
19 silly audit report       cwe: [Array],
19 silly audit report       cvss: [Object]
19 silly audit report     },
19 silly audit report     {
19 silly audit report       id: 1115552,
19 silly audit report       url: 'https://github.com/advisories/GHSA-c2c7-rcm5-vvqj',
19 silly audit report       title: 'Picomatch has a ReDoS vulnerability via extglob quantifiers',
19 silly audit report       severity: 'high',
19 silly audit report       vulnerable_versions: '<2.3.2',
19 silly audit report       cwe: [Array],
19 silly audit report       cvss: [Object]
19 silly audit report     },
19 silly audit report     {
19 silly audit report       id: 1115554,
19 silly audit report       url: 'https://github.com/advisories/GHSA-c2c7-rcm5-vvqj',
19 silly audit report       title: 'Picomatch has a ReDoS vulnerability via extglob quantifiers',
19 silly audit report       severity: 'high',
19 silly audit report       vulnerable_versions: '>=4.0.0 <4.0.4',
19 silly audit report       cwe: [Array],
19 silly audit report       cvss: [Object]
19 silly audit report     }
19 silly audit report   ],
19 silly audit report   postcss: [
19 silly audit report     {
19 silly audit report       id: 1109574,
19 silly audit report       url: 'https://github.com/advisories/GHSA-7fh5-64p2-3v2j',
19 silly audit report       title: 'PostCSS line return parsing error',
19 silly audit report       severity: 'moderate',
19 silly audit report       vulnerable_versions: '<8.4.31',
19 silly audit report       cwe: [Array],
19 silly audit report       cvss: [Object]
19 silly audit report     },
19 silly audit report     {
19 silly audit report       id: 1117015,
19 silly audit report       url: 'https://github.com/advisories/GHSA-qx2v-qp2m-jg93',
19 silly audit report       title: 'PostCSS has XSS via Unescaped </style> in its CSS Stringify Output',
19 silly audit report       severity: 'moderate',
19 silly audit report       vulnerable_versions: '<8.5.10',
19 silly audit report       cwe: [Array],
19 silly audit report       cvss: [Object]
19 silly audit report     }
19 silly audit report   ],
19 silly audit report   svgo: [
19 silly audit report     {
19 silly audit report       id: 1114152,
19 silly audit report       url: 'https://github.com/advisories/GHSA-xpqw-6gx7-v673',
19 silly audit report       title: 'SVGO DoS through entity expansion in DOCTYPE (Billion Laughs)',
19 silly audit report       severity: 'high',
19 silly audit report       vulnerable_versions: '>=2.1.0 <2.8.1',
19 silly audit report       cwe: [Array],
19 silly audit report       cvss: [Object]
19 silly audit report     }
19 silly audit report   ],
19 silly audit report   qs: [
19 silly audit report     {
19 silly audit report       id: 1119502,
19 silly audit report       url: 'https://github.com/advisories/GHSA-q8mj-m7cp-5q26',
19 silly audit report       title: 'qs has a remotely triggerable DoS: qs.stringify crashes with TypeError on null/undefined entries in comma-format arrays when encodeValuesOnly is set',
19 silly audit report       severity: 'moderate',
19 silly audit report       vulnerable_versions: '>=6.11.1 <=6.15.1',
19 silly audit report       cwe: [Array],
19 silly audit report       cvss: [Object]
19 silly audit report     },
19 silly audit report     {
19 silly audit report       id: 1113161,
19 silly audit report       url: 'https://github.com/advisories/GHSA-w7fw-mjwx-w883',
19 silly audit report       title: "qs's arrayLimit bypass in comma parsing allows denial of service",
19 silly audit report       severity: 'low',
19 silly audit report       vulnerable_versions: '>=6.7.0 <=6.14.1',
19 silly audit report       cwe: [Array],
19 silly audit report       cvss: [Object]
19 silly audit report     }
19 silly audit report   ],
19 silly audit report   rollup: [
19 silly audit report     {
19 silly audit report       id: 1113517,
19 silly audit report       url: 'https://github.com/advisories/GHSA-mw96-cpmx-2vgc',
19 silly audit report       title: 'Rollup 4 has Arbitrary File Write via Path Traversal',
19 silly audit report       severity: 'high',
19 silly audit report       vulnerable_versions: '<2.80.0',
19 silly audit report       cwe: [Array],
19 silly audit report       cvss: [Object]
19 silly audit report     }
19 silly audit report   ],
19 silly audit report   'serialize-javascript': [
19 silly audit report     {
19 silly audit report       id: 1119440,
19 silly audit report       url: 'https://github.com/advisories/GHSA-qj8w-gfj5-8c6v',
19 silly audit report       title: 'Serialize JavaScript has CPU Exhaustion Denial of Service via crafted array-like objects',
19 silly audit report       severity: 'moderate',
19 silly audit report       vulnerable_versions: '>=5.0.0 <7.0.5',
19 silly audit report       cwe: [Array],
19 silly audit report       cvss: [Object]
19 silly audit report     },
19 silly audit report     {
19 silly audit report       id: 1113686,
19 silly audit report       url: 'https://github.com/advisories/GHSA-5c6j-r48x-rmvq',
19 silly audit report       title: 'Serialize JavaScript is Vulnerable to RCE via RegExp.flags and Date.prototype.toISOString()',
19 silly audit report       severity: 'high',
19 silly audit report       vulnerable_versions: '<=7.0.2',
19 silly audit report       cwe: [Array],
19 silly audit report       cvss: [Object]
19 silly audit report     }
19 silly audit report   ],
19 silly audit report   yaml: [
19 silly audit report     {
19 silly audit report       id: 1115555,
19 silly audit report       url: 'https://github.com/advisories/GHSA-48c2-rrv3-qjmp',
19 silly audit report       title: 'yaml is vulnerable to Stack Overflow via deeply nested YAML collections',
19 silly audit report       severity: 'moderate',
19 silly audit report       vulnerable_versions: '>=1.0.0 <1.10.3',
19 silly audit report       cwe: [Array],
19 silly audit report       cvss: [Object]
19 silly audit report     },
19 silly audit report     {
19 silly audit report       id: 1115556,
19 silly audit report       url: 'https://github.com/advisories/GHSA-48c2-rrv3-qjmp',
19 silly audit report       title: 'yaml is vulnerable to Stack Overflow via deeply nested YAML collections',
19 silly audit report       severity: 'moderate',
19 silly audit report       vulnerable_versions: '>=2.0.0 <2.8.3',
19 silly audit report       cwe: [Array],
19 silly audit report       cvss: [Object]
19 silly audit report     }
19 silly audit report   ],
19 silly audit report   underscore: [
19 silly audit report     {
19 silly audit report       id: 1117689,
19 silly audit report       url: 'https://github.com/advisories/GHSA-qpx9-hpmf-5gmw',
19 silly audit report       title: 'Underscore has unlimited recursion in _.flatten and _.isEqual, potential for DoS attack',
19 silly audit report       severity: 'high',
19 silly audit report       vulnerable_versions: '<=1.13.7',
19 silly audit report       cwe: [Array],
19 silly audit report       cvss: [Object]
19 silly audit report     }
19 silly audit report   ],
19 silly audit report   uuid: [
19 silly audit report     {
19 silly audit report       id: 1119441,
19 silly audit report       url: 'https://github.com/advisories/GHSA-w5hq-g745-h8pq',
19 silly audit report       title: 'uuid: Missing buffer bounds check in v3/v5/v6 when buf is provided',
19 silly audit report       severity: 'moderate',
19 silly audit report       vulnerable_versions: '<11.1.1',
19 silly audit report       cwe: [Array],
19 silly audit report       cvss: [Object]
19 silly audit report     }
19 silly audit report   ],
19 silly audit report   'webpack-dev-server': [
19 silly audit report     {
19 silly audit report       id: 1108429,
19 silly audit report       url: 'https://github.com/advisories/GHSA-9jgg-88mc-972h',
19 silly audit report       title: "webpack-dev-server users' source code may be stolen when they access a malicious web site with non-Chromium based browser",
19 silly audit report       severity: 'moderate',
19 silly audit report       vulnerable_versions: '<=5.2.0',
19 silly audit report       cwe: [Array],
19 silly audit report       cvss: [Object]
19 silly audit report     },
19 silly audit report     {
19 silly audit report       id: 1108430,
19 silly audit report       url: 'https://github.com/advisories/GHSA-4v9v-hfq4-rm2v',
19 silly audit report       title: "webpack-dev-server users' source code may be stolen when they access a malicious web site",
19 silly audit report       severity: 'moderate',
19 silly audit report       vulnerable_versions: '<=5.2.0',
19 silly audit report       cwe: [Array],
19 silly audit report       cvss: [Object]
19 silly audit report     },
19 silly audit report     {
19 silly audit report       id: 1119074,
19 silly audit report       url: 'https://github.com/advisories/GHSA-79cf-xcqc-c78w',
19 silly audit report       title: 'webpack-dev-server vulnerable to cross-origin source code exposure on non-HTTPS origins',
19 silly audit report       severity: 'moderate',
19 silly audit report       vulnerable_versions: '<=5.2.3',
19 silly audit report       cwe: [Array],
19 silly audit report       cvss: [Object]
19 silly audit report     }
19 silly audit report   ],
19 silly audit report   ws: [
19 silly audit report     {
19 silly audit report       id: 1119108,
19 silly audit report       url: 'https://github.com/advisories/GHSA-58qx-3vcg-4xpx',
19 silly audit report       title: 'ws: Uninitialized memory disclosure',
19 silly audit report       severity: 'moderate',
19 silly audit report       vulnerable_versions: '>=8.0.0 <8.20.1',
19 silly audit report       cwe: [Array],
19 silly audit report       cvss: [Object]
19 silly audit report     }
19 silly audit report   ]
19 silly audit report }
20 silly packumentCache corgi:https://registry.npmjs.org/@babel%2fplugin-transform-modules-systemjs cache-miss
21 silly packumentCache corgi:https://registry.npmjs.org/@tootallnate%2fonce cache-miss
22 silly packumentCache corgi:https://registry.npmjs.org/ajv cache-miss
23 silly packumentCache corgi:https://registry.npmjs.org/axios cache-miss
24 silly packumentCache corgi:https://registry.npmjs.org/brace-expansion cache-miss
25 silly packumentCache corgi:https://registry.npmjs.org/fast-uri cache-miss
26 silly packumentCache corgi:https://registry.npmjs.org/minimatch cache-miss
27 silly packumentCache corgi:https://registry.npmjs.org/flatted cache-miss
28 silly packumentCache corgi:https://registry.npmjs.org/follow-redirects cache-miss
29 silly packumentCache corgi:https://registry.npmjs.org/jsonpath cache-miss
30 silly packumentCache corgi:https://registry.npmjs.org/lodash cache-miss
31 silly packumentCache corgi:https://registry.npmjs.org/node-forge cache-miss
32 silly packumentCache corgi:https://registry.npmjs.org/nth-check cache-miss
33 silly packumentCache corgi:https://registry.npmjs.org/path-to-regexp cache-miss
34 silly packumentCache corgi:https://registry.npmjs.org/picomatch cache-miss
35 silly packumentCache corgi:https://registry.npmjs.org/postcss cache-miss
36 silly packumentCache corgi:https://registry.npmjs.org/svgo cache-miss
37 silly packumentCache corgi:https://registry.npmjs.org/qs cache-miss
38 silly packumentCache corgi:https://registry.npmjs.org/rollup cache-miss
39 silly packumentCache corgi:https://registry.npmjs.org/serialize-javascript cache-miss
40 silly packumentCache corgi:https://registry.npmjs.org/yaml cache-miss
41 silly packumentCache corgi:https://registry.npmjs.org/underscore cache-miss
42 silly packumentCache corgi:https://registry.npmjs.org/uuid cache-miss
43 silly packumentCache corgi:https://registry.npmjs.org/webpack-dev-server cache-miss
44 silly packumentCache corgi:https://registry.npmjs.org/ws cache-miss
45 http fetch GET 200 https://registry.npmjs.org/@babel%2fplugin-transform-modules-systemjs 237ms (cache miss)
46 silly packumentCache corgi:https://registry.npmjs.org/@babel%2fplugin-transform-modules-systemjs set size:undefined disposed:false
47 http fetch GET 200 https://registry.npmjs.org/@tootallnate%2fonce 781ms (cache miss)
48 silly packumentCache corgi:https://registry.npmjs.org/@tootallnate%2fonce set size:undefined disposed:false
49 http fetch GET 200 https://registry.npmjs.org/postcss 755ms (cache miss)
50 silly packumentCache corgi:https://registry.npmjs.org/postcss set size:undefined disposed:false
51 http fetch GET 200 https://registry.npmjs.org/brace-expansion 1057ms (cache miss)
52 silly packumentCache corgi:https://registry.npmjs.org/brace-expansion set size:undefined disposed:false
53 http fetch GET 200 https://registry.npmjs.org/jsonpath 1883ms (cache miss)
54 silly packumentCache corgi:https://registry.npmjs.org/jsonpath set size:undefined disposed:false
55 http fetch GET 200 https://registry.npmjs.org/fast-uri 1924ms (cache miss)
56 silly packumentCache corgi:https://registry.npmjs.org/fast-uri set size:undefined disposed:false
57 http fetch GET 200 https://registry.npmjs.org/nth-check 1912ms (cache miss)
58 silly packumentCache corgi:https://registry.npmjs.org/nth-check set size:undefined disposed:false
59 http fetch GET 200 https://registry.npmjs.org/svgo 1933ms (cache miss)
60 silly packumentCache corgi:https://registry.npmjs.org/svgo set size:undefined disposed:false
61 http fetch GET 200 https://registry.npmjs.org/picomatch 2028ms (cache miss)
62 silly packumentCache corgi:https://registry.npmjs.org/picomatch set size:undefined disposed:false
63 http fetch GET 200 https://registry.npmjs.org/path-to-regexp 2109ms (cache miss)
64 silly packumentCache corgi:https://registry.npmjs.org/path-to-regexp set size:undefined disposed:false
65 http fetch GET 200 https://registry.npmjs.org/flatted 2125ms (cache miss)
66 silly packumentCache corgi:https://registry.npmjs.org/flatted set size:undefined disposed:false
67 http fetch GET 200 https://registry.npmjs.org/lodash 2278ms (cache miss)
68 silly packumentCache corgi:https://registry.npmjs.org/lodash set size:undefined disposed:false
69 http fetch GET 200 https://registry.npmjs.org/node-forge 2514ms (cache miss)
70 silly packumentCache corgi:https://registry.npmjs.org/node-forge set size:undefined disposed:false
71 http fetch GET 200 https://registry.npmjs.org/follow-redirects 2602ms (cache miss)
72 silly packumentCache corgi:https://registry.npmjs.org/follow-redirects set size:undefined disposed:false
73 http fetch GET 200 https://registry.npmjs.org/uuid 2602ms (cache miss)
74 silly packumentCache corgi:https://registry.npmjs.org/uuid set size:undefined disposed:false
75 http fetch GET 200 https://registry.npmjs.org/yaml 2698ms (cache miss)
76 silly packumentCache corgi:https://registry.npmjs.org/yaml set size:undefined disposed:false
77 http fetch GET 200 https://registry.npmjs.org/serialize-javascript 2851ms (cache miss)
78 silly packumentCache corgi:https://registry.npmjs.org/serialize-javascript set size:undefined disposed:false
79 http fetch GET 200 https://registry.npmjs.org/axios 2918ms (cache miss)
80 silly packumentCache corgi:https://registry.npmjs.org/axios set size:undefined disposed:false
81 http fetch GET 200 https://registry.npmjs.org/underscore 2963ms (cache miss)
82 silly packumentCache corgi:https://registry.npmjs.org/underscore set size:undefined disposed:false
83 http fetch GET 200 https://registry.npmjs.org/minimatch 2991ms (cache miss)
84 silly packumentCache corgi:https://registry.npmjs.org/minimatch set size:undefined disposed:false
85 http fetch GET 200 https://registry.npmjs.org/ws 3007ms (cache miss)
86 silly packumentCache corgi:https://registry.npmjs.org/ws set size:undefined disposed:false
87 http fetch GET 200 https://registry.npmjs.org/ajv 3278ms (cache miss)
88 silly packumentCache corgi:https://registry.npmjs.org/ajv set size:undefined disposed:false
89 http fetch GET 200 https://registry.npmjs.org/qs 3302ms (cache miss)
90 silly packumentCache corgi:https://registry.npmjs.org/qs set size:undefined disposed:false
91 http fetch GET 200 https://registry.npmjs.org/webpack-dev-server 3401ms (cache miss)
92 silly packumentCache corgi:https://registry.npmjs.org/webpack-dev-server set size:undefined disposed:false
93 http fetch GET 200 https://registry.npmjs.org/rollup 3535ms (cache miss)
94 silly packumentCache corgi:https://registry.npmjs.org/rollup set size:undefined disposed:false
95 silly packumentCache corgi:https://registry.npmjs.org/@babel%2fpreset-env cache-miss
96 http fetch GET 200 https://registry.npmjs.org/@babel%2fpreset-env 267ms (cache miss)
97 silly packumentCache corgi:https://registry.npmjs.org/@babel%2fpreset-env set size:undefined disposed:false
98 silly packumentCache corgi:https://registry.npmjs.org/http-proxy-agent cache-miss
99 http fetch GET 200 https://registry.npmjs.org/http-proxy-agent 173ms (cache miss)
100 silly packumentCache corgi:https://registry.npmjs.org/http-proxy-agent set size:undefined disposed:false
101 silly packumentCache corgi:https://registry.npmjs.org/@eslint%2feslintrc cache-miss
102 silly packumentCache corgi:https://registry.npmjs.org/ajv-keywords cache-miss
103 silly packumentCache corgi:https://registry.npmjs.org/schema-utils cache-miss
104 silly packumentCache corgi:https://registry.npmjs.org/eslint cache-miss
105 http fetch GET 200 https://registry.npmjs.org/ajv-keywords 229ms (cache miss)
106 silly packumentCache corgi:https://registry.npmjs.org/ajv-keywords set size:undefined disposed:false
107 http fetch GET 200 https://registry.npmjs.org/schema-utils 269ms (cache miss)
108 silly packumentCache corgi:https://registry.npmjs.org/schema-utils set size:undefined disposed:false
109 http fetch GET 200 https://registry.npmjs.org/@eslint%2feslintrc 397ms (cache miss)
110 silly packumentCache corgi:https://registry.npmjs.org/@eslint%2feslintrc set size:undefined disposed:false
111 http fetch GET 200 https://registry.npmjs.org/eslint 408ms (cache miss)
112 silly packumentCache corgi:https://registry.npmjs.org/eslint set size:undefined disposed:false
113 silly packumentCache corgi:https://registry.npmjs.org/ajv-formats cache-miss
114 silly packumentCache corgi:https://registry.npmjs.org/workbox-build cache-miss
115 silly packumentCache corgi:https://registry.npmjs.org/@apideck%2fbetter-ajv-errors cache-miss
116 http fetch GET 200 https://registry.npmjs.org/@apideck%2fbetter-ajv-errors 239ms (cache miss)
117 silly packumentCache corgi:https://registry.npmjs.org/@apideck%2fbetter-ajv-errors set size:undefined disposed:false
118 http fetch GET 200 https://registry.npmjs.org/workbox-build 252ms (cache miss)
119 silly packumentCache corgi:https://registry.npmjs.org/workbox-build set size:undefined disposed:false
120 http fetch GET 200 https://registry.npmjs.org/ajv-formats 291ms (cache miss)
121 silly packumentCache corgi:https://registry.npmjs.org/ajv-formats set size:undefined disposed:false
122 silly packumentCache corgi:https://registry.npmjs.org/@humanwhocodes%2fconfig-array cache-miss
123 silly packumentCache corgi:https://registry.npmjs.org/eslint-plugin-import cache-miss
124 silly packumentCache corgi:https://registry.npmjs.org/eslint-plugin-jsx-a11y cache-miss
125 silly packumentCache corgi:https://registry.npmjs.org/eslint-plugin-react cache-miss
126 silly packumentCache corgi:https://registry.npmjs.org/fork-ts-checker-webpack-plugin cache-miss
127 silly packumentCache corgi:https://registry.npmjs.org/glob cache-miss
128 silly packumentCache corgi:https://registry.npmjs.org/recursive-readdir cache-miss
129 silly packumentCache corgi:https://registry.npmjs.org/test-exclude cache-miss
130 http fetch GET 200 https://registry.npmjs.org/@humanwhocodes%2fconfig-array 279ms (cache miss)
131 silly packumentCache corgi:https://registry.npmjs.org/@humanwhocodes%2fconfig-array set size:undefined disposed:false
132 http fetch GET 200 https://registry.npmjs.org/test-exclude 282ms (cache miss)
133 silly packumentCache corgi:https://registry.npmjs.org/test-exclude set size:undefined disposed:false
134 http fetch GET 200 https://registry.npmjs.org/eslint-plugin-jsx-a11y 300ms (cache miss)
135 silly packumentCache corgi:https://registry.npmjs.org/eslint-plugin-jsx-a11y set size:undefined disposed:false
136 http fetch GET 200 https://registry.npmjs.org/glob 303ms (cache miss)
137 silly packumentCache corgi:https://registry.npmjs.org/glob set size:undefined disposed:false
138 http fetch GET 200 https://registry.npmjs.org/eslint-plugin-react 339ms (cache miss)
139 silly packumentCache corgi:https://registry.npmjs.org/eslint-plugin-react set size:undefined disposed:false
140 http fetch GET 200 https://registry.npmjs.org/eslint-plugin-import 361ms (cache miss)
141 silly packumentCache corgi:https://registry.npmjs.org/eslint-plugin-import set size:undefined disposed:false
142 http fetch GET 200 https://registry.npmjs.org/recursive-readdir 372ms (cache miss)
143 silly packumentCache corgi:https://registry.npmjs.org/recursive-readdir set size:undefined disposed:false
144 http fetch GET 200 https://registry.npmjs.org/fork-ts-checker-webpack-plugin 379ms (cache miss)
145 silly packumentCache corgi:https://registry.npmjs.org/fork-ts-checker-webpack-plugin set size:undefined disposed:false
146 silly packumentCache corgi:https://registry.npmjs.org/filelist cache-miss
147 http fetch GET 200 https://registry.npmjs.org/filelist 239ms (cache miss)
148 silly packumentCache corgi:https://registry.npmjs.org/filelist set size:undefined disposed:false
149 silly packumentCache corgi:https://registry.npmjs.org/flat-cache cache-miss
150 http fetch GET 200 https://registry.npmjs.org/flat-cache 180ms (cache miss)
151 silly packumentCache corgi:https://registry.npmjs.org/flat-cache set size:undefined disposed:false
152 silly packumentCache corgi:https://registry.npmjs.org/http-proxy cache-miss
153 http fetch GET 200 https://registry.npmjs.org/http-proxy 182ms (cache miss)
154 silly packumentCache corgi:https://registry.npmjs.org/http-proxy set size:undefined disposed:false
155 silly packumentCache corgi:https://registry.npmjs.org/bfj cache-miss
156 http fetch GET 200 https://registry.npmjs.org/bfj 270ms (cache miss)
157 silly packumentCache corgi:https://registry.npmjs.org/bfj set size:undefined disposed:false
158 silly packumentCache corgi:https://registry.npmjs.org/eslint-plugin-flowtype cache-miss
159 silly packumentCache corgi:https://registry.npmjs.org/html-webpack-plugin cache-miss
160 silly packumentCache corgi:https://registry.npmjs.org/pretty-error cache-miss
161 silly packumentCache corgi:https://registry.npmjs.org/renderkid cache-miss
162 silly packumentCache corgi:https://registry.npmjs.org/whatwg-url cache-miss
163 http fetch GET 200 https://registry.npmjs.org/whatwg-url 207ms (cache miss)
164 silly packumentCache corgi:https://registry.npmjs.org/whatwg-url set size:undefined disposed:false
165 http fetch GET 200 https://registry.npmjs.org/renderkid 215ms (cache miss)
166 silly packumentCache corgi:https://registry.npmjs.org/renderkid set size:undefined disposed:false
167 http fetch GET 200 https://registry.npmjs.org/pretty-error 220ms (cache miss)
168 silly packumentCache corgi:https://registry.npmjs.org/pretty-error set size:undefined disposed:false
169 http fetch GET 200 https://registry.npmjs.org/eslint-plugin-flowtype 225ms (cache miss)
170 silly packumentCache corgi:https://registry.npmjs.org/eslint-plugin-flowtype set size:undefined disposed:false
171 http fetch GET 200 https://registry.npmjs.org/html-webpack-plugin 298ms (cache miss)
172 silly packumentCache corgi:https://registry.npmjs.org/html-webpack-plugin set size:undefined disposed:false
173 silly packumentCache corgi:https://registry.npmjs.org/selfsigned cache-miss
174 http fetch GET 200 https://registry.npmjs.org/selfsigned 178ms (cache miss)
175 silly packumentCache corgi:https://registry.npmjs.org/selfsigned set size:undefined disposed:false
176 silly packumentCache corgi:https://registry.npmjs.org/css-select cache-miss
177 http fetch GET 200 https://registry.npmjs.org/css-select 139ms (cache miss)
178 silly packumentCache corgi:https://registry.npmjs.org/css-select set size:undefined disposed:false
179 silly packumentCache corgi:https://registry.npmjs.org/express cache-miss
180 http fetch GET 200 https://registry.npmjs.org/express 192ms (cache miss)
181 silly packumentCache corgi:https://registry.npmjs.org/express set size:undefined disposed:false
182 silly packumentCache corgi:https://registry.npmjs.org/@rollup%2fpluginutils cache-miss
183 silly packumentCache corgi:https://registry.npmjs.org/anymatch cache-miss
184 silly packumentCache corgi:https://registry.npmjs.org/jest-util cache-miss
185 silly packumentCache corgi:https://registry.npmjs.org/micromatch cache-miss
186 silly packumentCache corgi:https://registry.npmjs.org/readdirp cache-miss
187 http fetch GET 200 https://registry.npmjs.org/micromatch 180ms (cache miss)
188 silly packumentCache corgi:https://registry.npmjs.org/micromatch set size:undefined disposed:false
189 http fetch GET 200 https://registry.npmjs.org/anymatch 187ms (cache miss)
190 silly packumentCache corgi:https://registry.npmjs.org/anymatch set size:undefined disposed:false
191 http fetch GET 200 https://registry.npmjs.org/readdirp 188ms (cache miss)
192 silly packumentCache corgi:https://registry.npmjs.org/readdirp set size:undefined disposed:false
193 http fetch GET 200 https://registry.npmjs.org/@rollup%2fpluginutils 201ms (cache miss)
194 silly packumentCache corgi:https://registry.npmjs.org/@rollup%2fpluginutils set size:undefined disposed:false
195 http fetch GET 200 https://registry.npmjs.org/jest-util 208ms (cache miss)
196 silly packumentCache corgi:https://registry.npmjs.org/jest-util set size:undefined disposed:false
197 silly packumentCache corgi:https://registry.npmjs.org/tinyglobby cache-miss
198 silly packumentCache corgi:https://registry.npmjs.org/fdir cache-miss
199 http fetch GET 200 https://registry.npmjs.org/tinyglobby 147ms (cache miss)
200 silly packumentCache corgi:https://registry.npmjs.org/tinyglobby set size:undefined disposed:false
201 http fetch GET 200 https://registry.npmjs.org/fdir 153ms (cache miss)
202 silly packumentCache corgi:https://registry.npmjs.org/fdir set size:undefined disposed:false
203 silly packumentCache corgi:https://registry.npmjs.org/resolve-url-loader cache-miss
204 http fetch GET 200 https://registry.npmjs.org/resolve-url-loader 401ms (cache miss)
205 silly packumentCache corgi:https://registry.npmjs.org/resolve-url-loader set size:undefined disposed:false
206 silly packumentCache corgi:https://registry.npmjs.org/@csstools%2fpostcss-cascade-layers cache-miss
207 silly packumentCache corgi:https://registry.npmjs.org/@csstools%2fpostcss-color-function cache-miss
208 silly packumentCache corgi:https://registry.npmjs.org/@csstools%2fpostcss-font-format-keywords cache-miss
209 silly packumentCache corgi:https://registry.npmjs.org/@csstools%2fpostcss-hwb-function cache-miss
210 silly packumentCache corgi:https://registry.npmjs.org/@csstools%2fpostcss-ic-unit cache-miss
211 silly packumentCache corgi:https://registry.npmjs.org/@csstools%2fpostcss-is-pseudo-class cache-miss
212 silly packumentCache corgi:https://registry.npmjs.org/@csstools%2fpostcss-nested-calc cache-miss
213 silly packumentCache corgi:https://registry.npmjs.org/@csstools%2fpostcss-normalize-display-values cache-miss
214 silly packumentCache corgi:https://registry.npmjs.org/@csstools%2fpostcss-oklab-function cache-miss
215 silly packumentCache corgi:https://registry.npmjs.org/@csstools%2fpostcss-progressive-custom-properties cache-miss
216 silly packumentCache corgi:https://registry.npmjs.org/@csstools%2fpostcss-stepped-value-functions cache-miss
217 silly packumentCache corgi:https://registry.npmjs.org/@csstools%2fpostcss-text-decoration-shorthand cache-miss
218 silly packumentCache corgi:https://registry.npmjs.org/@csstools%2fpostcss-trigonometric-functions cache-miss
219 silly packumentCache corgi:https://registry.npmjs.org/@csstools%2fpostcss-unset-value cache-miss
220 silly packumentCache corgi:https://registry.npmjs.org/autoprefixer cache-miss
221 silly packumentCache corgi:https://registry.npmjs.org/css-blank-pseudo cache-miss
222 silly packumentCache corgi:https://registry.npmjs.org/css-declaration-sorter cache-miss
223 silly packumentCache corgi:https://registry.npmjs.org/css-has-pseudo cache-miss
224 silly packumentCache corgi:https://registry.npmjs.org/css-loader cache-miss
225 silly packumentCache corgi:https://registry.npmjs.org/css-minimizer-webpack-plugin cache-miss
226 silly packumentCache corgi:https://registry.npmjs.org/css-prefers-color-scheme cache-miss
227 silly packumentCache corgi:https://registry.npmjs.org/cssnano cache-miss
228 silly packumentCache corgi:https://registry.npmjs.org/cssnano-preset-default cache-miss
229 silly packumentCache corgi:https://registry.npmjs.org/cssnano-utils cache-miss
230 silly packumentCache corgi:https://registry.npmjs.org/icss-utils cache-miss
231 silly packumentCache corgi:https://registry.npmjs.org/postcss-attribute-case-insensitive cache-miss
232 silly packumentCache corgi:https://registry.npmjs.org/postcss-browser-comments cache-miss
233 silly packumentCache corgi:https://registry.npmjs.org/postcss-calc cache-miss
234 silly packumentCache corgi:https://registry.npmjs.org/postcss-clamp cache-miss
235 silly packumentCache corgi:https://registry.npmjs.org/postcss-color-functional-notation cache-miss
236 silly packumentCache corgi:https://registry.npmjs.org/postcss-color-hex-alpha cache-miss
237 silly packumentCache corgi:https://registry.npmjs.org/postcss-color-rebeccapurple cache-miss
238 silly packumentCache corgi:https://registry.npmjs.org/postcss-colormin cache-miss
239 silly packumentCache corgi:https://registry.npmjs.org/postcss-convert-values cache-miss
240 silly packumentCache corgi:https://registry.npmjs.org/postcss-custom-media cache-miss
241 silly packumentCache corgi:https://registry.npmjs.org/postcss-custom-properties cache-miss
242 silly packumentCache corgi:https://registry.npmjs.org/postcss-custom-selectors cache-miss
243 silly packumentCache corgi:https://registry.npmjs.org/postcss-dir-pseudo-class cache-miss
244 silly packumentCache corgi:https://registry.npmjs.org/postcss-discard-comments cache-miss
245 silly packumentCache corgi:https://registry.npmjs.org/postcss-discard-duplicates cache-miss
246 silly packumentCache corgi:https://registry.npmjs.org/postcss-discard-empty cache-miss
247 silly packumentCache corgi:https://registry.npmjs.org/postcss-discard-overridden cache-miss
248 silly packumentCache corgi:https://registry.npmjs.org/postcss-double-position-gradients cache-miss
249 silly packumentCache corgi:https://registry.npmjs.org/postcss-env-function cache-miss
250 silly packumentCache corgi:https://registry.npmjs.org/postcss-flexbugs-fixes cache-miss
251 silly packumentCache corgi:https://registry.npmjs.org/postcss-focus-visible cache-miss
252 silly packumentCache corgi:https://registry.npmjs.org/postcss-focus-within cache-miss
253 silly packumentCache corgi:https://registry.npmjs.org/postcss-font-variant cache-miss
254 silly packumentCache corgi:https://registry.npmjs.org/postcss-gap-properties cache-miss
255 silly packumentCache corgi:https://registry.npmjs.org/postcss-image-set-function cache-miss
256 silly packumentCache corgi:https://registry.npmjs.org/postcss-import cache-miss
257 silly packumentCache corgi:https://registry.npmjs.org/postcss-initial cache-miss
258 silly packumentCache corgi:https://registry.npmjs.org/postcss-js cache-miss
259 silly packumentCache corgi:https://registry.npmjs.org/postcss-lab-function cache-miss
260 silly packumentCache corgi:https://registry.npmjs.org/postcss-loader cache-miss
261 silly packumentCache corgi:https://registry.npmjs.org/postcss-logical cache-miss
262 silly packumentCache corgi:https://registry.npmjs.org/postcss-media-minmax cache-miss
263 silly packumentCache corgi:https://registry.npmjs.org/postcss-merge-longhand cache-miss
264 silly packumentCache corgi:https://registry.npmjs.org/postcss-merge-rules cache-miss
265 silly packumentCache corgi:https://registry.npmjs.org/postcss-minify-font-values cache-miss
266 silly packumentCache corgi:https://registry.npmjs.org/postcss-minify-gradients cache-miss
267 silly packumentCache corgi:https://registry.npmjs.org/postcss-minify-params cache-miss
268 silly packumentCache corgi:https://registry.npmjs.org/postcss-minify-selectors cache-miss
269 silly packumentCache corgi:https://registry.npmjs.org/postcss-modules-extract-imports cache-miss
270 silly packumentCache corgi:https://registry.npmjs.org/postcss-modules-local-by-default cache-miss
271 silly packumentCache corgi:https://registry.npmjs.org/postcss-modules-scope cache-miss
272 silly packumentCache corgi:https://registry.npmjs.org/postcss-modules-values cache-miss
273 silly packumentCache corgi:https://registry.npmjs.org/postcss-nested cache-miss
274 silly packumentCache corgi:https://registry.npmjs.org/postcss-nesting cache-miss
275 silly packumentCache corgi:https://registry.npmjs.org/postcss-normalize cache-miss
276 silly packumentCache corgi:https://registry.npmjs.org/postcss-normalize-charset cache-miss
277 silly packumentCache corgi:https://registry.npmjs.org/postcss-normalize-display-values cache-miss
278 silly packumentCache corgi:https://registry.npmjs.org/postcss-normalize-positions cache-miss
279 silly packumentCache corgi:https://registry.npmjs.org/postcss-normalize-repeat-style cache-miss
280 silly packumentCache corgi:https://registry.npmjs.org/postcss-normalize-string cache-miss
281 silly packumentCache corgi:https://registry.npmjs.org/postcss-normalize-timing-functions cache-miss
282 silly packumentCache corgi:https://registry.npmjs.org/postcss-normalize-unicode cache-miss
283 silly packumentCache corgi:https://registry.npmjs.org/postcss-normalize-url cache-miss
284 silly packumentCache corgi:https://registry.npmjs.org/postcss-normalize-whitespace cache-miss
285 silly packumentCache corgi:https://registry.npmjs.org/postcss-opacity-percentage cache-miss
286 silly packumentCache corgi:https://registry.npmjs.org/postcss-ordered-values cache-miss
287 silly packumentCache corgi:https://registry.npmjs.org/postcss-overflow-shorthand cache-miss
288 silly packumentCache corgi:https://registry.npmjs.org/postcss-page-break cache-miss
289 silly packumentCache corgi:https://registry.npmjs.org/postcss-place cache-miss
290 silly packumentCache corgi:https://registry.npmjs.org/postcss-preset-env cache-miss
291 silly packumentCache corgi:https://registry.npmjs.org/postcss-pseudo-class-any-link cache-miss
292 silly packumentCache corgi:https://registry.npmjs.org/postcss-reduce-initial cache-miss
293 silly packumentCache corgi:https://registry.npmjs.org/postcss-reduce-transforms cache-miss
294 silly packumentCache corgi:https://registry.npmjs.org/postcss-replace-overflow-wrap cache-miss
295 silly packumentCache corgi:https://registry.npmjs.org/postcss-selector-not cache-miss
296 silly packumentCache corgi:https://registry.npmjs.org/postcss-svgo cache-miss
297 silly packumentCache corgi:https://registry.npmjs.org/postcss-unique-selectors cache-miss
298 silly packumentCache corgi:https://registry.npmjs.org/react-scripts cache-miss
299 silly packumentCache corgi:https://registry.npmjs.org/stylehacks cache-miss
300 silly packumentCache corgi:https://registry.npmjs.org/tailwindcss cache-miss
301 silly packumentCache corgi:https://registry.npmjs.org/postcss-load-config cache-miss
302 http fetch GET 200 https://registry.npmjs.org/@csstools%2fpostcss-cascade-layers 199ms (cache miss)
303 silly packumentCache corgi:https://registry.npmjs.org/@csstools%2fpostcss-cascade-layers set size:undefined disposed:false
304 http fetch GET 200 https://registry.npmjs.org/@csstools%2fpostcss-trigonometric-functions 396ms (cache miss)
305 silly packumentCache corgi:https://registry.npmjs.org/@csstools%2fpostcss-trigonometric-functions set size:undefined disposed:false
306 http fetch GET 200 https://registry.npmjs.org/@csstools%2fpostcss-ic-unit 416ms (cache miss)
307 silly packumentCache corgi:https://registry.npmjs.org/@csstools%2fpostcss-ic-unit set size:undefined disposed:false
308 http fetch GET 200 https://registry.npmjs.org/@csstools%2fpostcss-normalize-display-values 418ms (cache miss)
309 silly packumentCache corgi:https://registry.npmjs.org/@csstools%2fpostcss-normalize-display-values set size:undefined disposed:false
310 http fetch GET 200 https://registry.npmjs.org/@csstools%2fpostcss-stepped-value-functions 419ms (cache miss)
311 silly packumentCache corgi:https://registry.npmjs.org/@csstools%2fpostcss-stepped-value-functions set size:undefined disposed:false
312 http fetch GET 200 https://registry.npmjs.org/@csstools%2fpostcss-unset-value 418ms (cache miss)
313 silly packumentCache corgi:https://registry.npmjs.org/@csstools%2fpostcss-unset-value set size:undefined disposed:false
314 http fetch GET 200 https://registry.npmjs.org/@csstools%2fpostcss-hwb-function 430ms (cache miss)
315 silly packumentCache corgi:https://registry.npmjs.org/@csstools%2fpostcss-hwb-function set size:undefined disposed:false
316 http fetch GET 200 https://registry.npmjs.org/css-blank-pseudo 422ms (cache miss)
317 silly packumentCache corgi:https://registry.npmjs.org/css-blank-pseudo set size:undefined disposed:false
318 http fetch GET 200 https://registry.npmjs.org/css-has-pseudo 447ms (cache miss)
319 silly packumentCache corgi:https://registry.npmjs.org/css-has-pseudo set size:undefined disposed:false
320 http fetch GET 200 https://registry.npmjs.org/@csstools%2fpostcss-color-function 470ms (cache miss)
321 silly packumentCache corgi:https://registry.npmjs.org/@csstools%2fpostcss-color-function set size:undefined disposed:false
322 http fetch GET 200 https://registry.npmjs.org/css-prefers-color-scheme 456ms (cache miss)
323 silly packumentCache corgi:https://registry.npmjs.org/css-prefers-color-scheme set size:undefined disposed:false
324 http fetch GET 200 https://registry.npmjs.org/css-declaration-sorter 465ms (cache miss)
325 silly packumentCache corgi:https://registry.npmjs.org/css-declaration-sorter set size:undefined disposed:false
326 http fetch GET 200 https://registry.npmjs.org/autoprefixer 499ms (cache miss)
327 silly packumentCache corgi:https://registry.npmjs.org/autoprefixer set size:undefined disposed:false
328 http fetch GET 200 https://registry.npmjs.org/css-minimizer-webpack-plugin 567ms (cache miss)
329 silly packumentCache corgi:https://registry.npmjs.org/css-minimizer-webpack-plugin set size:undefined disposed:false
330 http fetch GET 200 https://registry.npmjs.org/cssnano 1248ms (cache miss)
331 silly packumentCache corgi:https://registry.npmjs.org/cssnano set size:undefined disposed:false
332 http fetch GET 200 https://registry.npmjs.org/postcss-attribute-case-insensitive 1401ms (cache miss)
333 silly packumentCache corgi:https://registry.npmjs.org/postcss-attribute-case-insensitive set size:undefined disposed:false
334 http fetch GET 200 https://registry.npmjs.org/@csstools%2fpostcss-font-format-keywords 1497ms (cache miss)
335 silly packumentCache corgi:https://registry.npmjs.org/@csstools%2fpostcss-font-format-keywords set size:undefined disposed:false
336 http fetch GET 200 https://registry.npmjs.org/@csstools%2fpostcss-is-pseudo-class 1543ms (cache miss)
337 silly packumentCache corgi:https://registry.npmjs.org/@csstools%2fpostcss-is-pseudo-class set size:undefined disposed:false
338 http fetch GET 200 https://registry.npmjs.org/icss-utils 1526ms (cache miss)
339 silly packumentCache corgi:https://registry.npmjs.org/icss-utils set size:undefined disposed:false
340 http fetch GET 200 https://registry.npmjs.org/postcss-calc 1526ms (cache miss)
341 silly packumentCache corgi:https://registry.npmjs.org/postcss-calc set size:undefined disposed:false
342 http fetch GET 200 https://registry.npmjs.org/cssnano-utils 1538ms (cache miss)
343 silly packumentCache corgi:https://registry.npmjs.org/cssnano-utils set size:undefined disposed:false
344 http fetch GET 200 https://registry.npmjs.org/postcss-media-minmax 1533ms (cache miss)
345 silly packumentCache corgi:https://registry.npmjs.org/postcss-media-minmax set size:undefined disposed:false
346 http fetch GET 200 https://registry.npmjs.org/@csstools%2fpostcss-nested-calc 1577ms (cache miss)
347 silly packumentCache corgi:https://registry.npmjs.org/@csstools%2fpostcss-nested-calc set size:undefined disposed:false
348 http fetch GET 200 https://registry.npmjs.org/postcss-gap-properties 1566ms (cache miss)
349 silly packumentCache corgi:https://registry.npmjs.org/postcss-gap-properties set size:undefined disposed:false
350 http fetch GET 200 https://registry.npmjs.org/postcss-font-variant 1578ms (cache miss)
351 silly packumentCache corgi:https://registry.npmjs.org/postcss-font-variant set size:undefined disposed:false
352 http fetch GET 200 https://registry.npmjs.org/postcss-focus-visible 1589ms (cache miss)
353 silly packumentCache corgi:https://registry.npmjs.org/postcss-focus-visible set size:undefined disposed:false
354 http fetch GET 200 https://registry.npmjs.org/postcss-browser-comments 1621ms (cache miss)
355 silly packumentCache corgi:https://registry.npmjs.org/postcss-browser-comments set size:undefined disposed:false
356 http fetch GET 200 https://registry.npmjs.org/postcss-dir-pseudo-class 1633ms (cache miss)
357 silly packumentCache corgi:https://registry.npmjs.org/postcss-dir-pseudo-class set size:undefined disposed:false
358 http fetch GET 200 https://registry.npmjs.org/@csstools%2fpostcss-text-decoration-shorthand 1665ms (cache miss)
359 silly packumentCache corgi:https://registry.npmjs.org/@csstools%2fpostcss-text-decoration-shorthand set size:undefined disposed:false
360 http fetch GET 200 https://registry.npmjs.org/postcss-color-hex-alpha 1671ms (cache miss)
361 silly packumentCache corgi:https://registry.npmjs.org/postcss-color-hex-alpha set size:undefined disposed:false
362 http fetch GET 200 https://registry.npmjs.org/@csstools%2fpostcss-oklab-function 1702ms (cache miss)
363 silly packumentCache corgi:https://registry.npmjs.org/@csstools%2fpostcss-oklab-function set size:undefined disposed:false
364 http fetch GET 200 https://registry.npmjs.org/@csstools%2fpostcss-progressive-custom-properties 1704ms (cache miss)
365 silly packumentCache corgi:https://registry.npmjs.org/@csstools%2fpostcss-progressive-custom-properties set size:undefined disposed:false
366 http fetch GET 200 https://registry.npmjs.org/postcss-image-set-function 1674ms (cache miss)
367 silly packumentCache corgi:https://registry.npmjs.org/postcss-image-set-function set size:undefined disposed:false
368 http fetch GET 200 https://registry.npmjs.org/postcss-clamp 1691ms (cache miss)
369 silly packumentCache corgi:https://registry.npmjs.org/postcss-clamp set size:undefined disposed:false
370 http fetch GET 200 https://registry.npmjs.org/postcss-color-rebeccapurple 1698ms (cache miss)
371 silly packumentCache corgi:https://registry.npmjs.org/postcss-color-rebeccapurple set size:undefined disposed:false
372 http fetch GET 200 https://registry.npmjs.org/postcss-js 1688ms (cache miss)
373 silly packumentCache corgi:https://registry.npmjs.org/postcss-js set size:undefined disposed:false
374 http fetch GET 200 https://registry.npmjs.org/postcss-focus-within 1699ms (cache miss)
375 silly packumentCache corgi:https://registry.npmjs.org/postcss-focus-within set size:undefined disposed:false
376 http fetch GET 200 https://registry.npmjs.org/postcss-import 1703ms (cache miss)
377 silly packumentCache corgi:https://registry.npmjs.org/postcss-import set size:undefined disposed:false
378 http fetch GET 200 https://registry.npmjs.org/postcss-color-functional-notation 1726ms (cache miss)
379 silly packumentCache corgi:https://registry.npmjs.org/postcss-color-functional-notation set size:undefined disposed:false
380 http fetch GET 200 https://registry.npmjs.org/postcss-custom-selectors 1735ms (cache miss)
381 silly packumentCache corgi:https://registry.npmjs.org/postcss-custom-selectors set size:undefined disposed:false
382 http fetch GET 200 https://registry.npmjs.org/postcss-double-position-gradients 1741ms (cache miss)
383 silly packumentCache corgi:https://registry.npmjs.org/postcss-double-position-gradients set size:undefined disposed:false
384 http fetch GET 200 https://registry.npmjs.org/postcss-custom-media 1749ms (cache miss)
385 silly packumentCache corgi:https://registry.npmjs.org/postcss-custom-media set size:undefined disposed:false
386 http fetch GET 200 https://registry.npmjs.org/postcss-lab-function 1752ms (cache miss)
387 silly packumentCache corgi:https://registry.npmjs.org/postcss-lab-function set size:undefined disposed:false
388 http fetch GET 200 https://registry.npmjs.org/postcss-initial 1857ms (cache miss)
389 silly packumentCache corgi:https://registry.npmjs.org/postcss-initial set size:undefined disposed:false
390 http fetch GET 200 https://registry.npmjs.org/postcss-discard-duplicates 1994ms (cache miss)
391 silly packumentCache corgi:https://registry.npmjs.org/postcss-discard-duplicates set size:undefined disposed:false
392 http fetch GET 200 https://registry.npmjs.org/postcss-discard-comments 2001ms (cache miss)
393 silly packumentCache corgi:https://registry.npmjs.org/postcss-discard-comments set size:undefined disposed:false
394 http fetch GET 200 https://registry.npmjs.org/postcss-modules-scope 2064ms (cache miss)
395 silly packumentCache corgi:https://registry.npmjs.org/postcss-modules-scope set size:undefined disposed:false
396 http fetch GET 200 https://registry.npmjs.org/postcss-convert-values 2164ms (cache miss)
397 silly packumentCache corgi:https://registry.npmjs.org/postcss-convert-values set size:undefined disposed:false
398 http fetch GET 200 https://registry.npmjs.org/postcss-discard-overridden 2170ms (cache miss)
399 silly packumentCache corgi:https://registry.npmjs.org/postcss-discard-overridden set size:undefined disposed:false
400 http fetch GET 200 https://registry.npmjs.org/postcss-flexbugs-fixes 2174ms (cache miss)
401 silly packumentCache corgi:https://registry.npmjs.org/postcss-flexbugs-fixes set size:undefined disposed:false
402 http fetch GET 200 https://registry.npmjs.org/postcss-merge-rules 2185ms (cache miss)
403 silly packumentCache corgi:https://registry.npmjs.org/postcss-merge-rules set size:undefined disposed:false
404 http fetch GET 200 https://registry.npmjs.org/postcss-loader 2200ms (cache miss)
405 silly packumentCache corgi:https://registry.npmjs.org/postcss-loader set size:undefined disposed:false
406 http fetch GET 200 https://registry.npmjs.org/postcss-logical 2228ms (cache miss)
407 silly packumentCache corgi:https://registry.npmjs.org/postcss-logical set size:undefined disposed:false
408 http fetch GET 200 https://registry.npmjs.org/postcss-minify-font-values 2241ms (cache miss)
409 silly packumentCache corgi:https://registry.npmjs.org/postcss-minify-font-values set size:undefined disposed:false
410 http fetch GET 200 https://registry.npmjs.org/postcss-colormin 2264ms (cache miss)
411 silly packumentCache corgi:https://registry.npmjs.org/postcss-colormin set size:undefined disposed:false
412 http fetch GET 200 https://registry.npmjs.org/postcss-minify-gradients 2251ms (cache miss)
413 silly packumentCache corgi:https://registry.npmjs.org/postcss-minify-gradients set size:undefined disposed:false
414 http fetch GET 200 https://registry.npmjs.org/postcss-env-function 2277ms (cache miss)
415 silly packumentCache corgi:https://registry.npmjs.org/postcss-env-function set size:undefined disposed:false
416 http fetch GET 200 https://registry.npmjs.org/postcss-modules-extract-imports 2266ms (cache miss)
417 silly packumentCache corgi:https://registry.npmjs.org/postcss-modules-extract-imports set size:undefined disposed:false
418 http fetch GET 200 https://registry.npmjs.org/postcss-merge-longhand 2279ms (cache miss)
419 silly packumentCache corgi:https://registry.npmjs.org/postcss-merge-longhand set size:undefined disposed:false
420 http fetch GET 200 https://registry.npmjs.org/postcss-normalize 2277ms (cache miss)
421 silly packumentCache corgi:https://registry.npmjs.org/postcss-normalize set size:undefined disposed:false
422 http fetch GET 200 https://registry.npmjs.org/postcss-modules-local-by-default 2302ms (cache miss)
423 silly packumentCache corgi:https://registry.npmjs.org/postcss-modules-local-by-default set size:undefined disposed:false
424 http fetch GET 200 https://registry.npmjs.org/postcss-modules-values 2317ms (cache miss)
425 silly packumentCache corgi:https://registry.npmjs.org/postcss-modules-values set size:undefined disposed:false
426 http fetch GET 200 https://registry.npmjs.org/postcss-discard-empty 2346ms (cache miss)
427 silly packumentCache corgi:https://registry.npmjs.org/postcss-discard-empty set size:undefined disposed:false
428 http fetch GET 200 https://registry.npmjs.org/postcss-normalize-charset 2332ms (cache miss)
429 silly packumentCache corgi:https://registry.npmjs.org/postcss-normalize-charset set size:undefined disposed:false
430 http fetch GET 200 https://registry.npmjs.org/postcss-overflow-shorthand 2329ms (cache miss)
431 silly packumentCache corgi:https://registry.npmjs.org/postcss-overflow-shorthand set size:undefined disposed:false
432 http fetch GET 200 https://registry.npmjs.org/postcss-nesting 2345ms (cache miss)
433 silly packumentCache corgi:https://registry.npmjs.org/postcss-nesting set size:undefined disposed:false
434 http fetch GET 200 https://registry.npmjs.org/postcss-custom-properties 2384ms (cache miss)
435 silly packumentCache corgi:https://registry.npmjs.org/postcss-custom-properties set size:undefined disposed:false
436 http fetch GET 200 https://registry.npmjs.org/postcss-pseudo-class-any-link 2358ms (cache miss)
437 silly packumentCache corgi:https://registry.npmjs.org/postcss-pseudo-class-any-link set size:undefined disposed:false
438 http fetch GET 200 https://registry.npmjs.org/postcss-page-break 2364ms (cache miss)
439 silly packumentCache corgi:https://registry.npmjs.org/postcss-page-break set size:undefined disposed:false
440 http fetch GET 200 https://registry.npmjs.org/postcss-opacity-percentage 2369ms (cache miss)
441 silly packumentCache corgi:https://registry.npmjs.org/postcss-opacity-percentage set size:undefined disposed:false
442 http fetch GET 200 https://registry.npmjs.org/postcss-nested 2383ms (cache miss)
443 silly packumentCache corgi:https://registry.npmjs.org/postcss-nested set size:undefined disposed:false
444 http fetch GET 200 https://registry.npmjs.org/postcss-minify-selectors 2402ms (cache miss)
445 silly packumentCache corgi:https://registry.npmjs.org/postcss-minify-selectors set size:undefined disposed:false
446 http fetch GET 200 https://registry.npmjs.org/postcss-normalize-repeat-style 2444ms (cache miss)
447 silly packumentCache corgi:https://registry.npmjs.org/postcss-normalize-repeat-style set size:undefined disposed:false
448 http fetch GET 200 https://registry.npmjs.org/postcss-normalize-positions 2491ms (cache miss)
449 silly packumentCache corgi:https://registry.npmjs.org/postcss-normalize-positions set size:undefined disposed:false
450 http fetch GET 200 https://registry.npmjs.org/postcss-replace-overflow-wrap 2482ms (cache miss)
451 silly packumentCache corgi:https://registry.npmjs.org/postcss-replace-overflow-wrap set size:undefined disposed:false
452 http fetch GET 200 https://registry.npmjs.org/postcss-normalize-display-values 2499ms (cache miss)
453 silly packumentCache corgi:https://registry.npmjs.org/postcss-normalize-display-values set size:undefined disposed:false
454 http fetch GET 200 https://registry.npmjs.org/cssnano-preset-default 2545ms (cache miss)
455 silly packumentCache corgi:https://registry.npmjs.org/cssnano-preset-default set size:undefined disposed:false
456 http fetch GET 200 https://registry.npmjs.org/postcss-minify-params 2526ms (cache miss)
457 silly packumentCache corgi:https://registry.npmjs.org/postcss-minify-params set size:undefined disposed:false
458 http fetch GET 200 https://registry.npmjs.org/postcss-selector-not 2522ms (cache miss)
459 silly packumentCache corgi:https://registry.npmjs.org/postcss-selector-not set size:undefined disposed:false
460 http fetch GET 200 https://registry.npmjs.org/postcss-place 2531ms (cache miss)
461 silly packumentCache corgi:https://registry.npmjs.org/postcss-place set size:undefined disposed:false
462 http fetch GET 200 https://registry.npmjs.org/postcss-reduce-initial 2563ms (cache miss)
463 silly packumentCache corgi:https://registry.npmjs.org/postcss-reduce-initial set size:undefined disposed:false
464 http fetch GET 200 https://registry.npmjs.org/postcss-normalize-whitespace 2575ms (cache miss)
465 silly packumentCache corgi:https://registry.npmjs.org/postcss-normalize-whitespace set size:undefined disposed:false
466 http fetch GET 200 https://registry.npmjs.org/postcss-normalize-timing-functions 2584ms (cache miss)
467 silly packumentCache corgi:https://registry.npmjs.org/postcss-normalize-timing-functions set size:undefined disposed:false
468 http fetch GET 200 https://registry.npmjs.org/postcss-normalize-url 2596ms (cache miss)
469 silly packumentCache corgi:https://registry.npmjs.org/postcss-normalize-url set size:undefined disposed:false
470 http fetch GET 200 https://registry.npmjs.org/postcss-normalize-string 2606ms (cache miss)
471 silly packumentCache corgi:https://registry.npmjs.org/postcss-normalize-string set size:undefined disposed:false
472 http fetch GET 200 https://registry.npmjs.org/postcss-normalize-unicode 2616ms (cache miss)
473 silly packumentCache corgi:https://registry.npmjs.org/postcss-normalize-unicode set size:undefined disposed:false
474 http fetch GET 200 https://registry.npmjs.org/postcss-load-config 2616ms (cache miss)
475 silly packumentCache corgi:https://registry.npmjs.org/postcss-load-config set size:undefined disposed:false
476 http fetch GET 200 https://registry.npmjs.org/postcss-reduce-transforms 2627ms (cache miss)
477 silly packumentCache corgi:https://registry.npmjs.org/postcss-reduce-transforms set size:undefined disposed:false
478 http fetch GET 200 https://registry.npmjs.org/css-loader 2682ms (cache miss)
479 silly packumentCache corgi:https://registry.npmjs.org/css-loader set size:undefined disposed:false
480 http fetch GET 200 https://registry.npmjs.org/postcss-ordered-values 2680ms (cache miss)
481 silly packumentCache corgi:https://registry.npmjs.org/postcss-ordered-values set size:undefined disposed:false
482 http fetch GET 200 https://registry.npmjs.org/postcss-svgo 2698ms (cache miss)
483 silly packumentCache corgi:https://registry.npmjs.org/postcss-svgo set size:undefined disposed:false
484 http fetch GET 200 https://registry.npmjs.org/stylehacks 2724ms (cache miss)
485 silly packumentCache corgi:https://registry.npmjs.org/stylehacks set size:undefined disposed:false
486 http fetch GET 200 https://registry.npmjs.org/postcss-unique-selectors 2772ms (cache miss)
487 silly packumentCache corgi:https://registry.npmjs.org/postcss-unique-selectors set size:undefined disposed:false
488 http fetch GET 200 https://registry.npmjs.org/react-scripts 3421ms (cache miss)
489 silly packumentCache corgi:https://registry.npmjs.org/react-scripts set size:undefined disposed:false
490 http fetch GET 200 https://registry.npmjs.org/postcss-preset-env 3463ms (cache miss)
491 silly packumentCache corgi:https://registry.npmjs.org/postcss-preset-env set size:undefined disposed:false
492 http fetch GET 200 https://registry.npmjs.org/tailwindcss 3558ms (cache miss)
493 silly packumentCache corgi:https://registry.npmjs.org/tailwindcss set size:undefined disposed:false
494 silly packumentCache corgi:https://registry.npmjs.org/body-parser cache-miss
495 http fetch GET 200 https://registry.npmjs.org/body-parser 205ms (cache miss)
496 silly packumentCache corgi:https://registry.npmjs.org/body-parser set size:undefined disposed:false
497 silly packumentCache corgi:https://registry.npmjs.org/@rollup%2fplugin-babel cache-miss
498 silly packumentCache corgi:https://registry.npmjs.org/@rollup%2fplugin-node-resolve cache-miss
499 silly packumentCache corgi:https://registry.npmjs.org/@rollup%2fplugin-replace cache-miss
500 silly packumentCache corgi:https://registry.npmjs.org/rollup-plugin-terser cache-miss
501 http fetch GET 200 https://registry.npmjs.org/@rollup%2fplugin-replace 497ms (cache miss)
502 silly packumentCache corgi:https://registry.npmjs.org/@rollup%2fplugin-replace set size:undefined disposed:false
503 http fetch GET 200 https://registry.npmjs.org/@rollup%2fplugin-babel 848ms (cache miss)
504 silly packumentCache corgi:https://registry.npmjs.org/@rollup%2fplugin-babel set size:undefined disposed:false
505 http fetch GET 200 https://registry.npmjs.org/rollup-plugin-terser 862ms (cache miss)
506 silly packumentCache corgi:https://registry.npmjs.org/rollup-plugin-terser set size:undefined disposed:false
507 http fetch GET 200 https://registry.npmjs.org/@rollup%2fplugin-node-resolve 958ms (cache miss)
508 silly packumentCache corgi:https://registry.npmjs.org/@rollup%2fplugin-node-resolve set size:undefined disposed:false
509 silly packumentCache corgi:https://registry.npmjs.org/terser-webpack-plugin cache-miss
510 http fetch GET 200 https://registry.npmjs.org/terser-webpack-plugin 404ms (cache miss)
511 silly packumentCache corgi:https://registry.npmjs.org/terser-webpack-plugin set size:undefined disposed:false
512 silly packumentCache corgi:https://registry.npmjs.org/cosmiconfig cache-miss
513 http fetch GET 200 https://registry.npmjs.org/cosmiconfig 304ms (cache miss)
514 silly packumentCache corgi:https://registry.npmjs.org/cosmiconfig set size:undefined disposed:false
515 silly packumentCache corgi:https://registry.npmjs.org/sockjs cache-miss
516 http fetch GET 200 https://registry.npmjs.org/sockjs 393ms (cache miss)
517 silly packumentCache corgi:https://registry.npmjs.org/sockjs set size:undefined disposed:false
518 silly packumentCache corgi:https://registry.npmjs.org/@pmmmwh%2freact-refresh-webpack-plugin cache-miss
519 http fetch GET 200 https://registry.npmjs.org/@pmmmwh%2freact-refresh-webpack-plugin 353ms (cache miss)
520 silly packumentCache corgi:https://registry.npmjs.org/@pmmmwh%2freact-refresh-webpack-plugin set size:undefined disposed:false
521 silly packumentCache corgi:https://registry.npmjs.org/jsdom cache-miss
522 http fetch GET 200 https://registry.npmjs.org/jsdom 469ms (cache miss)
523 silly packumentCache corgi:https://registry.npmjs.org/jsdom set size:undefined disposed:false
524 silly packumentCache corgi:https://registry.npmjs.org/webpack cache-miss
525 http fetch GET 200 https://registry.npmjs.org/webpack 585ms (cache miss)
526 silly packumentCache corgi:https://registry.npmjs.org/webpack set size:undefined disposed:false
527 silly packumentCache corgi:https://registry.npmjs.org/jest-environment-jsdom cache-miss
528 http fetch GET 200 https://registry.npmjs.org/jest-environment-jsdom 470ms (cache miss)
529 silly packumentCache corgi:https://registry.npmjs.org/jest-environment-jsdom set size:undefined disposed:false
530 silly packumentCache corgi:https://registry.npmjs.org/@svgr%2fplugin-svgo cache-miss
531 http fetch GET 200 https://registry.npmjs.org/@svgr%2fplugin-svgo 572ms (cache miss)
532 silly packumentCache corgi:https://registry.npmjs.org/@svgr%2fplugin-svgo set size:undefined disposed:false
533 silly packumentCache corgi:https://registry.npmjs.org/workbox-webpack-plugin cache-miss
534 http fetch GET 200 https://registry.npmjs.org/workbox-webpack-plugin 392ms (cache miss)
535 silly packumentCache corgi:https://registry.npmjs.org/workbox-webpack-plugin set size:undefined disposed:false
536 silly packumentCache corgi:https://registry.npmjs.org/jest-config cache-miss
537 silly packumentCache corgi:https://registry.npmjs.org/jest-runner cache-miss
538 http fetch GET 200 https://registry.npmjs.org/jest-runner 251ms (cache miss)
539 silly packumentCache corgi:https://registry.npmjs.org/jest-runner set size:undefined disposed:false
540 http fetch GET 200 https://registry.npmjs.org/jest-config 291ms (cache miss)
541 silly packumentCache corgi:https://registry.npmjs.org/jest-config set size:undefined disposed:false
542 silly packumentCache corgi:https://registry.npmjs.org/@svgr%2fwebpack cache-miss
543 http fetch GET 200 https://registry.npmjs.org/@svgr%2fwebpack 150ms (cache miss)
544 silly packumentCache corgi:https://registry.npmjs.org/@svgr%2fwebpack set size:undefined disposed:false
545 silly packumentCache corgi:https://registry.npmjs.org/@jest%2fcore cache-miss
546 http fetch GET 200 https://registry.npmjs.org/@jest%2fcore 583ms (cache miss)
547 silly packumentCache corgi:https://registry.npmjs.org/@jest%2fcore set size:undefined disposed:false
548 silly packumentCache corgi:https://registry.npmjs.org/jest-cli cache-miss
549 http fetch GET 200 https://registry.npmjs.org/jest-cli 452ms (cache miss)
550 silly packumentCache corgi:https://registry.npmjs.org/jest-cli set size:undefined disposed:false
551 silly packumentCache corgi:https://registry.npmjs.org/jest cache-miss
552 http fetch GET 200 https://registry.npmjs.org/jest 326ms (cache miss)
553 silly packumentCache corgi:https://registry.npmjs.org/jest set size:undefined disposed:false
554 silly packumentCache corgi:https://registry.npmjs.org/jest-watch-typeahead cache-miss
555 http fetch GET 200 https://registry.npmjs.org/jest-watch-typeahead 256ms (cache miss)
556 silly packumentCache corgi:https://registry.npmjs.org/jest-watch-typeahead set size:undefined disposed:false
557 silly ADD
558 verbose cwd E:\Abhivyakti\frontend
559 verbose os Windows_NT 10.0.26200
560 verbose node v22.20.0
561 verbose npm  v10.9.3
562 verbose exit 0
563 info ok
